2026-05-22 12:25:46 INFO  c.u.D.DmsAuthServiceApplication - Starting DmsAuthServiceApplication using Java 21.0.6 with PID 29764 (C:\Users\mohammada1\Desktop\Invoice_Project\AuthService\target\classes started by mohammada1 in C:\Users\mohammada1\Desktop\Invoice_Project\AuthService)
2026-05-22 12:25:46 INFO  c.u.D.DmsAuthServiceApplication - The following 1 profile is active: "dev"
2026-05-22 12:25:46 INFO  o.s.b.d.e.DevToolsPropertyDefaultsPostProcessor - Devtools property defaults active! Set 'spring.devtools.add-properties' to 'false' to disable
2026-05-22 12:25:46 INFO  o.s.b.d.e.DevToolsPropertyDefaultsPostProcessor - For additional web related logging consider setting the 'logging.level.web' property to 'DEBUG'
2026-05-22 12:25:47 INFO  o.s.d.r.c.RepositoryConfigurationDelegate - Bootstrapping Spring Data JPA repositories in DEFAULT mode.
2026-05-22 12:25:47 INFO  o.s.d.r.c.RepositoryConfigurationDelegate - Finished Spring Data repository scanning in 92 ms. Found 3 JPA repository interfaces.
2026-05-22 12:25:48 INFO  o.s.b.w.e.tomcat.TomcatWebServer - Tomcat initialized with port 8282 (http)
2026-05-22 12:25:48 INFO  o.a.catalina.core.StandardService - Starting service [Tomcat]
2026-05-22 12:25:48 INFO  o.a.catalina.core.StandardEngine - Starting Servlet engine: [Apache Tomcat/10.1.28]
2026-05-22 12:25:48 INFO  o.a.c.c.C.[.[.[/authService] - Initializing Spring embedded WebApplicationContext
2026-05-22 12:25:48 INFO  o.s.b.w.s.c.ServletWebServerApplicationContext - Root WebApplicationContext: initialization completed in 2356 ms
2026-05-22 12:25:48 INFO  o.h.jpa.internal.util.LogHelper - HHH000204: Processing PersistenceUnitInfo [name: default]
2026-05-22 12:25:48 INFO  org.hibernate.Version - HHH000412: Hibernate ORM core version 6.4.10.Final
2026-05-22 12:25:48 INFO  o.h.c.i.RegionFactoryInitiator - HHH000026: Second-level cache disabled
2026-05-22 12:25:49 INFO  o.s.o.j.p.SpringPersistenceUnitInfo - No LoadTimeWeaver setup: ignoring JPA class transformer
2026-05-22 12:25:49 INFO  com.zaxxer.hikari.HikariDataSource - HikariPool-1 - Starting...
2026-05-22 12:25:49 INFO  com.zaxxer.hikari.pool.HikariPool - HikariPool-1 - Added connection com.mysql.cj.jdbc.ConnectionImpl@1551dcd2
2026-05-22 12:25:49 INFO  com.zaxxer.hikari.HikariDataSource - HikariPool-1 - Start completed.
2026-05-22 12:25:50 INFO  o.h.e.t.j.p.i.JtaPlatformInitiator - HHH000489: No JTA platform available (set 'hibernate.transaction.jta.platform' to enable JTA platform integration)
2026-05-22 12:25:50 INFO  o.s.o.j.LocalContainerEntityManagerFactoryBean - Initialized JPA EntityManagerFactory for persistence unit 'default'
2026-05-22 12:25:51 INFO  o.s.d.j.r.query.QueryEnhancerFactory - Hibernate is in classpath; If applicable, HQL parser will be used.
2026-05-22 12:25:51 TRACE o.s.s.c.a.a.c.AuthenticationConfiguration$EnableGlobalAuthenticationAutowiredConfigurer - Eagerly initializing {securityConfiguration=com.utiitsl.DMSAuthService.config.auth.SecurityConfiguration$$SpringCGLIB$$0@27874ee5}
2026-05-22 12:25:51 DEBUG o.s.s.a.p.PrePostAnnotationSecurityMetadataSource - @org.springframework.security.access.prepost.PreAuthorize("hasAuthority(\'admin:update\')") found on specific method: public org.springframework.http.ResponseEntity com.utiitsl.DMSAuthService.controller.dash.DashController.updateUser(com.utiitsl.DMSAuthService.dto.UserDTO,java.lang.Integer)
2026-05-22 12:25:51 DEBUG o.s.s.a.m.DelegatingMethodSecurityMetadataSource - Caching method [CacheKey[com.utiitsl.DMSAuthService.controller.dash.DashController; public org.springframework.http.ResponseEntity com.utiitsl.DMSAuthService.controller.dash.DashController.updateUser(com.utiitsl.DMSAuthService.dto.UserDTO,java.lang.Integer)]] with attributes [[authorize: 'hasAuthority('admin:update')', filter: 'null', filterTarget: 'null']]
2026-05-22 12:25:51 TRACE o.s.s.a.i.a.MethodSecurityInterceptor - Validated configuration attributes
2026-05-22 12:25:51 DEBUG o.s.s.a.p.PrePostAnnotationSecurityMetadataSource - @org.springframework.security.access.prepost.PreAuthorize("hasAuthority(\'admin:delete\')") found on specific method: public org.springframework.http.ResponseEntity com.utiitsl.DMSAuthService.controller.dash.DashController.deleteUserById(java.lang.Integer)
2026-05-22 12:25:51 DEBUG o.s.s.a.m.DelegatingMethodSecurityMetadataSource - Caching method [CacheKey[com.utiitsl.DMSAuthService.controller.dash.DashController; public org.springframework.http.ResponseEntity com.utiitsl.DMSAuthService.controller.dash.DashController.deleteUserById(java.lang.Integer)]] with attributes [[authorize: 'hasAuthority('admin:delete')', filter: 'null', filterTarget: 'null']]
2026-05-22 12:25:51 DEBUG o.s.s.a.p.PrePostAnnotationSecurityMetadataSource - @org.springframework.security.access.prepost.PreAuthorize("hasRole(\'ROLE_APPLICATION_ADMIN\') or hasRole(\'ROLE_ADMIN\')") found on specific method: public org.springframework.http.ResponseEntity com.utiitsl.DMSAuthService.controller.user.UserController.register(com.utiitsl.DMSAuthService.dto.RegisterRequestDTO,java.lang.String,jakarta.servlet.http.HttpServletRequest)
2026-05-22 12:25:51 DEBUG o.s.s.a.m.DelegatingMethodSecurityMetadataSource - Caching method [CacheKey[com.utiitsl.DMSAuthService.controller.user.UserController; public org.springframework.http.ResponseEntity com.utiitsl.DMSAuthService.controller.user.UserController.register(com.utiitsl.DMSAuthService.dto.RegisterRequestDTO,java.lang.String,jakarta.servlet.http.HttpServletRequest)]] with attributes [[authorize: 'hasRole('ROLE_APPLICATION_ADMIN') or hasRole('ROLE_ADMIN')', filter: 'null', filterTarget: 'null']]
2026-05-22 12:25:51 DEBUG o.s.s.a.p.PrePostAnnotationSecurityMetadataSource - @org.springframework.security.access.prepost.PreAuthorize("hasRole(\'ROLE_APPLICATION_ADMIN\') or hasRole(\'ROLE_ADMIN\')") found on specific method: public org.springframework.http.ResponseEntity com.utiitsl.DMSAuthService.controller.user.UserController.getAllUser(int,int,java.lang.String,jakarta.servlet.http.HttpServletRequest)
2026-05-22 12:25:51 DEBUG o.s.s.a.m.DelegatingMethodSecurityMetadataSource - Caching method [CacheKey[com.utiitsl.DMSAuthService.controller.user.UserController; public org.springframework.http.ResponseEntity com.utiitsl.DMSAuthService.controller.user.UserController.getAllUser(int,int,java.lang.String,jakarta.servlet.http.HttpServletRequest)]] with attributes [[authorize: 'hasRole('ROLE_APPLICATION_ADMIN') or hasRole('ROLE_ADMIN')', filter: 'null', filterTarget: 'null']]
2026-05-22 12:25:51 DEBUG o.s.s.a.p.PrePostAnnotationSecurityMetadataSource - @org.springframework.security.access.prepost.PreAuthorize("hasRole(\'ROLE_APPLICATION_ADMIN\') or hasRole(\'ROLE_ADMIN\')") found on specific method: public org.springframework.http.ResponseEntity com.utiitsl.DMSAuthService.controller.user.UserController.activateDeactivateUser(java.lang.String,boolean)
2026-05-22 12:25:51 DEBUG o.s.s.a.m.DelegatingMethodSecurityMetadataSource - Caching method [CacheKey[com.utiitsl.DMSAuthService.controller.user.UserController; public org.springframework.http.ResponseEntity com.utiitsl.DMSAuthService.controller.user.UserController.activateDeactivateUser(java.lang.String,boolean)]] with attributes [[authorize: 'hasRole('ROLE_APPLICATION_ADMIN') or hasRole('ROLE_ADMIN')', filter: 'null', filterTarget: 'null']]
2026-05-22 12:25:52 WARN  o.s.b.a.o.j.JpaBaseConfiguration$JpaWebConfiguration - spring.jpa.open-in-view is enabled by default. Therefore, database queries may be performed during view rendering. Explicitly configure spring.jpa.open-in-view to disable this warning
2026-05-22 12:25:53 INFO  o.s.s.web.DefaultSecurityFilterChain - Will secure any request with [org.springframework.security.web.session.DisableEncodeUrlFilter@4af33410, org.springframework.security.web.context.request.async.WebAsyncManagerIntegrationFilter@2b5cbdbc, org.springframework.security.web.context.SecurityContextHolderFilter@3ea23852, org.springframework.security.web.header.HeaderWriterFilter@c0a711e, org.springframework.web.filter.CorsFilter@52648963, org.springframework.security.web.authentication.logout.LogoutFilter@120ede9e, org.springframework.security.oauth2.client.web.OAuth2AuthorizationRequestRedirectFilter@6836e225, org.springframework.security.oauth2.client.web.OAuth2LoginAuthenticationFilter@183f2e3c, com.utiitsl.DMSAuthService.config.auth.JwtAuthFilter@76aae8a, org.springframework.security.web.authentication.ui.DefaultLoginPageGeneratingFilter@e2541c7, org.springframework.security.web.authentication.ui.DefaultLogoutPageGeneratingFilter@399421d0, org.springframework.security.web.savedrequest.RequestCacheAwareFilter@235141ca, org.springframework.security.web.servletapi.SecurityContextHolderAwareRequestFilter@5462c6ef, org.springframework.security.web.authentication.AnonymousAuthenticationFilter@6a14c146, org.springframework.security.web.session.SessionManagementFilter@3318376b, org.springframework.security.web.access.ExceptionTranslationFilter@e406b77, org.springframework.security.web.access.intercept.AuthorizationFilter@5ae07f29]
2026-05-22 12:25:53 INFO  o.s.b.d.a.OptionalLiveReloadServer - LiveReload server is running on port 35729
2026-05-22 12:25:53 INFO  o.s.b.w.e.tomcat.TomcatWebServer - Tomcat started on port 8282 (http) with context path '/authService'
2026-05-22 12:25:53 INFO  c.u.D.DmsAuthServiceApplication - Started DmsAuthServiceApplication in 8.43 seconds (process running for 10.748)
2026-05-22 12:26:07 INFO  o.a.tomcat.util.http.parser.Cookie - A cookie header was received [g_state={"i_l":0,"i_ll":1779360621350,"i_e":{"enable_itp_optimization":0},"i_et":1779343190153}] that contained an invalid cookie. That cookie will be ignored.
 Note: further occurrences of this error will be logged at DEBUG level.
2026-05-22 12:26:07 INFO  o.a.c.c.C.[.[.[/authService] - Initializing Spring DispatcherServlet 'dispatcherServlet'
2026-05-22 12:26:07 INFO  o.s.web.servlet.DispatcherServlet - Initializing Servlet 'dispatcherServlet'
2026-05-22 12:26:07 INFO  o.s.web.servlet.DispatcherServlet - Completed initialization in 0 ms
2026-05-22 12:26:07 TRACE o.s.security.web.FilterChainProxy - Trying to match request against DefaultSecurityFilterChain [RequestMatcher=any request, Filters=[org.springframework.security.web.session.DisableEncodeUrlFilter@4af33410, org.springframework.security.web.context.request.async.WebAsyncManagerIntegrationFilter@2b5cbdbc, org.springframework.security.web.context.SecurityContextHolderFilter@3ea23852, org.springframework.security.web.header.HeaderWriterFilter@c0a711e, org.springframework.web.filter.CorsFilter@52648963, org.springframework.security.web.authentication.logout.LogoutFilter@120ede9e, org.springframework.security.oauth2.client.web.OAuth2AuthorizationRequestRedirectFilter@6836e225, org.springframework.security.oauth2.client.web.OAuth2LoginAuthenticationFilter@183f2e3c, com.utiitsl.DMSAuthService.config.auth.JwtAuthFilter@76aae8a, org.springframework.security.web.authentication.ui.DefaultLoginPageGeneratingFilter@e2541c7, org.springframework.security.web.authentication.ui.DefaultLogoutPageGeneratingFilter@399421d0, org.springframework.security.web.savedrequest.RequestCacheAwareFilter@235141ca, org.springframework.security.web.servletapi.SecurityContextHolderAwareRequestFilter@5462c6ef, org.springframework.security.web.authentication.AnonymousAuthenticationFilter@6a14c146, org.springframework.security.web.session.SessionManagementFilter@3318376b, org.springframework.security.web.access.ExceptionTranslationFilter@e406b77, org.springframework.security.web.access.intercept.AuthorizationFilter@5ae07f29]] (1/1)
2026-05-22 12:26:07 DEBUG o.s.security.web.FilterChainProxy - Securing GET /oauth2/authorization/google
2026-05-22 12:26:07 TRACE o.s.security.web.FilterChainProxy - Invoking DisableEncodeUrlFilter (1/17)
2026-05-22 12:26:07 TRACE o.s.security.web.FilterChainProxy - Invoking WebAsyncManagerIntegrationFilter (2/17)
2026-05-22 12:26:07 TRACE o.s.security.web.FilterChainProxy - Invoking SecurityContextHolderFilter (3/17)
2026-05-22 12:26:07 TRACE o.s.security.web.FilterChainProxy - Invoking HeaderWriterFilter (4/17)
2026-05-22 12:26:07 TRACE o.s.security.web.FilterChainProxy - Invoking CorsFilter (5/17)
2026-05-22 12:26:07 TRACE o.s.security.web.FilterChainProxy - Invoking LogoutFilter (6/17)
2026-05-22 12:26:07 TRACE o.s.s.w.a.logout.LogoutFilter - Did not match request to Or [Ant [pattern='/logout', GET], Ant [pattern='/logout', POST], Ant [pattern='/logout', PUT], Ant [pattern='/logout', DELETE]]
2026-05-22 12:26:07 TRACE o.s.security.web.FilterChainProxy - Invoking OAuth2AuthorizationRequestRedirectFilter (7/17)
2026-05-22 12:26:07 DEBUG o.s.s.web.DefaultRedirectStrategy - Redirecting to https://accounts.google.com/o/oauth2/v2/auth?response_type=code&client_id=600473531643-oi3n07dnckl59ckqltksq55ggm0hpjm1.apps.googleusercontent.com&scope=openid%20profile%20email&state=1IPmfp3GZmOPsYYfrM2AoZwIny3waTmlLo1TlLvr0Bg%3D&redirect_uri=http://localhost:8282/authService/login/oauth2/code/google&nonce=0vdka6W2PVwTRC0kqiYP2jN3hrU5tLatfotb4KmGVyU
2026-05-22 12:26:07 TRACE o.s.s.w.h.writers.HstsHeaderWriter - Not injecting HSTS header since it did not match request to [Is Secure]
2026-05-22 12:26:08 TRACE o.s.security.web.FilterChainProxy - Trying to match request against DefaultSecurityFilterChain [RequestMatcher=any request, Filters=[org.springframework.security.web.session.DisableEncodeUrlFilter@4af33410, org.springframework.security.web.context.request.async.WebAsyncManagerIntegrationFilter@2b5cbdbc, org.springframework.security.web.context.SecurityContextHolderFilter@3ea23852, org.springframework.security.web.header.HeaderWriterFilter@c0a711e, org.springframework.web.filter.CorsFilter@52648963, org.springframework.security.web.authentication.logout.LogoutFilter@120ede9e, org.springframework.security.oauth2.client.web.OAuth2AuthorizationRequestRedirectFilter@6836e225, org.springframework.security.oauth2.client.web.OAuth2LoginAuthenticationFilter@183f2e3c, com.utiitsl.DMSAuthService.config.auth.JwtAuthFilter@76aae8a, org.springframework.security.web.authentication.ui.DefaultLoginPageGeneratingFilter@e2541c7, org.springframework.security.web.authentication.ui.DefaultLogoutPageGeneratingFilter@399421d0, org.springframework.security.web.savedrequest.RequestCacheAwareFilter@235141ca, org.springframework.security.web.servletapi.SecurityContextHolderAwareRequestFilter@5462c6ef, org.springframework.security.web.authentication.AnonymousAuthenticationFilter@6a14c146, org.springframework.security.web.session.SessionManagementFilter@3318376b, org.springframework.security.web.access.ExceptionTranslationFilter@e406b77, org.springframework.security.web.access.intercept.AuthorizationFilter@5ae07f29]] (1/1)
2026-05-22 12:26:08 DEBUG o.s.security.web.FilterChainProxy - Securing GET /login/oauth2/code/google?state=1IPmfp3GZmOPsYYfrM2AoZwIny3waTmlLo1TlLvr0Bg%3D&iss=https%3A%2F%2Faccounts.google.com&code=4%2F0AeoWuM_gPHbsmIqWcGok3XOD0zyHfxRAu-5LOue5__RkPvcOoH31DiWOhq5yLp-rsuxp0Q&scope=email+profile+https%3A%2F%2Fwww.googleapis.com%2Fauth%2Fuserinfo.profile+https%3A%2F%2Fwww.googleapis.com%2Fauth%2Fuserinfo.email+openid&authuser=0&prompt=none
2026-05-22 12:26:08 TRACE o.s.security.web.FilterChainProxy - Invoking DisableEncodeUrlFilter (1/17)
2026-05-22 12:26:08 TRACE o.s.security.web.FilterChainProxy - Invoking WebAsyncManagerIntegrationFilter (2/17)
2026-05-22 12:26:08 TRACE o.s.security.web.FilterChainProxy - Invoking SecurityContextHolderFilter (3/17)
2026-05-22 12:26:08 TRACE o.s.security.web.FilterChainProxy - Invoking HeaderWriterFilter (4/17)
2026-05-22 12:26:08 TRACE o.s.security.web.FilterChainProxy - Invoking CorsFilter (5/17)
2026-05-22 12:26:08 TRACE o.s.security.web.FilterChainProxy - Invoking LogoutFilter (6/17)
2026-05-22 12:26:08 TRACE o.s.s.w.a.logout.LogoutFilter - Did not match request to Or [Ant [pattern='/logout', GET], Ant [pattern='/logout', POST], Ant [pattern='/logout', PUT], Ant [pattern='/logout', DELETE]]
2026-05-22 12:26:08 TRACE o.s.security.web.FilterChainProxy - Invoking OAuth2AuthorizationRequestRedirectFilter (7/17)
2026-05-22 12:26:08 TRACE o.s.security.web.FilterChainProxy - Invoking OAuth2LoginAuthenticationFilter (8/17)
2026-05-22 12:26:08 TRACE o.s.s.authentication.ProviderManager - Authenticating request with OAuth2LoginAuthenticationProvider (1/4)
2026-05-22 12:26:08 TRACE o.s.s.authentication.ProviderManager - Authenticating request with OidcAuthorizationCodeAuthenticationProvider (2/4)
2026-05-22 12:26:09 TRACE o.s.s.w.a.s.CompositeSessionAuthenticationStrategy - Preparing session with ChangeSessionIdAuthenticationStrategy (1/1)
2026-05-22 12:26:09 DEBUG o.s.s.w.a.s.ChangeSessionIdAuthenticationStrategy - Changed session id from 86BCC6B32D0E2D0669738B0B12AAEDBD
2026-05-22 12:26:09 DEBUG o.s.s.o.c.w.OAuth2LoginAuthenticationFilter - Set SecurityContextHolder to OAuth2AuthenticationToken [Principal=Name: [112904991832071798607], Granted Authorities: [[OIDC_USER, SCOPE_https://www.googleapis.com/auth/userinfo.email, SCOPE_https://www.googleapis.com/auth/userinfo.profile, SCOPE_openid]], User Attributes: [{at_hash=uubOMDVJl6ahtPj5OaLNBA, sub=112904991832071798607, email_verified=true, iss=https://accounts.google.com, given_name=Atif, nonce=0vdka6W2PVwTRC0kqiYP2jN3hrU5tLatfotb4KmGVyU, picture=https://lh3.googleusercontent.com/a/ACg8ocJqfV1NXUxpL-gAGThwXaYaW4iNgcNlqWpk24paMOOBQs5rOw=s96-c, aud=[600473531643-oi3n07dnckl59ckqltksq55ggm0hpjm1.apps.googleusercontent.com], azp=600473531643-oi3n07dnckl59ckqltksq55ggm0hpjm1.apps.googleusercontent.com, name=Atif, exp=2026-05-22T07:56:08Z, iat=2026-05-22T06:56:08Z, email=atifansari3314@gmail.com}], Credentials=[PROTECTED], Authenticated=true, Details=WebAuthenticationDetails [RemoteIpAddress=127.0.0.1, SessionId=86BCC6B32D0E2D0669738B0B12AAEDBD], Granted Authorities=[OIDC_USER, SCOPE_https://www.googleapis.com/auth/userinfo.email, SCOPE_https://www.googleapis.com/auth/userinfo.profile, SCOPE_openid]]
2026-05-22 12:26:09 TRACE o.s.s.w.h.writers.HstsHeaderWriter - Not injecting HSTS header since it did not match request to [Is Secure]
2026-05-22 12:27:02 TRACE o.s.security.web.FilterChainProxy - Trying to match request against DefaultSecurityFilterChain [RequestMatcher=any request, Filters=[org.springframework.security.web.session.DisableEncodeUrlFilter@4af33410, org.springframework.security.web.context.request.async.WebAsyncManagerIntegrationFilter@2b5cbdbc, org.springframework.security.web.context.SecurityContextHolderFilter@3ea23852, org.springframework.security.web.header.HeaderWriterFilter@c0a711e, org.springframework.web.filter.CorsFilter@52648963, org.springframework.security.web.authentication.logout.LogoutFilter@120ede9e, org.springframework.security.oauth2.client.web.OAuth2AuthorizationRequestRedirectFilter@6836e225, org.springframework.security.oauth2.client.web.OAuth2LoginAuthenticationFilter@183f2e3c, com.utiitsl.DMSAuthService.config.auth.JwtAuthFilter@76aae8a, org.springframework.security.web.authentication.ui.DefaultLoginPageGeneratingFilter@e2541c7, org.springframework.security.web.authentication.ui.DefaultLogoutPageGeneratingFilter@399421d0, org.springframework.security.web.savedrequest.RequestCacheAwareFilter@235141ca, org.springframework.security.web.servletapi.SecurityContextHolderAwareRequestFilter@5462c6ef, org.springframework.security.web.authentication.AnonymousAuthenticationFilter@6a14c146, org.springframework.security.web.session.SessionManagementFilter@3318376b, org.springframework.security.web.access.ExceptionTranslationFilter@e406b77, org.springframework.security.web.access.intercept.AuthorizationFilter@5ae07f29]] (1/1)
2026-05-22 12:27:02 DEBUG o.s.security.web.FilterChainProxy - Securing GET /oauth2/authorization/google
2026-05-22 12:27:02 TRACE o.s.security.web.FilterChainProxy - Invoking DisableEncodeUrlFilter (1/17)
2026-05-22 12:27:02 TRACE o.s.security.web.FilterChainProxy - Invoking WebAsyncManagerIntegrationFilter (2/17)
2026-05-22 12:27:02 TRACE o.s.security.web.FilterChainProxy - Invoking SecurityContextHolderFilter (3/17)
2026-05-22 12:27:02 TRACE o.s.security.web.FilterChainProxy - Invoking HeaderWriterFilter (4/17)
2026-05-22 12:27:02 TRACE o.s.security.web.FilterChainProxy - Invoking CorsFilter (5/17)
2026-05-22 12:27:02 TRACE o.s.security.web.FilterChainProxy - Invoking LogoutFilter (6/17)
2026-05-22 12:27:02 TRACE o.s.s.w.a.logout.LogoutFilter - Did not match request to Or [Ant [pattern='/logout', GET], Ant [pattern='/logout', POST], Ant [pattern='/logout', PUT], Ant [pattern='/logout', DELETE]]
2026-05-22 12:27:02 TRACE o.s.security.web.FilterChainProxy - Invoking OAuth2AuthorizationRequestRedirectFilter (7/17)
2026-05-22 12:27:02 DEBUG o.s.s.web.DefaultRedirectStrategy - Redirecting to https://accounts.google.com/o/oauth2/v2/auth?response_type=code&client_id=600473531643-oi3n07dnckl59ckqltksq55ggm0hpjm1.apps.googleusercontent.com&scope=openid%20profile%20email&state=Q81BsfuFkK_Iifc_OkQYhNvlwRTlWFwjW0LPXPnUCaM%3D&redirect_uri=http://localhost:8282/authService/login/oauth2/code/google&nonce=mge2AOsRN4ffqkj0XEHFQ2kyHXFVViRzocRo79IVqsA
2026-05-22 12:27:02 TRACE o.s.s.w.h.writers.HstsHeaderWriter - Not injecting HSTS header since it did not match request to [Is Secure]
2026-05-22 12:27:03 TRACE o.s.security.web.FilterChainProxy - Trying to match request against DefaultSecurityFilterChain [RequestMatcher=any request, Filters=[org.springframework.security.web.session.DisableEncodeUrlFilter@4af33410, org.springframework.security.web.context.request.async.WebAsyncManagerIntegrationFilter@2b5cbdbc, org.springframework.security.web.context.SecurityContextHolderFilter@3ea23852, org.springframework.security.web.header.HeaderWriterFilter@c0a711e, org.springframework.web.filter.CorsFilter@52648963, org.springframework.security.web.authentication.logout.LogoutFilter@120ede9e, org.springframework.security.oauth2.client.web.OAuth2AuthorizationRequestRedirectFilter@6836e225, org.springframework.security.oauth2.client.web.OAuth2LoginAuthenticationFilter@183f2e3c, com.utiitsl.DMSAuthService.config.auth.JwtAuthFilter@76aae8a, org.springframework.security.web.authentication.ui.DefaultLoginPageGeneratingFilter@e2541c7, org.springframework.security.web.authentication.ui.DefaultLogoutPageGeneratingFilter@399421d0, org.springframework.security.web.savedrequest.RequestCacheAwareFilter@235141ca, org.springframework.security.web.servletapi.SecurityContextHolderAwareRequestFilter@5462c6ef, org.springframework.security.web.authentication.AnonymousAuthenticationFilter@6a14c146, org.springframework.security.web.session.SessionManagementFilter@3318376b, org.springframework.security.web.access.ExceptionTranslationFilter@e406b77, org.springframework.security.web.access.intercept.AuthorizationFilter@5ae07f29]] (1/1)
2026-05-22 12:27:03 DEBUG o.s.security.web.FilterChainProxy - Securing GET /login/oauth2/code/google?state=Q81BsfuFkK_Iifc_OkQYhNvlwRTlWFwjW0LPXPnUCaM%3D&iss=https%3A%2F%2Faccounts.google.com&code=4%2F0AeoWuM9Sh4OlifSdkR_mYKKbElQDpp8MIUwN78lJACaiUkOwDADXm-LnyXXdq-Mq9Jis2Q&scope=email+profile+https%3A%2F%2Fwww.googleapis.com%2Fauth%2Fuserinfo.profile+https%3A%2F%2Fwww.googleapis.com%2Fauth%2Fuserinfo.email+openid&authuser=0&prompt=none
2026-05-22 12:27:03 TRACE o.s.security.web.FilterChainProxy - Invoking DisableEncodeUrlFilter (1/17)
2026-05-22 12:27:03 TRACE o.s.security.web.FilterChainProxy - Invoking WebAsyncManagerIntegrationFilter (2/17)
2026-05-22 12:27:03 TRACE o.s.security.web.FilterChainProxy - Invoking SecurityContextHolderFilter (3/17)
2026-05-22 12:27:03 TRACE o.s.security.web.FilterChainProxy - Invoking HeaderWriterFilter (4/17)
2026-05-22 12:27:03 TRACE o.s.security.web.FilterChainProxy - Invoking CorsFilter (5/17)
2026-05-22 12:27:03 TRACE o.s.security.web.FilterChainProxy - Invoking LogoutFilter (6/17)
2026-05-22 12:27:03 TRACE o.s.s.w.a.logout.LogoutFilter - Did not match request to Or [Ant [pattern='/logout', GET], Ant [pattern='/logout', POST], Ant [pattern='/logout', PUT], Ant [pattern='/logout', DELETE]]
2026-05-22 12:27:03 TRACE o.s.security.web.FilterChainProxy - Invoking OAuth2AuthorizationRequestRedirectFilter (7/17)
2026-05-22 12:27:03 TRACE o.s.security.web.FilterChainProxy - Invoking OAuth2LoginAuthenticationFilter (8/17)
2026-05-22 12:27:03 TRACE o.s.s.authentication.ProviderManager - Authenticating request with OAuth2LoginAuthenticationProvider (1/4)
2026-05-22 12:27:03 TRACE o.s.s.authentication.ProviderManager - Authenticating request with OidcAuthorizationCodeAuthenticationProvider (2/4)
2026-05-22 12:27:03 TRACE o.s.s.w.a.s.CompositeSessionAuthenticationStrategy - Preparing session with ChangeSessionIdAuthenticationStrategy (1/1)
2026-05-22 12:27:03 DEBUG o.s.s.w.a.s.ChangeSessionIdAuthenticationStrategy - Changed session id from B6B1373EC983057A835A53D55CE53E80
2026-05-22 12:27:03 DEBUG o.s.s.o.c.w.OAuth2LoginAuthenticationFilter - Set SecurityContextHolder to OAuth2AuthenticationToken [Principal=Name: [112904991832071798607], Granted Authorities: [[OIDC_USER, SCOPE_https://www.googleapis.com/auth/userinfo.email, SCOPE_https://www.googleapis.com/auth/userinfo.profile, SCOPE_openid]], User Attributes: [{at_hash=TemEXrs6MxvKw8CBT_2lCQ, sub=112904991832071798607, email_verified=true, iss=https://accounts.google.com, given_name=Atif, nonce=mge2AOsRN4ffqkj0XEHFQ2kyHXFVViRzocRo79IVqsA, picture=https://lh3.googleusercontent.com/a/ACg8ocJqfV1NXUxpL-gAGThwXaYaW4iNgcNlqWpk24paMOOBQs5rOw=s96-c, aud=[600473531643-oi3n07dnckl59ckqltksq55ggm0hpjm1.apps.googleusercontent.com], azp=600473531643-oi3n07dnckl59ckqltksq55ggm0hpjm1.apps.googleusercontent.com, name=Atif, exp=2026-05-22T07:57:03Z, iat=2026-05-22T06:57:03Z, email=atifansari3314@gmail.com}], Credentials=[PROTECTED], Authenticated=true, Details=WebAuthenticationDetails [RemoteIpAddress=127.0.0.1, SessionId=B6B1373EC983057A835A53D55CE53E80], Granted Authorities=[OIDC_USER, SCOPE_https://www.googleapis.com/auth/userinfo.email, SCOPE_https://www.googleapis.com/auth/userinfo.profile, SCOPE_openid]]
2026-05-22 12:27:03 TRACE o.s.s.w.h.writers.HstsHeaderWriter - Not injecting HSTS header since it did not match request to [Is Secure]
2026-05-22 12:27:13 TRACE o.s.security.web.FilterChainProxy - Trying to match request against DefaultSecurityFilterChain [RequestMatcher=any request, Filters=[org.springframework.security.web.session.DisableEncodeUrlFilter@4af33410, org.springframework.security.web.context.request.async.WebAsyncManagerIntegrationFilter@2b5cbdbc, org.springframework.security.web.context.SecurityContextHolderFilter@3ea23852, org.springframework.security.web.header.HeaderWriterFilter@c0a711e, org.springframework.web.filter.CorsFilter@52648963, org.springframework.security.web.authentication.logout.LogoutFilter@120ede9e, org.springframework.security.oauth2.client.web.OAuth2AuthorizationRequestRedirectFilter@6836e225, org.springframework.security.oauth2.client.web.OAuth2LoginAuthenticationFilter@183f2e3c, com.utiitsl.DMSAuthService.config.auth.JwtAuthFilter@76aae8a, org.springframework.security.web.authentication.ui.DefaultLoginPageGeneratingFilter@e2541c7, org.springframework.security.web.authentication.ui.DefaultLogoutPageGeneratingFilter@399421d0, org.springframework.security.web.savedrequest.RequestCacheAwareFilter@235141ca, org.springframework.security.web.servletapi.SecurityContextHolderAwareRequestFilter@5462c6ef, org.springframework.security.web.authentication.AnonymousAuthenticationFilter@6a14c146, org.springframework.security.web.session.SessionManagementFilter@3318376b, org.springframework.security.web.access.ExceptionTranslationFilter@e406b77, org.springframework.security.web.access.intercept.AuthorizationFilter@5ae07f29]] (1/1)
2026-05-22 12:27:13 DEBUG o.s.security.web.FilterChainProxy - Securing GET /oauth2/authorization/google
2026-05-22 12:27:13 TRACE o.s.security.web.FilterChainProxy - Invoking DisableEncodeUrlFilter (1/17)
2026-05-22 12:27:13 TRACE o.s.security.web.FilterChainProxy - Invoking WebAsyncManagerIntegrationFilter (2/17)
2026-05-22 12:27:13 TRACE o.s.security.web.FilterChainProxy - Invoking SecurityContextHolderFilter (3/17)
2026-05-22 12:27:13 TRACE o.s.security.web.FilterChainProxy - Invoking HeaderWriterFilter (4/17)
2026-05-22 12:27:13 TRACE o.s.security.web.FilterChainProxy - Invoking CorsFilter (5/17)
2026-05-22 12:27:13 TRACE o.s.security.web.FilterChainProxy - Invoking LogoutFilter (6/17)
2026-05-22 12:27:13 TRACE o.s.s.w.a.logout.LogoutFilter - Did not match request to Or [Ant [pattern='/logout', GET], Ant [pattern='/logout', POST], Ant [pattern='/logout', PUT], Ant [pattern='/logout', DELETE]]
2026-05-22 12:27:13 TRACE o.s.security.web.FilterChainProxy - Invoking OAuth2AuthorizationRequestRedirectFilter (7/17)
2026-05-22 12:27:13 DEBUG o.s.s.web.DefaultRedirectStrategy - Redirecting to https://accounts.google.com/o/oauth2/v2/auth?response_type=code&client_id=600473531643-oi3n07dnckl59ckqltksq55ggm0hpjm1.apps.googleusercontent.com&scope=openid%20profile%20email&state=mAADZVZLhBC8X5JD2KAvg0T5MHKEF4-kiiwaQc13LzY%3D&redirect_uri=http://localhost:8282/authService/login/oauth2/code/google&nonce=IPD-ZWUFbIoR4zrGo7cIglVVdlC2TZFVIHy1947msGw
2026-05-22 12:27:13 TRACE o.s.s.w.h.writers.HstsHeaderWriter - Not injecting HSTS header since it did not match request to [Is Secure]
2026-05-22 12:27:14 TRACE o.s.security.web.FilterChainProxy - Trying to match request against DefaultSecurityFilterChain [RequestMatcher=any request, Filters=[org.springframework.security.web.session.DisableEncodeUrlFilter@4af33410, org.springframework.security.web.context.request.async.WebAsyncManagerIntegrationFilter@2b5cbdbc, org.springframework.security.web.context.SecurityContextHolderFilter@3ea23852, org.springframework.security.web.header.HeaderWriterFilter@c0a711e, org.springframework.web.filter.CorsFilter@52648963, org.springframework.security.web.authentication.logout.LogoutFilter@120ede9e, org.springframework.security.oauth2.client.web.OAuth2AuthorizationRequestRedirectFilter@6836e225, org.springframework.security.oauth2.client.web.OAuth2LoginAuthenticationFilter@183f2e3c, com.utiitsl.DMSAuthService.config.auth.JwtAuthFilter@76aae8a, org.springframework.security.web.authentication.ui.DefaultLoginPageGeneratingFilter@e2541c7, org.springframework.security.web.authentication.ui.DefaultLogoutPageGeneratingFilter@399421d0, org.springframework.security.web.savedrequest.RequestCacheAwareFilter@235141ca, org.springframework.security.web.servletapi.SecurityContextHolderAwareRequestFilter@5462c6ef, org.springframework.security.web.authentication.AnonymousAuthenticationFilter@6a14c146, org.springframework.security.web.session.SessionManagementFilter@3318376b, org.springframework.security.web.access.ExceptionTranslationFilter@e406b77, org.springframework.security.web.access.intercept.AuthorizationFilter@5ae07f29]] (1/1)
2026-05-22 12:27:14 DEBUG o.s.security.web.FilterChainProxy - Securing GET /login/oauth2/code/google?state=mAADZVZLhBC8X5JD2KAvg0T5MHKEF4-kiiwaQc13LzY%3D&iss=https%3A%2F%2Faccounts.google.com&code=4%2F0AeoWuM-tmm5nECagdCcrHb3KP9kbARasOhmZ2YqJ1pfXWNeAVlZjsLFM15Zge2Hx0XYM_Q&scope=email+profile+https%3A%2F%2Fwww.googleapis.com%2Fauth%2Fuserinfo.email+https%3A%2F%2Fwww.googleapis.com%2Fauth%2Fuserinfo.profile+openid&authuser=0&prompt=none
2026-05-22 12:27:14 TRACE o.s.security.web.FilterChainProxy - Invoking DisableEncodeUrlFilter (1/17)
2026-05-22 12:27:14 TRACE o.s.security.web.FilterChainProxy - Invoking WebAsyncManagerIntegrationFilter (2/17)
2026-05-22 12:27:14 TRACE o.s.security.web.FilterChainProxy - Invoking SecurityContextHolderFilter (3/17)
2026-05-22 12:27:14 TRACE o.s.security.web.FilterChainProxy - Invoking HeaderWriterFilter (4/17)
2026-05-22 12:27:14 TRACE o.s.security.web.FilterChainProxy - Invoking CorsFilter (5/17)
2026-05-22 12:27:14 TRACE o.s.security.web.FilterChainProxy - Invoking LogoutFilter (6/17)
2026-05-22 12:27:14 TRACE o.s.s.w.a.logout.LogoutFilter - Did not match request to Or [Ant [pattern='/logout', GET], Ant [pattern='/logout', POST], Ant [pattern='/logout', PUT], Ant [pattern='/logout', DELETE]]
2026-05-22 12:27:14 TRACE o.s.security.web.FilterChainProxy - Invoking OAuth2AuthorizationRequestRedirectFilter (7/17)
2026-05-22 12:27:14 TRACE o.s.security.web.FilterChainProxy - Invoking OAuth2LoginAuthenticationFilter (8/17)
2026-05-22 12:27:14 TRACE o.s.s.authentication.ProviderManager - Authenticating request with OAuth2LoginAuthenticationProvider (1/4)
2026-05-22 12:27:14 TRACE o.s.s.authentication.ProviderManager - Authenticating request with OidcAuthorizationCodeAuthenticationProvider (2/4)
2026-05-22 12:27:14 TRACE o.s.s.w.a.s.CompositeSessionAuthenticationStrategy - Preparing session with ChangeSessionIdAuthenticationStrategy (1/1)
2026-05-22 12:27:14 DEBUG o.s.s.w.a.s.ChangeSessionIdAuthenticationStrategy - Changed session id from 34180ED8596D1E681ADFDF48943B4B59
2026-05-22 12:27:14 DEBUG o.s.s.o.c.w.OAuth2LoginAuthenticationFilter - Set SecurityContextHolder to OAuth2AuthenticationToken [Principal=Name: [112904991832071798607], Granted Authorities: [[OIDC_USER, SCOPE_https://www.googleapis.com/auth/userinfo.email, SCOPE_https://www.googleapis.com/auth/userinfo.profile, SCOPE_openid]], User Attributes: [{at_hash=VXBnaFPqWaLun-u2_aI5uw, sub=112904991832071798607, email_verified=true, iss=https://accounts.google.com, given_name=Atif, nonce=IPD-ZWUFbIoR4zrGo7cIglVVdlC2TZFVIHy1947msGw, picture=https://lh3.googleusercontent.com/a/ACg8ocJqfV1NXUxpL-gAGThwXaYaW4iNgcNlqWpk24paMOOBQs5rOw=s96-c, aud=[600473531643-oi3n07dnckl59ckqltksq55ggm0hpjm1.apps.googleusercontent.com], azp=600473531643-oi3n07dnckl59ckqltksq55ggm0hpjm1.apps.googleusercontent.com, name=Atif, exp=2026-05-22T07:57:14Z, iat=2026-05-22T06:57:14Z, email=atifansari3314@gmail.com}], Credentials=[PROTECTED], Authenticated=true, Details=WebAuthenticationDetails [RemoteIpAddress=127.0.0.1, SessionId=34180ED8596D1E681ADFDF48943B4B59], Granted Authorities=[OIDC_USER, SCOPE_https://www.googleapis.com/auth/userinfo.email, SCOPE_https://www.googleapis.com/auth/userinfo.profile, SCOPE_openid]]
2026-05-22 12:27:14 TRACE o.s.s.w.h.writers.HstsHeaderWriter - Not injecting HSTS header since it did not match request to [Is Secure]
2026-05-22 12:28:31 TRACE o.s.security.web.FilterChainProxy - Trying to match request against DefaultSecurityFilterChain [RequestMatcher=any request, Filters=[org.springframework.security.web.session.DisableEncodeUrlFilter@4af33410, org.springframework.security.web.context.request.async.WebAsyncManagerIntegrationFilter@2b5cbdbc, org.springframework.security.web.context.SecurityContextHolderFilter@3ea23852, org.springframework.security.web.header.HeaderWriterFilter@c0a711e, org.springframework.web.filter.CorsFilter@52648963, org.springframework.security.web.authentication.logout.LogoutFilter@120ede9e, org.springframework.security.oauth2.client.web.OAuth2AuthorizationRequestRedirectFilter@6836e225, org.springframework.security.oauth2.client.web.OAuth2LoginAuthenticationFilter@183f2e3c, com.utiitsl.DMSAuthService.config.auth.JwtAuthFilter@76aae8a, org.springframework.security.web.authentication.ui.DefaultLoginPageGeneratingFilter@e2541c7, org.springframework.security.web.authentication.ui.DefaultLogoutPageGeneratingFilter@399421d0, org.springframework.security.web.savedrequest.RequestCacheAwareFilter@235141ca, org.springframework.security.web.servletapi.SecurityContextHolderAwareRequestFilter@5462c6ef, org.springframework.security.web.authentication.AnonymousAuthenticationFilter@6a14c146, org.springframework.security.web.session.SessionManagementFilter@3318376b, org.springframework.security.web.access.ExceptionTranslationFilter@e406b77, org.springframework.security.web.access.intercept.AuthorizationFilter@5ae07f29]] (1/1)
2026-05-22 12:28:31 DEBUG o.s.security.web.FilterChainProxy - Securing GET /oauth2/authorization/google
2026-05-22 12:28:31 TRACE o.s.security.web.FilterChainProxy - Invoking DisableEncodeUrlFilter (1/17)
2026-05-22 12:28:31 TRACE o.s.security.web.FilterChainProxy - Invoking WebAsyncManagerIntegrationFilter (2/17)
2026-05-22 12:28:31 TRACE o.s.security.web.FilterChainProxy - Invoking SecurityContextHolderFilter (3/17)
2026-05-22 12:28:31 TRACE o.s.security.web.FilterChainProxy - Invoking HeaderWriterFilter (4/17)
2026-05-22 12:28:31 TRACE o.s.security.web.FilterChainProxy - Invoking CorsFilter (5/17)
2026-05-22 12:28:31 TRACE o.s.security.web.FilterChainProxy - Invoking LogoutFilter (6/17)
2026-05-22 12:28:31 TRACE o.s.s.w.a.logout.LogoutFilter - Did not match request to Or [Ant [pattern='/logout', GET], Ant [pattern='/logout', POST], Ant [pattern='/logout', PUT], Ant [pattern='/logout', DELETE]]
2026-05-22 12:28:31 TRACE o.s.security.web.FilterChainProxy - Invoking OAuth2AuthorizationRequestRedirectFilter (7/17)
2026-05-22 12:28:31 DEBUG o.s.s.web.DefaultRedirectStrategy - Redirecting to https://accounts.google.com/o/oauth2/v2/auth?response_type=code&client_id=600473531643-oi3n07dnckl59ckqltksq55ggm0hpjm1.apps.googleusercontent.com&scope=openid%20profile%20email&state=QhnNj1SxK30fWLtbd5NUG3cUGc1mAV4FfMiqkQLPQxA%3D&redirect_uri=http://localhost:8282/authService/login/oauth2/code/google&nonce=1u_aM2ErheQHb0egGd4I3TQzacEA7BDGBhBHimXhHRc
2026-05-22 12:28:31 TRACE o.s.s.w.h.writers.HstsHeaderWriter - Not injecting HSTS header since it did not match request to [Is Secure]
2026-05-22 12:28:31 TRACE o.s.security.web.FilterChainProxy - Trying to match request against DefaultSecurityFilterChain [RequestMatcher=any request, Filters=[org.springframework.security.web.session.DisableEncodeUrlFilter@4af33410, org.springframework.security.web.context.request.async.WebAsyncManagerIntegrationFilter@2b5cbdbc, org.springframework.security.web.context.SecurityContextHolderFilter@3ea23852, org.springframework.security.web.header.HeaderWriterFilter@c0a711e, org.springframework.web.filter.CorsFilter@52648963, org.springframework.security.web.authentication.logout.LogoutFilter@120ede9e, org.springframework.security.oauth2.client.web.OAuth2AuthorizationRequestRedirectFilter@6836e225, org.springframework.security.oauth2.client.web.OAuth2LoginAuthenticationFilter@183f2e3c, com.utiitsl.DMSAuthService.config.auth.JwtAuthFilter@76aae8a, org.springframework.security.web.authentication.ui.DefaultLoginPageGeneratingFilter@e2541c7, org.springframework.security.web.authentication.ui.DefaultLogoutPageGeneratingFilter@399421d0, org.springframework.security.web.savedrequest.RequestCacheAwareFilter@235141ca, org.springframework.security.web.servletapi.SecurityContextHolderAwareRequestFilter@5462c6ef, org.springframework.security.web.authentication.AnonymousAuthenticationFilter@6a14c146, org.springframework.security.web.session.SessionManagementFilter@3318376b, org.springframework.security.web.access.ExceptionTranslationFilter@e406b77, org.springframework.security.web.access.intercept.AuthorizationFilter@5ae07f29]] (1/1)
2026-05-22 12:28:31 DEBUG o.s.security.web.FilterChainProxy - Securing GET /login/oauth2/code/google?state=QhnNj1SxK30fWLtbd5NUG3cUGc1mAV4FfMiqkQLPQxA%3D&iss=https%3A%2F%2Faccounts.google.com&code=4%2F0AeoWuM-qVeuQinuo1tS-HL-ouEYAI0XUbCJso4e3foHx22QKoHWe6yzJt5u8SdSnZrCmow&scope=email+profile+https%3A%2F%2Fwww.googleapis.com%2Fauth%2Fuserinfo.email+https%3A%2F%2Fwww.googleapis.com%2Fauth%2Fuserinfo.profile+openid&authuser=0&prompt=none
2026-05-22 12:28:31 TRACE o.s.security.web.FilterChainProxy - Invoking DisableEncodeUrlFilter (1/17)
2026-05-22 12:28:31 TRACE o.s.security.web.FilterChainProxy - Invoking WebAsyncManagerIntegrationFilter (2/17)
2026-05-22 12:28:31 TRACE o.s.security.web.FilterChainProxy - Invoking SecurityContextHolderFilter (3/17)
2026-05-22 12:28:31 TRACE o.s.security.web.FilterChainProxy - Invoking HeaderWriterFilter (4/17)
2026-05-22 12:28:31 TRACE o.s.security.web.FilterChainProxy - Invoking CorsFilter (5/17)
2026-05-22 12:28:31 TRACE o.s.security.web.FilterChainProxy - Invoking LogoutFilter (6/17)
2026-05-22 12:28:31 TRACE o.s.s.w.a.logout.LogoutFilter - Did not match request to Or [Ant [pattern='/logout', GET], Ant [pattern='/logout', POST], Ant [pattern='/logout', PUT], Ant [pattern='/logout', DELETE]]
2026-05-22 12:28:31 TRACE o.s.security.web.FilterChainProxy - Invoking OAuth2AuthorizationRequestRedirectFilter (7/17)
2026-05-22 12:28:31 TRACE o.s.security.web.FilterChainProxy - Invoking OAuth2LoginAuthenticationFilter (8/17)
2026-05-22 12:28:31 TRACE o.s.s.authentication.ProviderManager - Authenticating request with OAuth2LoginAuthenticationProvider (1/4)
2026-05-22 12:28:31 TRACE o.s.s.authentication.ProviderManager - Authenticating request with OidcAuthorizationCodeAuthenticationProvider (2/4)
2026-05-22 12:28:31 TRACE o.s.s.w.a.s.CompositeSessionAuthenticationStrategy - Preparing session with ChangeSessionIdAuthenticationStrategy (1/1)
2026-05-22 12:28:31 DEBUG o.s.s.w.a.s.ChangeSessionIdAuthenticationStrategy - Changed session id from 9D0979535F6E579C91A3969458610C17
2026-05-22 12:28:31 DEBUG o.s.s.o.c.w.OAuth2LoginAuthenticationFilter - Set SecurityContextHolder to OAuth2AuthenticationToken [Principal=Name: [112904991832071798607], Granted Authorities: [[OIDC_USER, SCOPE_https://www.googleapis.com/auth/userinfo.email, SCOPE_https://www.googleapis.com/auth/userinfo.profile, SCOPE_openid]], User Attributes: [{at_hash=bmp5z7rNQT5wNk8OpKghuQ, sub=112904991832071798607, email_verified=true, iss=https://accounts.google.com, given_name=Atif, nonce=1u_aM2ErheQHb0egGd4I3TQzacEA7BDGBhBHimXhHRc, picture=https://lh3.googleusercontent.com/a/ACg8ocJqfV1NXUxpL-gAGThwXaYaW4iNgcNlqWpk24paMOOBQs5rOw=s96-c, aud=[600473531643-oi3n07dnckl59ckqltksq55ggm0hpjm1.apps.googleusercontent.com], azp=600473531643-oi3n07dnckl59ckqltksq55ggm0hpjm1.apps.googleusercontent.com, name=Atif, exp=2026-05-22T07:58:31Z, iat=2026-05-22T06:58:31Z, email=atifansari3314@gmail.com}], Credentials=[PROTECTED], Authenticated=true, Details=WebAuthenticationDetails [RemoteIpAddress=0:0:0:0:0:0:0:1, SessionId=9D0979535F6E579C91A3969458610C17], Granted Authorities=[OIDC_USER, SCOPE_https://www.googleapis.com/auth/userinfo.email, SCOPE_https://www.googleapis.com/auth/userinfo.profile, SCOPE_openid]]
2026-05-22 12:28:31 TRACE o.s.s.w.h.writers.HstsHeaderWriter - Not injecting HSTS header since it did not match request to [Is Secure]
2026-05-22 12:29:01 TRACE o.s.security.web.FilterChainProxy - Trying to match request against DefaultSecurityFilterChain [RequestMatcher=any request, Filters=[org.springframework.security.web.session.DisableEncodeUrlFilter@4af33410, org.springframework.security.web.context.request.async.WebAsyncManagerIntegrationFilter@2b5cbdbc, org.springframework.security.web.context.SecurityContextHolderFilter@3ea23852, org.springframework.security.web.header.HeaderWriterFilter@c0a711e, org.springframework.web.filter.CorsFilter@52648963, org.springframework.security.web.authentication.logout.LogoutFilter@120ede9e, org.springframework.security.oauth2.client.web.OAuth2AuthorizationRequestRedirectFilter@6836e225, org.springframework.security.oauth2.client.web.OAuth2LoginAuthenticationFilter@183f2e3c, com.utiitsl.DMSAuthService.config.auth.JwtAuthFilter@76aae8a, org.springframework.security.web.authentication.ui.DefaultLoginPageGeneratingFilter@e2541c7, org.springframework.security.web.authentication.ui.DefaultLogoutPageGeneratingFilter@399421d0, org.springframework.security.web.savedrequest.RequestCacheAwareFilter@235141ca, org.springframework.security.web.servletapi.SecurityContextHolderAwareRequestFilter@5462c6ef, org.springframework.security.web.authentication.AnonymousAuthenticationFilter@6a14c146, org.springframework.security.web.session.SessionManagementFilter@3318376b, org.springframework.security.web.access.ExceptionTranslationFilter@e406b77, org.springframework.security.web.access.intercept.AuthorizationFilter@5ae07f29]] (1/1)
2026-05-22 12:29:01 DEBUG o.s.security.web.FilterChainProxy - Securing GET /oauth2/authorization/google
2026-05-22 12:29:01 TRACE o.s.security.web.FilterChainProxy - Invoking DisableEncodeUrlFilter (1/17)
2026-05-22 12:29:01 TRACE o.s.security.web.FilterChainProxy - Invoking WebAsyncManagerIntegrationFilter (2/17)
2026-05-22 12:29:01 TRACE o.s.security.web.FilterChainProxy - Invoking SecurityContextHolderFilter (3/17)
2026-05-22 12:29:01 TRACE o.s.security.web.FilterChainProxy - Invoking HeaderWriterFilter (4/17)
2026-05-22 12:29:01 TRACE o.s.security.web.FilterChainProxy - Invoking CorsFilter (5/17)
2026-05-22 12:29:01 TRACE o.s.security.web.FilterChainProxy - Invoking LogoutFilter (6/17)
2026-05-22 12:29:01 TRACE o.s.s.w.a.logout.LogoutFilter - Did not match request to Or [Ant [pattern='/logout', GET], Ant [pattern='/logout', POST], Ant [pattern='/logout', PUT], Ant [pattern='/logout', DELETE]]
2026-05-22 12:29:01 TRACE o.s.security.web.FilterChainProxy - Invoking OAuth2AuthorizationRequestRedirectFilter (7/17)
2026-05-22 12:29:01 DEBUG o.s.s.web.DefaultRedirectStrategy - Redirecting to https://accounts.google.com/o/oauth2/v2/auth?response_type=code&client_id=600473531643-oi3n07dnckl59ckqltksq55ggm0hpjm1.apps.googleusercontent.com&scope=openid%20profile%20email&state=DaiFsxgaZT5jE1Kp7JrTu4eUw7uZmMBjEw0q9WjLVOg%3D&redirect_uri=http://localhost:8282/authService/login/oauth2/code/google&nonce=qUvjygLTfPdztu0B2dIIOufPkkht_ck_naTyBvV96Tk
2026-05-22 12:29:01 TRACE o.s.s.w.h.writers.HstsHeaderWriter - Not injecting HSTS header since it did not match request to [Is Secure]
2026-05-22 12:30:27 TRACE o.s.security.web.FilterChainProxy - Trying to match request against DefaultSecurityFilterChain [RequestMatcher=any request, Filters=[org.springframework.security.web.session.DisableEncodeUrlFilter@4af33410, org.springframework.security.web.context.request.async.WebAsyncManagerIntegrationFilter@2b5cbdbc, org.springframework.security.web.context.SecurityContextHolderFilter@3ea23852, org.springframework.security.web.header.HeaderWriterFilter@c0a711e, org.springframework.web.filter.CorsFilter@52648963, org.springframework.security.web.authentication.logout.LogoutFilter@120ede9e, org.springframework.security.oauth2.client.web.OAuth2AuthorizationRequestRedirectFilter@6836e225, org.springframework.security.oauth2.client.web.OAuth2LoginAuthenticationFilter@183f2e3c, com.utiitsl.DMSAuthService.config.auth.JwtAuthFilter@76aae8a, org.springframework.security.web.authentication.ui.DefaultLoginPageGeneratingFilter@e2541c7, org.springframework.security.web.authentication.ui.DefaultLogoutPageGeneratingFilter@399421d0, org.springframework.security.web.savedrequest.RequestCacheAwareFilter@235141ca, org.springframework.security.web.servletapi.SecurityContextHolderAwareRequestFilter@5462c6ef, org.springframework.security.web.authentication.AnonymousAuthenticationFilter@6a14c146, org.springframework.security.web.session.SessionManagementFilter@3318376b, org.springframework.security.web.access.ExceptionTranslationFilter@e406b77, org.springframework.security.web.access.intercept.AuthorizationFilter@5ae07f29]] (1/1)
2026-05-22 12:30:27 DEBUG o.s.security.web.FilterChainProxy - Securing GET /login/oauth2/code/google?state=DaiFsxgaZT5jE1Kp7JrTu4eUw7uZmMBjEw0q9WjLVOg%3D&iss=https%3A%2F%2Faccounts.google.com&code=4%2F0AeoWuM_OHiIfyTeXau9p-UOG_rGpgX993JR51pnZ2XjTAyVWkVa8pAWP08-bNE5bxQKZqQ&scope=email+profile+https%3A%2F%2Fwww.googleapis.com%2Fauth%2Fuserinfo.profile+https%3A%2F%2Fwww.googleapis.com%2Fauth%2Fuserinfo.email+openid&authuser=0&prompt=consent
2026-05-22 12:30:27 TRACE o.s.security.web.FilterChainProxy - Invoking DisableEncodeUrlFilter (1/17)
2026-05-22 12:30:27 TRACE o.s.security.web.FilterChainProxy - Invoking WebAsyncManagerIntegrationFilter (2/17)
2026-05-22 12:30:27 TRACE o.s.security.web.FilterChainProxy - Invoking SecurityContextHolderFilter (3/17)
2026-05-22 12:30:27 TRACE o.s.security.web.FilterChainProxy - Invoking HeaderWriterFilter (4/17)
2026-05-22 12:30:27 TRACE o.s.security.web.FilterChainProxy - Invoking CorsFilter (5/17)
2026-05-22 12:30:27 TRACE o.s.security.web.FilterChainProxy - Invoking LogoutFilter (6/17)
2026-05-22 12:30:27 TRACE o.s.s.w.a.logout.LogoutFilter - Did not match request to Or [Ant [pattern='/logout', GET], Ant [pattern='/logout', POST], Ant [pattern='/logout', PUT], Ant [pattern='/logout', DELETE]]
2026-05-22 12:30:27 TRACE o.s.security.web.FilterChainProxy - Invoking OAuth2AuthorizationRequestRedirectFilter (7/17)
2026-05-22 12:30:27 TRACE o.s.security.web.FilterChainProxy - Invoking OAuth2LoginAuthenticationFilter (8/17)
2026-05-22 12:30:27 TRACE o.s.s.authentication.ProviderManager - Authenticating request with OAuth2LoginAuthenticationProvider (1/4)
2026-05-22 12:30:27 TRACE o.s.s.authentication.ProviderManager - Authenticating request with OidcAuthorizationCodeAuthenticationProvider (2/4)
2026-05-22 12:30:27 TRACE o.s.s.w.a.s.CompositeSessionAuthenticationStrategy - Preparing session with ChangeSessionIdAuthenticationStrategy (1/1)
2026-05-22 12:30:27 DEBUG o.s.s.w.a.s.ChangeSessionIdAuthenticationStrategy - Changed session id from C0C3818FBA6AE56CEE7CDD419C7131E4
2026-05-22 12:30:27 DEBUG o.s.s.o.c.w.OAuth2LoginAuthenticationFilter - Set SecurityContextHolder to OAuth2AuthenticationToken [Principal=Name: [106355568675083849667], Granted Authorities: [[OIDC_USER, SCOPE_https://www.googleapis.com/auth/userinfo.email, SCOPE_https://www.googleapis.com/auth/userinfo.profile, SCOPE_openid]], User Attributes: [{at_hash=OPuW6YCjNkMrikWUeRADjg, sub=106355568675083849667, email_verified=true, iss=https://accounts.google.com, given_name=Tanveer, nonce=qUvjygLTfPdztu0B2dIIOufPkkht_ck_naTyBvV96Tk, picture=https://lh3.googleusercontent.com/a/ACg8ocJ-g6PRiU-MR-VpZ0qO_fRj5cJmhFj5Vg7aowVeawJwi8IrUA=s96-c, aud=[600473531643-oi3n07dnckl59ckqltksq55ggm0hpjm1.apps.googleusercontent.com], azp=600473531643-oi3n07dnckl59ckqltksq55ggm0hpjm1.apps.googleusercontent.com, name=Tanveer, exp=2026-05-22T08:00:27Z, iat=2026-05-22T07:00:27Z, email=mdtanveer3314@gmail.com}], Credentials=[PROTECTED], Authenticated=true, Details=WebAuthenticationDetails [RemoteIpAddress=0:0:0:0:0:0:0:1, SessionId=C0C3818FBA6AE56CEE7CDD419C7131E4], Granted Authorities=[OIDC_USER, SCOPE_https://www.googleapis.com/auth/userinfo.email, SCOPE_https://www.googleapis.com/auth/userinfo.profile, SCOPE_openid]]
2026-05-22 12:30:27 TRACE o.s.s.w.h.writers.HstsHeaderWriter - Not injecting HSTS header since it did not match request to [Is Secure]
2026-05-22 12:30:31 TRACE o.s.security.web.FilterChainProxy - Trying to match request against DefaultSecurityFilterChain [RequestMatcher=any request, Filters=[org.springframework.security.web.session.DisableEncodeUrlFilter@4af33410, org.springframework.security.web.context.request.async.WebAsyncManagerIntegrationFilter@2b5cbdbc, org.springframework.security.web.context.SecurityContextHolderFilter@3ea23852, org.springframework.security.web.header.HeaderWriterFilter@c0a711e, org.springframework.web.filter.CorsFilter@52648963, org.springframework.security.web.authentication.logout.LogoutFilter@120ede9e, org.springframework.security.oauth2.client.web.OAuth2AuthorizationRequestRedirectFilter@6836e225, org.springframework.security.oauth2.client.web.OAuth2LoginAuthenticationFilter@183f2e3c, com.utiitsl.DMSAuthService.config.auth.JwtAuthFilter@76aae8a, org.springframework.security.web.authentication.ui.DefaultLoginPageGeneratingFilter@e2541c7, org.springframework.security.web.authentication.ui.DefaultLogoutPageGeneratingFilter@399421d0, org.springframework.security.web.savedrequest.RequestCacheAwareFilter@235141ca, org.springframework.security.web.servletapi.SecurityContextHolderAwareRequestFilter@5462c6ef, org.springframework.security.web.authentication.AnonymousAuthenticationFilter@6a14c146, org.springframework.security.web.session.SessionManagementFilter@3318376b, org.springframework.security.web.access.ExceptionTranslationFilter@e406b77, org.springframework.security.web.access.intercept.AuthorizationFilter@5ae07f29]] (1/1)
2026-05-22 12:30:31 DEBUG o.s.security.web.FilterChainProxy - Securing GET /oauth2/authorization/google
2026-05-22 12:30:31 TRACE o.s.security.web.FilterChainProxy - Invoking DisableEncodeUrlFilter (1/17)
2026-05-22 12:30:31 TRACE o.s.security.web.FilterChainProxy - Invoking WebAsyncManagerIntegrationFilter (2/17)
2026-05-22 12:30:31 TRACE o.s.security.web.FilterChainProxy - Invoking SecurityContextHolderFilter (3/17)
2026-05-22 12:30:31 TRACE o.s.security.web.FilterChainProxy - Invoking HeaderWriterFilter (4/17)
2026-05-22 12:30:31 TRACE o.s.security.web.FilterChainProxy - Invoking CorsFilter (5/17)
2026-05-22 12:30:31 TRACE o.s.security.web.FilterChainProxy - Invoking LogoutFilter (6/17)
2026-05-22 12:30:31 TRACE o.s.s.w.a.logout.LogoutFilter - Did not match request to Or [Ant [pattern='/logout', GET], Ant [pattern='/logout', POST], Ant [pattern='/logout', PUT], Ant [pattern='/logout', DELETE]]
2026-05-22 12:30:31 TRACE o.s.security.web.FilterChainProxy - Invoking OAuth2AuthorizationRequestRedirectFilter (7/17)
2026-05-22 12:30:31 DEBUG o.s.s.web.DefaultRedirectStrategy - Redirecting to https://accounts.google.com/o/oauth2/v2/auth?response_type=code&client_id=600473531643-oi3n07dnckl59ckqltksq55ggm0hpjm1.apps.googleusercontent.com&scope=openid%20profile%20email&state=bX1r8bqE1To5YpjBb1QKi6uLgDyv9DWtLinyaLgKvbw%3D&redirect_uri=http://localhost:8282/authService/login/oauth2/code/google&nonce=LmmBPu2XS1LXb2BEyzNTm8jqy8aYDsK2huQd8ZllR_c
2026-05-22 12:30:31 TRACE o.s.s.w.h.writers.HstsHeaderWriter - Not injecting HSTS header since it did not match request to [Is Secure]
2026-05-22 12:30:31 TRACE o.s.security.web.FilterChainProxy - Trying to match request against DefaultSecurityFilterChain [RequestMatcher=any request, Filters=[org.springframework.security.web.session.DisableEncodeUrlFilter@4af33410, org.springframework.security.web.context.request.async.WebAsyncManagerIntegrationFilter@2b5cbdbc, org.springframework.security.web.context.SecurityContextHolderFilter@3ea23852, org.springframework.security.web.header.HeaderWriterFilter@c0a711e, org.springframework.web.filter.CorsFilter@52648963, org.springframework.security.web.authentication.logout.LogoutFilter@120ede9e, org.springframework.security.oauth2.client.web.OAuth2AuthorizationRequestRedirectFilter@6836e225, org.springframework.security.oauth2.client.web.OAuth2LoginAuthenticationFilter@183f2e3c, com.utiitsl.DMSAuthService.config.auth.JwtAuthFilter@76aae8a, org.springframework.security.web.authentication.ui.DefaultLoginPageGeneratingFilter@e2541c7, org.springframework.security.web.authentication.ui.DefaultLogoutPageGeneratingFilter@399421d0, org.springframework.security.web.savedrequest.RequestCacheAwareFilter@235141ca, org.springframework.security.web.servletapi.SecurityContextHolderAwareRequestFilter@5462c6ef, org.springframework.security.web.authentication.AnonymousAuthenticationFilter@6a14c146, org.springframework.security.web.session.SessionManagementFilter@3318376b, org.springframework.security.web.access.ExceptionTranslationFilter@e406b77, org.springframework.security.web.access.intercept.AuthorizationFilter@5ae07f29]] (1/1)
2026-05-22 12:30:31 DEBUG o.s.security.web.FilterChainProxy - Securing GET /login/oauth2/code/google?state=bX1r8bqE1To5YpjBb1QKi6uLgDyv9DWtLinyaLgKvbw%3D&iss=https%3A%2F%2Faccounts.google.com&code=4%2F0AeoWuM-20C4Ch8B9nfrSPFdvEYFK3PKPHTRQWeCi2tfwaHfF5V520UNP5cjH7JABoZiG3A&scope=email+profile+https%3A%2F%2Fwww.googleapis.com%2Fauth%2Fuserinfo.profile+https%3A%2F%2Fwww.googleapis.com%2Fauth%2Fuserinfo.email+openid&authuser=0&prompt=none
2026-05-22 12:30:31 TRACE o.s.security.web.FilterChainProxy - Invoking DisableEncodeUrlFilter (1/17)
2026-05-22 12:30:31 TRACE o.s.security.web.FilterChainProxy - Invoking WebAsyncManagerIntegrationFilter (2/17)
2026-05-22 12:30:31 TRACE o.s.security.web.FilterChainProxy - Invoking SecurityContextHolderFilter (3/17)
2026-05-22 12:30:31 TRACE o.s.security.web.FilterChainProxy - Invoking HeaderWriterFilter (4/17)
2026-05-22 12:30:31 TRACE o.s.security.web.FilterChainProxy - Invoking CorsFilter (5/17)
2026-05-22 12:30:31 TRACE o.s.security.web.FilterChainProxy - Invoking LogoutFilter (6/17)
2026-05-22 12:30:31 TRACE o.s.s.w.a.logout.LogoutFilter - Did not match request to Or [Ant [pattern='/logout', GET], Ant [pattern='/logout', POST], Ant [pattern='/logout', PUT], Ant [pattern='/logout', DELETE]]
2026-05-22 12:30:31 TRACE o.s.security.web.FilterChainProxy - Invoking OAuth2AuthorizationRequestRedirectFilter (7/17)
2026-05-22 12:30:31 TRACE o.s.security.web.FilterChainProxy - Invoking OAuth2LoginAuthenticationFilter (8/17)
2026-05-22 12:30:31 TRACE o.s.s.authentication.ProviderManager - Authenticating request with OAuth2LoginAuthenticationProvider (1/4)
2026-05-22 12:30:31 TRACE o.s.s.authentication.ProviderManager - Authenticating request with OidcAuthorizationCodeAuthenticationProvider (2/4)
2026-05-22 12:30:31 TRACE o.s.s.w.a.s.CompositeSessionAuthenticationStrategy - Preparing session with ChangeSessionIdAuthenticationStrategy (1/1)
2026-05-22 12:30:31 DEBUG o.s.s.w.a.s.ChangeSessionIdAuthenticationStrategy - Changed session id from A669CD53AF287ED00901BAA6DBB2EC88
2026-05-22 12:30:31 DEBUG o.s.s.o.c.w.OAuth2LoginAuthenticationFilter - Set SecurityContextHolder to OAuth2AuthenticationToken [Principal=Name: [106355568675083849667], Granted Authorities: [[OIDC_USER, SCOPE_https://www.googleapis.com/auth/userinfo.email, SCOPE_https://www.googleapis.com/auth/userinfo.profile, SCOPE_openid]], User Attributes: [{at_hash=c3tKgoGW5-Pk5Xme9jobYw, sub=106355568675083849667, email_verified=true, iss=https://accounts.google.com, given_name=Tanveer, nonce=LmmBPu2XS1LXb2BEyzNTm8jqy8aYDsK2huQd8ZllR_c, picture=https://lh3.googleusercontent.com/a/ACg8ocJ-g6PRiU-MR-VpZ0qO_fRj5cJmhFj5Vg7aowVeawJwi8IrUA=s96-c, aud=[600473531643-oi3n07dnckl59ckqltksq55ggm0hpjm1.apps.googleusercontent.com], azp=600473531643-oi3n07dnckl59ckqltksq55ggm0hpjm1.apps.googleusercontent.com, name=Tanveer, exp=2026-05-22T08:00:31Z, iat=2026-05-22T07:00:31Z, email=mdtanveer3314@gmail.com}], Credentials=[PROTECTED], Authenticated=true, Details=WebAuthenticationDetails [RemoteIpAddress=0:0:0:0:0:0:0:1, SessionId=A669CD53AF287ED00901BAA6DBB2EC88], Granted Authorities=[OIDC_USER, SCOPE_https://www.googleapis.com/auth/userinfo.email, SCOPE_https://www.googleapis.com/auth/userinfo.profile, SCOPE_openid]]
2026-05-22 12:30:31 TRACE o.s.s.w.h.writers.HstsHeaderWriter - Not injecting HSTS header since it did not match request to [Is Secure]
2026-05-22 12:30:36 TRACE o.s.security.web.FilterChainProxy - Trying to match request against DefaultSecurityFilterChain [RequestMatcher=any request, Filters=[org.springframework.security.web.session.DisableEncodeUrlFilter@4af33410, org.springframework.security.web.context.request.async.WebAsyncManagerIntegrationFilter@2b5cbdbc, org.springframework.security.web.context.SecurityContextHolderFilter@3ea23852, org.springframework.security.web.header.HeaderWriterFilter@c0a711e, org.springframework.web.filter.CorsFilter@52648963, org.springframework.security.web.authentication.logout.LogoutFilter@120ede9e, org.springframework.security.oauth2.client.web.OAuth2AuthorizationRequestRedirectFilter@6836e225, org.springframework.security.oauth2.client.web.OAuth2LoginAuthenticationFilter@183f2e3c, com.utiitsl.DMSAuthService.config.auth.JwtAuthFilter@76aae8a, org.springframework.security.web.authentication.ui.DefaultLoginPageGeneratingFilter@e2541c7, org.springframework.security.web.authentication.ui.DefaultLogoutPageGeneratingFilter@399421d0, org.springframework.security.web.savedrequest.RequestCacheAwareFilter@235141ca, org.springframework.security.web.servletapi.SecurityContextHolderAwareRequestFilter@5462c6ef, org.springframework.security.web.authentication.AnonymousAuthenticationFilter@6a14c146, org.springframework.security.web.session.SessionManagementFilter@3318376b, org.springframework.security.web.access.ExceptionTranslationFilter@e406b77, org.springframework.security.web.access.intercept.AuthorizationFilter@5ae07f29]] (1/1)
2026-05-22 12:30:36 DEBUG o.s.security.web.FilterChainProxy - Securing GET /oauth2/authorization/google
2026-05-22 12:30:36 TRACE o.s.security.web.FilterChainProxy - Invoking DisableEncodeUrlFilter (1/17)
2026-05-22 12:30:36 TRACE o.s.security.web.FilterChainProxy - Invoking WebAsyncManagerIntegrationFilter (2/17)
2026-05-22 12:30:36 TRACE o.s.security.web.FilterChainProxy - Invoking SecurityContextHolderFilter (3/17)
2026-05-22 12:30:36 TRACE o.s.security.web.FilterChainProxy - Invoking HeaderWriterFilter (4/17)
2026-05-22 12:30:36 TRACE o.s.security.web.FilterChainProxy - Invoking CorsFilter (5/17)
2026-05-22 12:30:36 TRACE o.s.security.web.FilterChainProxy - Invoking LogoutFilter (6/17)
2026-05-22 12:30:36 TRACE o.s.s.w.a.logout.LogoutFilter - Did not match request to Or [Ant [pattern='/logout', GET], Ant [pattern='/logout', POST], Ant [pattern='/logout', PUT], Ant [pattern='/logout', DELETE]]
2026-05-22 12:30:36 TRACE o.s.security.web.FilterChainProxy - Invoking OAuth2AuthorizationRequestRedirectFilter (7/17)
2026-05-22 12:30:36 DEBUG o.s.s.web.DefaultRedirectStrategy - Redirecting to https://accounts.google.com/o/oauth2/v2/auth?response_type=code&client_id=600473531643-oi3n07dnckl59ckqltksq55ggm0hpjm1.apps.googleusercontent.com&scope=openid%20profile%20email&state=fel0ooDa7yLmqhttOcY2nz1OQBf8ofgpbGXMT503CCY%3D&redirect_uri=http://localhost:8282/authService/login/oauth2/code/google&nonce=uyI4W_yx2HMJ5thywWwpjFuKM11NHBF3JtxLXCXHa4E
2026-05-22 12:30:36 TRACE o.s.s.w.h.writers.HstsHeaderWriter - Not injecting HSTS header since it did not match request to [Is Secure]
2026-05-22 12:30:37 TRACE o.s.security.web.FilterChainProxy - Trying to match request against DefaultSecurityFilterChain [RequestMatcher=any request, Filters=[org.springframework.security.web.session.DisableEncodeUrlFilter@4af33410, org.springframework.security.web.context.request.async.WebAsyncManagerIntegrationFilter@2b5cbdbc, org.springframework.security.web.context.SecurityContextHolderFilter@3ea23852, org.springframework.security.web.header.HeaderWriterFilter@c0a711e, org.springframework.web.filter.CorsFilter@52648963, org.springframework.security.web.authentication.logout.LogoutFilter@120ede9e, org.springframework.security.oauth2.client.web.OAuth2AuthorizationRequestRedirectFilter@6836e225, org.springframework.security.oauth2.client.web.OAuth2LoginAuthenticationFilter@183f2e3c, com.utiitsl.DMSAuthService.config.auth.JwtAuthFilter@76aae8a, org.springframework.security.web.authentication.ui.DefaultLoginPageGeneratingFilter@e2541c7, org.springframework.security.web.authentication.ui.DefaultLogoutPageGeneratingFilter@399421d0, org.springframework.security.web.savedrequest.RequestCacheAwareFilter@235141ca, org.springframework.security.web.servletapi.SecurityContextHolderAwareRequestFilter@5462c6ef, org.springframework.security.web.authentication.AnonymousAuthenticationFilter@6a14c146, org.springframework.security.web.session.SessionManagementFilter@3318376b, org.springframework.security.web.access.ExceptionTranslationFilter@e406b77, org.springframework.security.web.access.intercept.AuthorizationFilter@5ae07f29]] (1/1)
2026-05-22 12:30:37 DEBUG o.s.security.web.FilterChainProxy - Securing GET /login/oauth2/code/google?state=fel0ooDa7yLmqhttOcY2nz1OQBf8ofgpbGXMT503CCY%3D&iss=https%3A%2F%2Faccounts.google.com&code=4%2F0AeoWuM85DbDUGw28xh0byR2d6uLXITY44MkgTOTbaXdH9lpScTfDTNXTW6doijedoXlKYw&scope=email+profile+https%3A%2F%2Fwww.googleapis.com%2Fauth%2Fuserinfo.profile+openid+https%3A%2F%2Fwww.googleapis.com%2Fauth%2Fuserinfo.email&authuser=0&prompt=none
2026-05-22 12:30:37 TRACE o.s.security.web.FilterChainProxy - Invoking DisableEncodeUrlFilter (1/17)
2026-05-22 12:30:37 TRACE o.s.security.web.FilterChainProxy - Invoking WebAsyncManagerIntegrationFilter (2/17)
2026-05-22 12:30:37 TRACE o.s.security.web.FilterChainProxy - Invoking SecurityContextHolderFilter (3/17)
2026-05-22 12:30:37 TRACE o.s.security.web.FilterChainProxy - Invoking HeaderWriterFilter (4/17)
2026-05-22 12:30:37 TRACE o.s.security.web.FilterChainProxy - Invoking CorsFilter (5/17)
2026-05-22 12:30:37 TRACE o.s.security.web.FilterChainProxy - Invoking LogoutFilter (6/17)
2026-05-22 12:30:37 TRACE o.s.s.w.a.logout.LogoutFilter - Did not match request to Or [Ant [pattern='/logout', GET], Ant [pattern='/logout', POST], Ant [pattern='/logout', PUT], Ant [pattern='/logout', DELETE]]
2026-05-22 12:30:37 TRACE o.s.security.web.FilterChainProxy - Invoking OAuth2AuthorizationRequestRedirectFilter (7/17)
2026-05-22 12:30:37 TRACE o.s.security.web.FilterChainProxy - Invoking OAuth2LoginAuthenticationFilter (8/17)
2026-05-22 12:30:37 TRACE o.s.s.authentication.ProviderManager - Authenticating request with OAuth2LoginAuthenticationProvider (1/4)
2026-05-22 12:30:37 TRACE o.s.s.authentication.ProviderManager - Authenticating request with OidcAuthorizationCodeAuthenticationProvider (2/4)
2026-05-22 12:30:37 TRACE o.s.s.w.a.s.CompositeSessionAuthenticationStrategy - Preparing session with ChangeSessionIdAuthenticationStrategy (1/1)
2026-05-22 12:30:37 DEBUG o.s.s.w.a.s.ChangeSessionIdAuthenticationStrategy - Changed session id from 7AC1E9A3319245CBBA712E668B68B79C
2026-05-22 12:30:37 DEBUG o.s.s.o.c.w.OAuth2LoginAuthenticationFilter - Set SecurityContextHolder to OAuth2AuthenticationToken [Principal=Name: [106355568675083849667], Granted Authorities: [[OIDC_USER, SCOPE_https://www.googleapis.com/auth/userinfo.email, SCOPE_https://www.googleapis.com/auth/userinfo.profile, SCOPE_openid]], User Attributes: [{at_hash=js3TwTT2piWs28k0-7y2PA, sub=106355568675083849667, email_verified=true, iss=https://accounts.google.com, given_name=Tanveer, nonce=uyI4W_yx2HMJ5thywWwpjFuKM11NHBF3JtxLXCXHa4E, picture=https://lh3.googleusercontent.com/a/ACg8ocJ-g6PRiU-MR-VpZ0qO_fRj5cJmhFj5Vg7aowVeawJwi8IrUA=s96-c, aud=[600473531643-oi3n07dnckl59ckqltksq55ggm0hpjm1.apps.googleusercontent.com], azp=600473531643-oi3n07dnckl59ckqltksq55ggm0hpjm1.apps.googleusercontent.com, name=Tanveer, exp=2026-05-22T08:00:37Z, iat=2026-05-22T07:00:37Z, email=mdtanveer3314@gmail.com}], Credentials=[PROTECTED], Authenticated=true, Details=WebAuthenticationDetails [RemoteIpAddress=0:0:0:0:0:0:0:1, SessionId=7AC1E9A3319245CBBA712E668B68B79C], Granted Authorities=[OIDC_USER, SCOPE_https://www.googleapis.com/auth/userinfo.email, SCOPE_https://www.googleapis.com/auth/userinfo.profile, SCOPE_openid]]
2026-05-22 12:30:37 TRACE o.s.s.w.h.writers.HstsHeaderWriter - Not injecting HSTS header since it did not match request to [Is Secure]
2026-05-22 12:30:48 TRACE o.s.security.web.FilterChainProxy - Trying to match request against DefaultSecurityFilterChain [RequestMatcher=any request, Filters=[org.springframework.security.web.session.DisableEncodeUrlFilter@4af33410, org.springframework.security.web.context.request.async.WebAsyncManagerIntegrationFilter@2b5cbdbc, org.springframework.security.web.context.SecurityContextHolderFilter@3ea23852, org.springframework.security.web.header.HeaderWriterFilter@c0a711e, org.springframework.web.filter.CorsFilter@52648963, org.springframework.security.web.authentication.logout.LogoutFilter@120ede9e, org.springframework.security.oauth2.client.web.OAuth2AuthorizationRequestRedirectFilter@6836e225, org.springframework.security.oauth2.client.web.OAuth2LoginAuthenticationFilter@183f2e3c, com.utiitsl.DMSAuthService.config.auth.JwtAuthFilter@76aae8a, org.springframework.security.web.authentication.ui.DefaultLoginPageGeneratingFilter@e2541c7, org.springframework.security.web.authentication.ui.DefaultLogoutPageGeneratingFilter@399421d0, org.springframework.security.web.savedrequest.RequestCacheAwareFilter@235141ca, org.springframework.security.web.servletapi.SecurityContextHolderAwareRequestFilter@5462c6ef, org.springframework.security.web.authentication.AnonymousAuthenticationFilter@6a14c146, org.springframework.security.web.session.SessionManagementFilter@3318376b, org.springframework.security.web.access.ExceptionTranslationFilter@e406b77, org.springframework.security.web.access.intercept.AuthorizationFilter@5ae07f29]] (1/1)
2026-05-22 12:30:48 DEBUG o.s.security.web.FilterChainProxy - Securing GET /oauth2/authorization/google
2026-05-22 12:30:48 TRACE o.s.security.web.FilterChainProxy - Invoking DisableEncodeUrlFilter (1/17)
2026-05-22 12:30:48 TRACE o.s.security.web.FilterChainProxy - Invoking WebAsyncManagerIntegrationFilter (2/17)
2026-05-22 12:30:48 TRACE o.s.security.web.FilterChainProxy - Invoking SecurityContextHolderFilter (3/17)
2026-05-22 12:30:48 TRACE o.s.security.web.FilterChainProxy - Invoking HeaderWriterFilter (4/17)
2026-05-22 12:30:48 TRACE o.s.security.web.FilterChainProxy - Invoking CorsFilter (5/17)
2026-05-22 12:30:48 TRACE o.s.security.web.FilterChainProxy - Invoking LogoutFilter (6/17)
2026-05-22 12:30:48 TRACE o.s.s.w.a.logout.LogoutFilter - Did not match request to Or [Ant [pattern='/logout', GET], Ant [pattern='/logout', POST], Ant [pattern='/logout', PUT], Ant [pattern='/logout', DELETE]]
2026-05-22 12:30:48 TRACE o.s.security.web.FilterChainProxy - Invoking OAuth2AuthorizationRequestRedirectFilter (7/17)
2026-05-22 12:30:48 DEBUG o.s.s.web.DefaultRedirectStrategy - Redirecting to https://accounts.google.com/o/oauth2/v2/auth?response_type=code&client_id=600473531643-oi3n07dnckl59ckqltksq55ggm0hpjm1.apps.googleusercontent.com&scope=openid%20profile%20email&state=YY2E9Hh3jX_b_jVT21sJXnkTKRIZ7ZR454mcRYLkSRY%3D&redirect_uri=http://localhost:8282/authService/login/oauth2/code/google&nonce=WlVS_RUFofSIJ622Z8jtowqLb_mYwfGs41760ft9S7U
2026-05-22 12:30:48 TRACE o.s.s.w.h.writers.HstsHeaderWriter - Not injecting HSTS header since it did not match request to [Is Secure]
2026-05-22 12:30:48 TRACE o.s.security.web.FilterChainProxy - Trying to match request against DefaultSecurityFilterChain [RequestMatcher=any request, Filters=[org.springframework.security.web.session.DisableEncodeUrlFilter@4af33410, org.springframework.security.web.context.request.async.WebAsyncManagerIntegrationFilter@2b5cbdbc, org.springframework.security.web.context.SecurityContextHolderFilter@3ea23852, org.springframework.security.web.header.HeaderWriterFilter@c0a711e, org.springframework.web.filter.CorsFilter@52648963, org.springframework.security.web.authentication.logout.LogoutFilter@120ede9e, org.springframework.security.oauth2.client.web.OAuth2AuthorizationRequestRedirectFilter@6836e225, org.springframework.security.oauth2.client.web.OAuth2LoginAuthenticationFilter@183f2e3c, com.utiitsl.DMSAuthService.config.auth.JwtAuthFilter@76aae8a, org.springframework.security.web.authentication.ui.DefaultLoginPageGeneratingFilter@e2541c7, org.springframework.security.web.authentication.ui.DefaultLogoutPageGeneratingFilter@399421d0, org.springframework.security.web.savedrequest.RequestCacheAwareFilter@235141ca, org.springframework.security.web.servletapi.SecurityContextHolderAwareRequestFilter@5462c6ef, org.springframework.security.web.authentication.AnonymousAuthenticationFilter@6a14c146, org.springframework.security.web.session.SessionManagementFilter@3318376b, org.springframework.security.web.access.ExceptionTranslationFilter@e406b77, org.springframework.security.web.access.intercept.AuthorizationFilter@5ae07f29]] (1/1)
2026-05-22 12:30:48 DEBUG o.s.security.web.FilterChainProxy - Securing GET /login/oauth2/code/google?state=YY2E9Hh3jX_b_jVT21sJXnkTKRIZ7ZR454mcRYLkSRY%3D&iss=https%3A%2F%2Faccounts.google.com&code=4%2F0AeoWuM8Udy8UQZl79UCXg3pjMAfeog9jeZlexIsjnk6cVJ-t7PsF_DO8XLmkZm2hJeMxBQ&scope=email+profile+https%3A%2F%2Fwww.googleapis.com%2Fauth%2Fuserinfo.email+openid+https%3A%2F%2Fwww.googleapis.com%2Fauth%2Fuserinfo.profile&authuser=0&prompt=none
2026-05-22 12:30:48 TRACE o.s.security.web.FilterChainProxy - Invoking DisableEncodeUrlFilter (1/17)
2026-05-22 12:30:48 TRACE o.s.security.web.FilterChainProxy - Invoking WebAsyncManagerIntegrationFilter (2/17)
2026-05-22 12:30:48 TRACE o.s.security.web.FilterChainProxy - Invoking SecurityContextHolderFilter (3/17)
2026-05-22 12:30:48 TRACE o.s.security.web.FilterChainProxy - Invoking HeaderWriterFilter (4/17)
2026-05-22 12:30:48 TRACE o.s.security.web.FilterChainProxy - Invoking CorsFilter (5/17)
2026-05-22 12:30:48 TRACE o.s.security.web.FilterChainProxy - Invoking LogoutFilter (6/17)
2026-05-22 12:30:48 TRACE o.s.s.w.a.logout.LogoutFilter - Did not match request to Or [Ant [pattern='/logout', GET], Ant [pattern='/logout', POST], Ant [pattern='/logout', PUT], Ant [pattern='/logout', DELETE]]
2026-05-22 12:30:48 TRACE o.s.security.web.FilterChainProxy - Invoking OAuth2AuthorizationRequestRedirectFilter (7/17)
2026-05-22 12:30:48 TRACE o.s.security.web.FilterChainProxy - Invoking OAuth2LoginAuthenticationFilter (8/17)
2026-05-22 12:30:48 TRACE o.s.s.authentication.ProviderManager - Authenticating request with OAuth2LoginAuthenticationProvider (1/4)
2026-05-22 12:30:48 TRACE o.s.s.authentication.ProviderManager - Authenticating request with OidcAuthorizationCodeAuthenticationProvider (2/4)
2026-05-22 12:30:49 TRACE o.s.s.w.a.s.CompositeSessionAuthenticationStrategy - Preparing session with ChangeSessionIdAuthenticationStrategy (1/1)
2026-05-22 12:30:49 DEBUG o.s.s.w.a.s.ChangeSessionIdAuthenticationStrategy - Changed session id from FCF8CB34909AB43237FDC116610CDEC1
2026-05-22 12:30:49 DEBUG o.s.s.o.c.w.OAuth2LoginAuthenticationFilter - Set SecurityContextHolder to OAuth2AuthenticationToken [Principal=Name: [106355568675083849667], Granted Authorities: [[OIDC_USER, SCOPE_https://www.googleapis.com/auth/userinfo.email, SCOPE_https://www.googleapis.com/auth/userinfo.profile, SCOPE_openid]], User Attributes: [{at_hash=wBx1hV88fjH0AWLOg77xPQ, sub=106355568675083849667, email_verified=true, iss=https://accounts.google.com, given_name=Tanveer, nonce=WlVS_RUFofSIJ622Z8jtowqLb_mYwfGs41760ft9S7U, picture=https://lh3.googleusercontent.com/a/ACg8ocJ-g6PRiU-MR-VpZ0qO_fRj5cJmhFj5Vg7aowVeawJwi8IrUA=s96-c, aud=[600473531643-oi3n07dnckl59ckqltksq55ggm0hpjm1.apps.googleusercontent.com], azp=600473531643-oi3n07dnckl59ckqltksq55ggm0hpjm1.apps.googleusercontent.com, name=Tanveer, exp=2026-05-22T08:00:49Z, iat=2026-05-22T07:00:49Z, email=mdtanveer3314@gmail.com}], Credentials=[PROTECTED], Authenticated=true, Details=WebAuthenticationDetails [RemoteIpAddress=0:0:0:0:0:0:0:1, SessionId=FCF8CB34909AB43237FDC116610CDEC1], Granted Authorities=[OIDC_USER, SCOPE_https://www.googleapis.com/auth/userinfo.email, SCOPE_https://www.googleapis.com/auth/userinfo.profile, SCOPE_openid]]
2026-05-22 12:30:49 TRACE o.s.s.w.h.writers.HstsHeaderWriter - Not injecting HSTS header since it did not match request to [Is Secure]
2026-05-22 12:30:54 TRACE o.s.security.web.FilterChainProxy - Trying to match request against DefaultSecurityFilterChain [RequestMatcher=any request, Filters=[org.springframework.security.web.session.DisableEncodeUrlFilter@4af33410, org.springframework.security.web.context.request.async.WebAsyncManagerIntegrationFilter@2b5cbdbc, org.springframework.security.web.context.SecurityContextHolderFilter@3ea23852, org.springframework.security.web.header.HeaderWriterFilter@c0a711e, org.springframework.web.filter.CorsFilter@52648963, org.springframework.security.web.authentication.logout.LogoutFilter@120ede9e, org.springframework.security.oauth2.client.web.OAuth2AuthorizationRequestRedirectFilter@6836e225, org.springframework.security.oauth2.client.web.OAuth2LoginAuthenticationFilter@183f2e3c, com.utiitsl.DMSAuthService.config.auth.JwtAuthFilter@76aae8a, org.springframework.security.web.authentication.ui.DefaultLoginPageGeneratingFilter@e2541c7, org.springframework.security.web.authentication.ui.DefaultLogoutPageGeneratingFilter@399421d0, org.springframework.security.web.savedrequest.RequestCacheAwareFilter@235141ca, org.springframework.security.web.servletapi.SecurityContextHolderAwareRequestFilter@5462c6ef, org.springframework.security.web.authentication.AnonymousAuthenticationFilter@6a14c146, org.springframework.security.web.session.SessionManagementFilter@3318376b, org.springframework.security.web.access.ExceptionTranslationFilter@e406b77, org.springframework.security.web.access.intercept.AuthorizationFilter@5ae07f29]] (1/1)
2026-05-22 12:30:54 DEBUG o.s.security.web.FilterChainProxy - Securing GET /oauth2/authorization/google
2026-05-22 12:30:54 TRACE o.s.security.web.FilterChainProxy - Invoking DisableEncodeUrlFilter (1/17)
2026-05-22 12:30:54 TRACE o.s.security.web.FilterChainProxy - Invoking WebAsyncManagerIntegrationFilter (2/17)
2026-05-22 12:30:54 TRACE o.s.security.web.FilterChainProxy - Invoking SecurityContextHolderFilter (3/17)
2026-05-22 12:30:54 TRACE o.s.security.web.FilterChainProxy - Invoking HeaderWriterFilter (4/17)
2026-05-22 12:30:54 TRACE o.s.security.web.FilterChainProxy - Invoking CorsFilter (5/17)
2026-05-22 12:30:54 TRACE o.s.security.web.FilterChainProxy - Invoking LogoutFilter (6/17)
2026-05-22 12:30:54 TRACE o.s.s.w.a.logout.LogoutFilter - Did not match request to Or [Ant [pattern='/logout', GET], Ant [pattern='/logout', POST], Ant [pattern='/logout', PUT], Ant [pattern='/logout', DELETE]]
2026-05-22 12:30:54 TRACE o.s.security.web.FilterChainProxy - Invoking OAuth2AuthorizationRequestRedirectFilter (7/17)
2026-05-22 12:30:54 DEBUG o.s.s.web.DefaultRedirectStrategy - Redirecting to https://accounts.google.com/o/oauth2/v2/auth?response_type=code&client_id=600473531643-oi3n07dnckl59ckqltksq55ggm0hpjm1.apps.googleusercontent.com&scope=openid%20profile%20email&state=chdugw_K2SfDu4NBF5DzTtTzbIgdPRImnE21ditRIoA%3D&redirect_uri=http://localhost:8282/authService/login/oauth2/code/google&nonce=Lb7tdTX6AxlA6GaxNdvzk_HRXIaeU1f76qTzxKyOUEg
2026-05-22 12:30:54 TRACE o.s.s.w.h.writers.HstsHeaderWriter - Not injecting HSTS header since it did not match request to [Is Secure]
2026-05-22 12:30:54 TRACE o.s.security.web.FilterChainProxy - Trying to match request against DefaultSecurityFilterChain [RequestMatcher=any request, Filters=[org.springframework.security.web.session.DisableEncodeUrlFilter@4af33410, org.springframework.security.web.context.request.async.WebAsyncManagerIntegrationFilter@2b5cbdbc, org.springframework.security.web.context.SecurityContextHolderFilter@3ea23852, org.springframework.security.web.header.HeaderWriterFilter@c0a711e, org.springframework.web.filter.CorsFilter@52648963, org.springframework.security.web.authentication.logout.LogoutFilter@120ede9e, org.springframework.security.oauth2.client.web.OAuth2AuthorizationRequestRedirectFilter@6836e225, org.springframework.security.oauth2.client.web.OAuth2LoginAuthenticationFilter@183f2e3c, com.utiitsl.DMSAuthService.config.auth.JwtAuthFilter@76aae8a, org.springframework.security.web.authentication.ui.DefaultLoginPageGeneratingFilter@e2541c7, org.springframework.security.web.authentication.ui.DefaultLogoutPageGeneratingFilter@399421d0, org.springframework.security.web.savedrequest.RequestCacheAwareFilter@235141ca, org.springframework.security.web.servletapi.SecurityContextHolderAwareRequestFilter@5462c6ef, org.springframework.security.web.authentication.AnonymousAuthenticationFilter@6a14c146, org.springframework.security.web.session.SessionManagementFilter@3318376b, org.springframework.security.web.access.ExceptionTranslationFilter@e406b77, org.springframework.security.web.access.intercept.AuthorizationFilter@5ae07f29]] (1/1)
2026-05-22 12:30:54 DEBUG o.s.security.web.FilterChainProxy - Securing GET /login/oauth2/code/google?state=chdugw_K2SfDu4NBF5DzTtTzbIgdPRImnE21ditRIoA%3D&iss=https%3A%2F%2Faccounts.google.com&code=4%2F0AeoWuM91pIRMo4m7l0qMtpvOsIvnIRD-c5t4S55VLW7gem5YSzubFUWc9bdg8i9MoF9CBA&scope=email+profile+https%3A%2F%2Fwww.googleapis.com%2Fauth%2Fuserinfo.email+https%3A%2F%2Fwww.googleapis.com%2Fauth%2Fuserinfo.profile+openid&authuser=0&prompt=none
2026-05-22 12:30:54 TRACE o.s.security.web.FilterChainProxy - Invoking DisableEncodeUrlFilter (1/17)
2026-05-22 12:30:54 TRACE o.s.security.web.FilterChainProxy - Invoking WebAsyncManagerIntegrationFilter (2/17)
2026-05-22 12:30:54 TRACE o.s.security.web.FilterChainProxy - Invoking SecurityContextHolderFilter (3/17)
2026-05-22 12:30:54 TRACE o.s.security.web.FilterChainProxy - Invoking HeaderWriterFilter (4/17)
2026-05-22 12:30:54 TRACE o.s.security.web.FilterChainProxy - Invoking CorsFilter (5/17)
2026-05-22 12:30:54 TRACE o.s.security.web.FilterChainProxy - Invoking LogoutFilter (6/17)
2026-05-22 12:30:54 TRACE o.s.s.w.a.logout.LogoutFilter - Did not match request to Or [Ant [pattern='/logout', GET], Ant [pattern='/logout', POST], Ant [pattern='/logout', PUT], Ant [pattern='/logout', DELETE]]
2026-05-22 12:30:54 TRACE o.s.security.web.FilterChainProxy - Invoking OAuth2AuthorizationRequestRedirectFilter (7/17)
2026-05-22 12:30:54 TRACE o.s.security.web.FilterChainProxy - Invoking OAuth2LoginAuthenticationFilter (8/17)
2026-05-22 12:30:54 TRACE o.s.s.authentication.ProviderManager - Authenticating request with OAuth2LoginAuthenticationProvider (1/4)
2026-05-22 12:30:54 TRACE o.s.s.authentication.ProviderManager - Authenticating request with OidcAuthorizationCodeAuthenticationProvider (2/4)
2026-05-22 12:30:54 TRACE o.s.s.w.a.s.CompositeSessionAuthenticationStrategy - Preparing session with ChangeSessionIdAuthenticationStrategy (1/1)
2026-05-22 12:30:54 DEBUG o.s.s.w.a.s.ChangeSessionIdAuthenticationStrategy - Changed session id from 4030E7245537310CCD2E995CBBF242C7
2026-05-22 12:30:54 DEBUG o.s.s.o.c.w.OAuth2LoginAuthenticationFilter - Set SecurityContextHolder to OAuth2AuthenticationToken [Principal=Name: [106355568675083849667], Granted Authorities: [[OIDC_USER, SCOPE_https://www.googleapis.com/auth/userinfo.email, SCOPE_https://www.googleapis.com/auth/userinfo.profile, SCOPE_openid]], User Attributes: [{at_hash=c58vi8S_Frld9QaEQvrKaw, sub=106355568675083849667, email_verified=true, iss=https://accounts.google.com, given_name=Tanveer, nonce=Lb7tdTX6AxlA6GaxNdvzk_HRXIaeU1f76qTzxKyOUEg, picture=https://lh3.googleusercontent.com/a/ACg8ocJ-g6PRiU-MR-VpZ0qO_fRj5cJmhFj5Vg7aowVeawJwi8IrUA=s96-c, aud=[600473531643-oi3n07dnckl59ckqltksq55ggm0hpjm1.apps.googleusercontent.com], azp=600473531643-oi3n07dnckl59ckqltksq55ggm0hpjm1.apps.googleusercontent.com, name=Tanveer, exp=2026-05-22T08:00:54Z, iat=2026-05-22T07:00:54Z, email=mdtanveer3314@gmail.com}], Credentials=[PROTECTED], Authenticated=true, Details=WebAuthenticationDetails [RemoteIpAddress=0:0:0:0:0:0:0:1, SessionId=4030E7245537310CCD2E995CBBF242C7], Granted Authorities=[OIDC_USER, SCOPE_https://www.googleapis.com/auth/userinfo.email, SCOPE_https://www.googleapis.com/auth/userinfo.profile, SCOPE_openid]]
2026-05-22 12:30:54 TRACE o.s.s.w.h.writers.HstsHeaderWriter - Not injecting HSTS header since it did not match request to [Is Secure]
2026-05-22 12:37:37 INFO  o.s.o.j.LocalContainerEntityManagerFactoryBean - Closing JPA EntityManagerFactory for persistence unit 'default'
2026-05-22 12:37:37 INFO  com.zaxxer.hikari.HikariDataSource - HikariPool-1 - Shutdown initiated...
2026-05-22 12:37:37 INFO  com.zaxxer.hikari.HikariDataSource - HikariPool-1 - Shutdown completed.
2026-05-22 12:37:46 INFO  c.u.D.DmsAuthServiceApplication - Starting DmsAuthServiceApplication using Java 21.0.6 with PID 28160 (C:\Users\mohammada1\Desktop\Invoice_Project\AuthService\target\classes started by mohammada1 in C:\Users\mohammada1\Desktop\Invoice_Project\AuthService)
2026-05-22 12:37:46 INFO  c.u.D.DmsAuthServiceApplication - The following 1 profile is active: "dev"
2026-05-22 12:37:46 INFO  o.s.b.d.e.DevToolsPropertyDefaultsPostProcessor - Devtools property defaults active! Set 'spring.devtools.add-properties' to 'false' to disable
2026-05-22 12:37:46 INFO  o.s.b.d.e.DevToolsPropertyDefaultsPostProcessor - For additional web related logging consider setting the 'logging.level.web' property to 'DEBUG'
2026-05-22 12:37:47 INFO  o.s.d.r.c.RepositoryConfigurationDelegate - Bootstrapping Spring Data JPA repositories in DEFAULT mode.
2026-05-22 12:37:47 INFO  o.s.d.r.c.RepositoryConfigurationDelegate - Finished Spring Data repository scanning in 120 ms. Found 3 JPA repository interfaces.
2026-05-22 12:37:49 INFO  o.s.b.w.e.tomcat.TomcatWebServer - Tomcat initialized with port 8282 (http)
2026-05-22 12:37:49 INFO  o.a.catalina.core.StandardService - Starting service [Tomcat]
2026-05-22 12:37:49 INFO  o.a.catalina.core.StandardEngine - Starting Servlet engine: [Apache Tomcat/10.1.28]
2026-05-22 12:37:49 INFO  o.a.c.c.C.[.[.[/authService] - Initializing Spring embedded WebApplicationContext
2026-05-22 12:37:49 INFO  o.s.b.w.s.c.ServletWebServerApplicationContext - Root WebApplicationContext: initialization completed in 2935 ms
2026-05-22 12:37:49 INFO  o.h.jpa.internal.util.LogHelper - HHH000204: Processing PersistenceUnitInfo [name: default]
2026-05-22 12:37:49 INFO  org.hibernate.Version - HHH000412: Hibernate ORM core version 6.4.10.Final
2026-05-22 12:37:49 INFO  o.h.c.i.RegionFactoryInitiator - HHH000026: Second-level cache disabled
2026-05-22 12:37:49 INFO  o.s.o.j.p.SpringPersistenceUnitInfo - No LoadTimeWeaver setup: ignoring JPA class transformer
2026-05-22 12:37:49 INFO  com.zaxxer.hikari.HikariDataSource - HikariPool-1 - Starting...
2026-05-22 12:37:50 INFO  com.zaxxer.hikari.pool.HikariPool - HikariPool-1 - Added connection com.mysql.cj.jdbc.ConnectionImpl@7030ca4a
2026-05-22 12:37:50 INFO  com.zaxxer.hikari.HikariDataSource - HikariPool-1 - Start completed.
2026-05-22 12:37:51 INFO  o.h.e.t.j.p.i.JtaPlatformInitiator - HHH000489: No JTA platform available (set 'hibernate.transaction.jta.platform' to enable JTA platform integration)
2026-05-22 12:37:51 INFO  o.s.o.j.LocalContainerEntityManagerFactoryBean - Initialized JPA EntityManagerFactory for persistence unit 'default'
2026-05-22 12:37:52 INFO  o.s.d.j.r.query.QueryEnhancerFactory - Hibernate is in classpath; If applicable, HQL parser will be used.
2026-05-22 12:37:52 TRACE o.s.s.c.a.a.c.AuthenticationConfiguration$EnableGlobalAuthenticationAutowiredConfigurer - Eagerly initializing {securityConfiguration=com.utiitsl.DMSAuthService.config.auth.SecurityConfiguration$$SpringCGLIB$$0@4e259fd0}
2026-05-22 12:37:53 DEBUG o.s.s.a.p.PrePostAnnotationSecurityMetadataSource - @org.springframework.security.access.prepost.PreAuthorize("hasAuthority(\'admin:delete\')") found on specific method: public org.springframework.http.ResponseEntity com.utiitsl.DMSAuthService.controller.dash.DashController.deleteUserById(java.lang.Integer)
2026-05-22 12:37:53 DEBUG o.s.s.a.m.DelegatingMethodSecurityMetadataSource - Caching method [CacheKey[com.utiitsl.DMSAuthService.controller.dash.DashController; public org.springframework.http.ResponseEntity com.utiitsl.DMSAuthService.controller.dash.DashController.deleteUserById(java.lang.Integer)]] with attributes [[authorize: 'hasAuthority('admin:delete')', filter: 'null', filterTarget: 'null']]
2026-05-22 12:37:53 TRACE o.s.s.a.i.a.MethodSecurityInterceptor - Validated configuration attributes
2026-05-22 12:37:53 DEBUG o.s.s.a.p.PrePostAnnotationSecurityMetadataSource - @org.springframework.security.access.prepost.PreAuthorize("hasAuthority(\'admin:update\')") found on specific method: public org.springframework.http.ResponseEntity com.utiitsl.DMSAuthService.controller.dash.DashController.updateUser(com.utiitsl.DMSAuthService.dto.UserDTO,java.lang.Integer)
2026-05-22 12:37:53 DEBUG o.s.s.a.m.DelegatingMethodSecurityMetadataSource - Caching method [CacheKey[com.utiitsl.DMSAuthService.controller.dash.DashController; public org.springframework.http.ResponseEntity com.utiitsl.DMSAuthService.controller.dash.DashController.updateUser(com.utiitsl.DMSAuthService.dto.UserDTO,java.lang.Integer)]] with attributes [[authorize: 'hasAuthority('admin:update')', filter: 'null', filterTarget: 'null']]
2026-05-22 12:37:53 DEBUG o.s.s.a.p.PrePostAnnotationSecurityMetadataSource - @org.springframework.security.access.prepost.PreAuthorize("hasRole(\'ROLE_APPLICATION_ADMIN\') or hasRole(\'ROLE_ADMIN\')") found on specific method: public org.springframework.http.ResponseEntity com.utiitsl.DMSAuthService.controller.user.UserController.register(com.utiitsl.DMSAuthService.dto.RegisterRequestDTO,java.lang.String,jakarta.servlet.http.HttpServletRequest)
2026-05-22 12:37:53 DEBUG o.s.s.a.m.DelegatingMethodSecurityMetadataSource - Caching method [CacheKey[com.utiitsl.DMSAuthService.controller.user.UserController; public org.springframework.http.ResponseEntity com.utiitsl.DMSAuthService.controller.user.UserController.register(com.utiitsl.DMSAuthService.dto.RegisterRequestDTO,java.lang.String,jakarta.servlet.http.HttpServletRequest)]] with attributes [[authorize: 'hasRole('ROLE_APPLICATION_ADMIN') or hasRole('ROLE_ADMIN')', filter: 'null', filterTarget: 'null']]
2026-05-22 12:37:53 DEBUG o.s.s.a.p.PrePostAnnotationSecurityMetadataSource - @org.springframework.security.access.prepost.PreAuthorize("hasRole(\'ROLE_APPLICATION_ADMIN\') or hasRole(\'ROLE_ADMIN\')") found on specific method: public org.springframework.http.ResponseEntity com.utiitsl.DMSAuthService.controller.user.UserController.getAllUser(int,int,java.lang.String,jakarta.servlet.http.HttpServletRequest)
2026-05-22 12:37:53 DEBUG o.s.s.a.m.DelegatingMethodSecurityMetadataSource - Caching method [CacheKey[com.utiitsl.DMSAuthService.controller.user.UserController; public org.springframework.http.ResponseEntity com.utiitsl.DMSAuthService.controller.user.UserController.getAllUser(int,int,java.lang.String,jakarta.servlet.http.HttpServletRequest)]] with attributes [[authorize: 'hasRole('ROLE_APPLICATION_ADMIN') or hasRole('ROLE_ADMIN')', filter: 'null', filterTarget: 'null']]
2026-05-22 12:37:53 DEBUG o.s.s.a.p.PrePostAnnotationSecurityMetadataSource - @org.springframework.security.access.prepost.PreAuthorize("hasRole(\'ROLE_APPLICATION_ADMIN\') or hasRole(\'ROLE_ADMIN\')") found on specific method: public org.springframework.http.ResponseEntity com.utiitsl.DMSAuthService.controller.user.UserController.activateDeactivateUser(java.lang.String,boolean)
2026-05-22 12:37:53 DEBUG o.s.s.a.m.DelegatingMethodSecurityMetadataSource - Caching method [CacheKey[com.utiitsl.DMSAuthService.controller.user.UserController; public org.springframework.http.ResponseEntity com.utiitsl.DMSAuthService.controller.user.UserController.activateDeactivateUser(java.lang.String,boolean)]] with attributes [[authorize: 'hasRole('ROLE_APPLICATION_ADMIN') or hasRole('ROLE_ADMIN')', filter: 'null', filterTarget: 'null']]
2026-05-22 12:37:53 WARN  o.s.b.a.o.j.JpaBaseConfiguration$JpaWebConfiguration - spring.jpa.open-in-view is enabled by default. Therefore, database queries may be performed during view rendering. Explicitly configure spring.jpa.open-in-view to disable this warning
2026-05-22 12:37:54 INFO  o.s.s.web.DefaultSecurityFilterChain - Will secure any request with [org.springframework.security.web.session.DisableEncodeUrlFilter@4f03526b, org.springframework.security.web.context.request.async.WebAsyncManagerIntegrationFilter@5487ca16, org.springframework.security.web.context.SecurityContextHolderFilter@5688e28, org.springframework.security.web.header.HeaderWriterFilter@91d2372, org.springframework.web.filter.CorsFilter@67ddb4b5, org.springframework.security.web.authentication.logout.LogoutFilter@69e09040, org.springframework.security.oauth2.client.web.OAuth2AuthorizationRequestRedirectFilter@6fe317f7, org.springframework.security.oauth2.client.web.OAuth2LoginAuthenticationFilter@472b9693, com.utiitsl.DMSAuthService.config.auth.JwtAuthFilter@1be99e24, org.springframework.security.web.authentication.ui.DefaultLoginPageGeneratingFilter@1bf3111b, org.springframework.security.web.authentication.ui.DefaultLogoutPageGeneratingFilter@27244934, org.springframework.security.web.savedrequest.RequestCacheAwareFilter@1f9423c2, org.springframework.security.web.servletapi.SecurityContextHolderAwareRequestFilter@54cdbb02, org.springframework.security.web.authentication.AnonymousAuthenticationFilter@72e1d7b1, org.springframework.security.web.session.SessionManagementFilter@36fe7468, org.springframework.security.web.access.ExceptionTranslationFilter@20e8bb46, org.springframework.security.web.access.intercept.AuthorizationFilter@5a77ade3]
2026-05-22 12:37:55 INFO  o.s.b.d.a.OptionalLiveReloadServer - LiveReload server is running on port 35729
2026-05-22 12:37:55 INFO  o.s.b.w.e.tomcat.TomcatWebServer - Tomcat started on port 8282 (http) with context path '/authService'
2026-05-22 12:37:55 INFO  c.u.D.DmsAuthServiceApplication - Started DmsAuthServiceApplication in 10.272 seconds (process running for 11.579)
2026-05-22 12:41:59 INFO  o.s.o.j.LocalContainerEntityManagerFactoryBean - Closing JPA EntityManagerFactory for persistence unit 'default'
2026-05-22 12:41:59 INFO  com.zaxxer.hikari.HikariDataSource - HikariPool-1 - Shutdown initiated...
2026-05-22 12:41:59 INFO  com.zaxxer.hikari.HikariDataSource - HikariPool-1 - Shutdown completed.
2026-05-22 12:42:05 INFO  c.u.D.DmsAuthServiceApplication - Starting DmsAuthServiceApplication using Java 21.0.6 with PID 27992 (C:\Users\mohammada1\Desktop\Invoice_Project\AuthService\target\classes started by mohammada1 in C:\Users\mohammada1\Desktop\Invoice_Project\AuthService)
2026-05-22 12:42:05 INFO  c.u.D.DmsAuthServiceApplication - The following 1 profile is active: "dev"
2026-05-22 12:42:05 INFO  o.s.b.d.e.DevToolsPropertyDefaultsPostProcessor - Devtools property defaults active! Set 'spring.devtools.add-properties' to 'false' to disable
2026-05-22 12:42:05 INFO  o.s.b.d.e.DevToolsPropertyDefaultsPostProcessor - For additional web related logging consider setting the 'logging.level.web' property to 'DEBUG'
2026-05-22 12:42:06 INFO  o.s.d.r.c.RepositoryConfigurationDelegate - Bootstrapping Spring Data JPA repositories in DEFAULT mode.
2026-05-22 12:42:06 INFO  o.s.d.r.c.RepositoryConfigurationDelegate - Finished Spring Data repository scanning in 141 ms. Found 3 JPA repository interfaces.
2026-05-22 12:42:07 INFO  o.s.b.w.e.tomcat.TomcatWebServer - Tomcat initialized with port 8282 (http)
2026-05-22 12:42:07 INFO  o.a.catalina.core.StandardService - Starting service [Tomcat]
2026-05-22 12:42:07 INFO  o.a.catalina.core.StandardEngine - Starting Servlet engine: [Apache Tomcat/10.1.28]
2026-05-22 12:42:08 INFO  o.a.c.c.C.[.[.[/authService] - Initializing Spring embedded WebApplicationContext
2026-05-22 12:42:08 INFO  o.s.b.w.s.c.ServletWebServerApplicationContext - Root WebApplicationContext: initialization completed in 3005 ms
2026-05-22 12:42:08 INFO  o.h.jpa.internal.util.LogHelper - HHH000204: Processing PersistenceUnitInfo [name: default]
2026-05-22 12:42:08 INFO  org.hibernate.Version - HHH000412: Hibernate ORM core version 6.4.10.Final
2026-05-22 12:42:08 INFO  o.h.c.i.RegionFactoryInitiator - HHH000026: Second-level cache disabled
2026-05-22 12:42:08 INFO  o.s.o.j.p.SpringPersistenceUnitInfo - No LoadTimeWeaver setup: ignoring JPA class transformer
2026-05-22 12:42:09 INFO  com.zaxxer.hikari.HikariDataSource - HikariPool-1 - Starting...
2026-05-22 12:42:09 INFO  com.zaxxer.hikari.pool.HikariPool - HikariPool-1 - Added connection com.mysql.cj.jdbc.ConnectionImpl@49f5d63a
2026-05-22 12:42:09 INFO  com.zaxxer.hikari.HikariDataSource - HikariPool-1 - Start completed.
2026-05-22 12:42:10 INFO  o.h.e.t.j.p.i.JtaPlatformInitiator - HHH000489: No JTA platform available (set 'hibernate.transaction.jta.platform' to enable JTA platform integration)
2026-05-22 12:42:10 INFO  o.s.o.j.LocalContainerEntityManagerFactoryBean - Initialized JPA EntityManagerFactory for persistence unit 'default'
2026-05-22 12:42:11 INFO  o.s.d.j.r.query.QueryEnhancerFactory - Hibernate is in classpath; If applicable, HQL parser will be used.
2026-05-22 12:42:12 TRACE o.s.s.c.a.a.c.AuthenticationConfiguration$EnableGlobalAuthenticationAutowiredConfigurer - Eagerly initializing {securityConfiguration=com.utiitsl.DMSAuthService.config.auth.SecurityConfiguration$$SpringCGLIB$$0@1f6bfb9f}
2026-05-22 12:42:12 DEBUG o.s.s.a.p.PrePostAnnotationSecurityMetadataSource - @org.springframework.security.access.prepost.PreAuthorize("hasAuthority(\'admin:delete\')") found on specific method: public org.springframework.http.ResponseEntity com.utiitsl.DMSAuthService.controller.dash.DashController.deleteUserById(java.lang.Integer)
2026-05-22 12:42:12 DEBUG o.s.s.a.m.DelegatingMethodSecurityMetadataSource - Caching method [CacheKey[com.utiitsl.DMSAuthService.controller.dash.DashController; public org.springframework.http.ResponseEntity com.utiitsl.DMSAuthService.controller.dash.DashController.deleteUserById(java.lang.Integer)]] with attributes [[authorize: 'hasAuthority('admin:delete')', filter: 'null', filterTarget: 'null']]
2026-05-22 12:42:12 TRACE o.s.s.a.i.a.MethodSecurityInterceptor - Validated configuration attributes
2026-05-22 12:42:12 DEBUG o.s.s.a.p.PrePostAnnotationSecurityMetadataSource - @org.springframework.security.access.prepost.PreAuthorize("hasAuthority(\'admin:update\')") found on specific method: public org.springframework.http.ResponseEntity com.utiitsl.DMSAuthService.controller.dash.DashController.updateUser(com.utiitsl.DMSAuthService.dto.UserDTO,java.lang.Integer)
2026-05-22 12:42:12 DEBUG o.s.s.a.m.DelegatingMethodSecurityMetadataSource - Caching method [CacheKey[com.utiitsl.DMSAuthService.controller.dash.DashController; public org.springframework.http.ResponseEntity com.utiitsl.DMSAuthService.controller.dash.DashController.updateUser(com.utiitsl.DMSAuthService.dto.UserDTO,java.lang.Integer)]] with attributes [[authorize: 'hasAuthority('admin:update')', filter: 'null', filterTarget: 'null']]
2026-05-22 12:42:12 DEBUG o.s.s.a.p.PrePostAnnotationSecurityMetadataSource - @org.springframework.security.access.prepost.PreAuthorize("hasRole(\'ROLE_APPLICATION_ADMIN\') or hasRole(\'ROLE_ADMIN\')") found on specific method: public org.springframework.http.ResponseEntity com.utiitsl.DMSAuthService.controller.user.UserController.register(com.utiitsl.DMSAuthService.dto.RegisterRequestDTO,java.lang.String,jakarta.servlet.http.HttpServletRequest)
2026-05-22 12:42:12 DEBUG o.s.s.a.m.DelegatingMethodSecurityMetadataSource - Caching method [CacheKey[com.utiitsl.DMSAuthService.controller.user.UserController; public org.springframework.http.ResponseEntity com.utiitsl.DMSAuthService.controller.user.UserController.register(com.utiitsl.DMSAuthService.dto.RegisterRequestDTO,java.lang.String,jakarta.servlet.http.HttpServletRequest)]] with attributes [[authorize: 'hasRole('ROLE_APPLICATION_ADMIN') or hasRole('ROLE_ADMIN')', filter: 'null', filterTarget: 'null']]
2026-05-22 12:42:12 DEBUG o.s.s.a.p.PrePostAnnotationSecurityMetadataSource - @org.springframework.security.access.prepost.PreAuthorize("hasRole(\'ROLE_APPLICATION_ADMIN\') or hasRole(\'ROLE_ADMIN\')") found on specific method: public org.springframework.http.ResponseEntity com.utiitsl.DMSAuthService.controller.user.UserController.activateDeactivateUser(java.lang.String,boolean)
2026-05-22 12:42:12 DEBUG o.s.s.a.m.DelegatingMethodSecurityMetadataSource - Caching method [CacheKey[com.utiitsl.DMSAuthService.controller.user.UserController; public org.springframework.http.ResponseEntity com.utiitsl.DMSAuthService.controller.user.UserController.activateDeactivateUser(java.lang.String,boolean)]] with attributes [[authorize: 'hasRole('ROLE_APPLICATION_ADMIN') or hasRole('ROLE_ADMIN')', filter: 'null', filterTarget: 'null']]
2026-05-22 12:42:12 DEBUG o.s.s.a.p.PrePostAnnotationSecurityMetadataSource - @org.springframework.security.access.prepost.PreAuthorize("hasRole(\'ROLE_APPLICATION_ADMIN\') or hasRole(\'ROLE_ADMIN\')") found on specific method: public org.springframework.http.ResponseEntity com.utiitsl.DMSAuthService.controller.user.UserController.getAllUser(int,int,java.lang.String,jakarta.servlet.http.HttpServletRequest)
2026-05-22 12:42:12 DEBUG o.s.s.a.m.DelegatingMethodSecurityMetadataSource - Caching method [CacheKey[com.utiitsl.DMSAuthService.controller.user.UserController; public org.springframework.http.ResponseEntity com.utiitsl.DMSAuthService.controller.user.UserController.getAllUser(int,int,java.lang.String,jakarta.servlet.http.HttpServletRequest)]] with attributes [[authorize: 'hasRole('ROLE_APPLICATION_ADMIN') or hasRole('ROLE_ADMIN')', filter: 'null', filterTarget: 'null']]
2026-05-22 12:42:12 WARN  o.s.b.a.o.j.JpaBaseConfiguration$JpaWebConfiguration - spring.jpa.open-in-view is enabled by default. Therefore, database queries may be performed during view rendering. Explicitly configure spring.jpa.open-in-view to disable this warning
2026-05-22 12:42:14 INFO  o.s.s.web.DefaultSecurityFilterChain - Will secure any request with [org.springframework.security.web.session.DisableEncodeUrlFilter@36bd3e4f, org.springframework.security.web.context.request.async.WebAsyncManagerIntegrationFilter@4cdeb095, org.springframework.security.web.context.SecurityContextHolderFilter@6394d23e, org.springframework.security.web.header.HeaderWriterFilter@ae52812, org.springframework.web.filter.CorsFilter@355e7edc, org.springframework.security.web.authentication.logout.LogoutFilter@c9698b6, org.springframework.security.oauth2.client.web.OAuth2AuthorizationRequestRedirectFilter@5c60c436, org.springframework.security.oauth2.client.web.OAuth2LoginAuthenticationFilter@5195719c, com.utiitsl.DMSAuthService.config.auth.JwtAuthFilter@62fde89c, org.springframework.security.web.authentication.ui.DefaultLoginPageGeneratingFilter@48804f5d, org.springframework.security.web.authentication.ui.DefaultLogoutPageGeneratingFilter@3c8eb49c, org.springframework.security.web.savedrequest.RequestCacheAwareFilter@5e7270, org.springframework.security.web.servletapi.SecurityContextHolderAwareRequestFilter@4142d308, org.springframework.security.web.authentication.AnonymousAuthenticationFilter@631eaa04, org.springframework.security.web.session.SessionManagementFilter@35383dfb, org.springframework.security.web.access.ExceptionTranslationFilter@3ba61fe, org.springframework.security.web.access.intercept.AuthorizationFilter@7d330394]
2026-05-22 12:42:14 INFO  o.s.b.d.a.OptionalLiveReloadServer - LiveReload server is running on port 35729
2026-05-22 12:42:14 INFO  o.s.b.w.e.tomcat.TomcatWebServer - Tomcat started on port 8282 (http) with context path '/authService'
2026-05-22 12:42:14 INFO  c.u.D.DmsAuthServiceApplication - Started DmsAuthServiceApplication in 10.52 seconds (process running for 11.425)
2026-05-22 12:42:53 INFO  o.a.c.c.C.[.[.[/authService] - Initializing Spring DispatcherServlet 'dispatcherServlet'
2026-05-22 12:42:53 INFO  o.s.web.servlet.DispatcherServlet - Initializing Servlet 'dispatcherServlet'
2026-05-22 12:42:53 INFO  o.s.web.servlet.DispatcherServlet - Completed initialization in 2 ms
2026-05-22 12:42:53 TRACE o.s.security.web.FilterChainProxy - Trying to match request against DefaultSecurityFilterChain [RequestMatcher=any request, Filters=[org.springframework.security.web.session.DisableEncodeUrlFilter@36bd3e4f, org.springframework.security.web.context.request.async.WebAsyncManagerIntegrationFilter@4cdeb095, org.springframework.security.web.context.SecurityContextHolderFilter@6394d23e, org.springframework.security.web.header.HeaderWriterFilter@ae52812, org.springframework.web.filter.CorsFilter@355e7edc, org.springframework.security.web.authentication.logout.LogoutFilter@c9698b6, org.springframework.security.oauth2.client.web.OAuth2AuthorizationRequestRedirectFilter@5c60c436, org.springframework.security.oauth2.client.web.OAuth2LoginAuthenticationFilter@5195719c, com.utiitsl.DMSAuthService.config.auth.JwtAuthFilter@62fde89c, org.springframework.security.web.authentication.ui.DefaultLoginPageGeneratingFilter@48804f5d, org.springframework.security.web.authentication.ui.DefaultLogoutPageGeneratingFilter@3c8eb49c, org.springframework.security.web.savedrequest.RequestCacheAwareFilter@5e7270, org.springframework.security.web.servletapi.SecurityContextHolderAwareRequestFilter@4142d308, org.springframework.security.web.authentication.AnonymousAuthenticationFilter@631eaa04, org.springframework.security.web.session.SessionManagementFilter@35383dfb, org.springframework.security.web.access.ExceptionTranslationFilter@3ba61fe, org.springframework.security.web.access.intercept.AuthorizationFilter@7d330394]] (1/1)
2026-05-22 12:42:53 DEBUG o.s.security.web.FilterChainProxy - Securing OPTIONS /api/v1/create
2026-05-22 12:42:53 TRACE o.s.security.web.FilterChainProxy - Invoking DisableEncodeUrlFilter (1/17)
2026-05-22 12:42:53 TRACE o.s.security.web.FilterChainProxy - Invoking WebAsyncManagerIntegrationFilter (2/17)
2026-05-22 12:42:53 TRACE o.s.security.web.FilterChainProxy - Invoking SecurityContextHolderFilter (3/17)
2026-05-22 12:42:53 TRACE o.s.security.web.FilterChainProxy - Invoking HeaderWriterFilter (4/17)
2026-05-22 12:42:53 TRACE o.s.security.web.FilterChainProxy - Invoking CorsFilter (5/17)
2026-05-22 12:42:53 TRACE o.s.s.w.h.writers.HstsHeaderWriter - Not injecting HSTS header since it did not match request to [Is Secure]
2026-05-22 12:42:53 TRACE o.s.security.web.FilterChainProxy - Trying to match request against DefaultSecurityFilterChain [RequestMatcher=any request, Filters=[org.springframework.security.web.session.DisableEncodeUrlFilter@36bd3e4f, org.springframework.security.web.context.request.async.WebAsyncManagerIntegrationFilter@4cdeb095, org.springframework.security.web.context.SecurityContextHolderFilter@6394d23e, org.springframework.security.web.header.HeaderWriterFilter@ae52812, org.springframework.web.filter.CorsFilter@355e7edc, org.springframework.security.web.authentication.logout.LogoutFilter@c9698b6, org.springframework.security.oauth2.client.web.OAuth2AuthorizationRequestRedirectFilter@5c60c436, org.springframework.security.oauth2.client.web.OAuth2LoginAuthenticationFilter@5195719c, com.utiitsl.DMSAuthService.config.auth.JwtAuthFilter@62fde89c, org.springframework.security.web.authentication.ui.DefaultLoginPageGeneratingFilter@48804f5d, org.springframework.security.web.authentication.ui.DefaultLogoutPageGeneratingFilter@3c8eb49c, org.springframework.security.web.savedrequest.RequestCacheAwareFilter@5e7270, org.springframework.security.web.servletapi.SecurityContextHolderAwareRequestFilter@4142d308, org.springframework.security.web.authentication.AnonymousAuthenticationFilter@631eaa04, org.springframework.security.web.session.SessionManagementFilter@35383dfb, org.springframework.security.web.access.ExceptionTranslationFilter@3ba61fe, org.springframework.security.web.access.intercept.AuthorizationFilter@7d330394]] (1/1)
2026-05-22 12:42:53 DEBUG o.s.security.web.FilterChainProxy - Securing POST /api/v1/create
2026-05-22 12:42:53 TRACE o.s.security.web.FilterChainProxy - Invoking DisableEncodeUrlFilter (1/17)
2026-05-22 12:42:53 TRACE o.s.security.web.FilterChainProxy - Invoking WebAsyncManagerIntegrationFilter (2/17)
2026-05-22 12:42:53 TRACE o.s.security.web.FilterChainProxy - Invoking SecurityContextHolderFilter (3/17)
2026-05-22 12:42:53 TRACE o.s.security.web.FilterChainProxy - Invoking HeaderWriterFilter (4/17)
2026-05-22 12:42:53 TRACE o.s.security.web.FilterChainProxy - Invoking CorsFilter (5/17)
2026-05-22 12:42:53 TRACE o.s.security.web.FilterChainProxy - Invoking LogoutFilter (6/17)
2026-05-22 12:42:53 TRACE o.s.s.w.a.logout.LogoutFilter - Did not match request to Or [Ant [pattern='/logout', GET], Ant [pattern='/logout', POST], Ant [pattern='/logout', PUT], Ant [pattern='/logout', DELETE]]
2026-05-22 12:42:53 TRACE o.s.security.web.FilterChainProxy - Invoking OAuth2AuthorizationRequestRedirectFilter (7/17)
2026-05-22 12:42:53 TRACE o.s.security.web.FilterChainProxy - Invoking OAuth2LoginAuthenticationFilter (8/17)
2026-05-22 12:42:53 TRACE o.s.s.o.c.w.OAuth2LoginAuthenticationFilter - Did not match request to Ant [pattern='/login/oauth2/code/*']
2026-05-22 12:42:53 TRACE o.s.security.web.FilterChainProxy - Invoking JwtAuthFilter (9/17)
2026-05-22 12:42:53 TRACE o.s.security.web.FilterChainProxy - Invoking DefaultLoginPageGeneratingFilter (10/17)
2026-05-22 12:42:53 TRACE o.s.security.web.FilterChainProxy - Invoking DefaultLogoutPageGeneratingFilter (11/17)
2026-05-22 12:42:53 TRACE o.s.s.w.a.u.DefaultLogoutPageGeneratingFilter - Did not render default logout page since request did not match [Ant [pattern='/logout', GET]]
2026-05-22 12:42:53 TRACE o.s.security.web.FilterChainProxy - Invoking RequestCacheAwareFilter (12/17)
2026-05-22 12:42:53 TRACE o.s.security.web.FilterChainProxy - Invoking SecurityContextHolderAwareRequestFilter (13/17)
2026-05-22 12:42:53 TRACE o.s.security.web.FilterChainProxy - Invoking AnonymousAuthenticationFilter (14/17)
2026-05-22 12:42:53 TRACE o.s.security.web.FilterChainProxy - Invoking SessionManagementFilter (15/17)
2026-05-22 12:42:53 TRACE o.s.s.w.c.SupplierDeferredSecurityContext - Created SecurityContextImpl [Null authentication]
2026-05-22 12:42:53 TRACE o.s.s.w.a.AnonymousAuthenticationFilter - Set SecurityContextHolder to AnonymousAuthenticationToken [Principal=anonymousUser, Credentials=[PROTECTED], Authenticated=true, Details=WebAuthenticationDetails [RemoteIpAddress=0:0:0:0:0:0:0:1, SessionId=null], Granted Authorities=[ROLE_ANONYMOUS]]
2026-05-22 12:42:53 TRACE o.s.security.web.FilterChainProxy - Invoking ExceptionTranslationFilter (16/17)
2026-05-22 12:42:53 TRACE o.s.security.web.FilterChainProxy - Invoking AuthorizationFilter (17/17)
2026-05-22 12:42:53 TRACE o.s.s.w.a.i.RequestMatcherDelegatingAuthorizationManager - Authorizing POST /api/v1/create
2026-05-22 12:42:53 TRACE o.s.s.w.a.i.RequestMatcherDelegatingAuthorizationManager - Checking authorization on POST /api/v1/create using org.springframework.security.authorization.AuthenticatedAuthorizationManager@3a2abf57
2026-05-22 12:42:53 TRACE o.s.s.w.a.ExceptionTranslationFilter - Sending AnonymousAuthenticationToken [Principal=anonymousUser, Credentials=[PROTECTED], Authenticated=true, Details=WebAuthenticationDetails [RemoteIpAddress=0:0:0:0:0:0:0:1, SessionId=null], Granted Authorities=[ROLE_ANONYMOUS]] to authentication entry point since access is denied
org.springframework.security.access.AccessDeniedException: Access Denied
	at org.springframework.security.web.access.intercept.AuthorizationFilter.doFilter(AuthorizationFilter.java:98)
	at org.springframework.security.web.FilterChainProxy$VirtualFilterChain.doFilter(FilterChainProxy.java:374)
	at org.springframework.security.web.access.ExceptionTranslationFilter.doFilter(ExceptionTranslationFilter.java:126)
	at org.springframework.security.web.access.ExceptionTranslationFilter.doFilter(ExceptionTranslationFilter.java:120)
	at org.springframework.security.web.FilterChainProxy$VirtualFilterChain.doFilter(FilterChainProxy.java:374)
	at org.springframework.security.web.session.SessionManagementFilter.doFilter(SessionManagementFilter.java:131)
	at org.springframework.security.web.session.SessionManagementFilter.doFilter(SessionManagementFilter.java:85)
	at org.springframework.security.web.FilterChainProxy$VirtualFilterChain.doFilter(FilterChainProxy.java:374)
	at org.springframework.security.web.authentication.AnonymousAuthenticationFilter.doFilter(AnonymousAuthenticationFilter.java:100)
	at org.springframework.security.web.FilterChainProxy$VirtualFilterChain.doFilter(FilterChainProxy.java:374)
	at org.springframework.security.web.servletapi.SecurityContextHolderAwareRequestFilter.doFilter(SecurityContextHolderAwareRequestFilter.java:179)
	at org.springframework.security.web.FilterChainProxy$VirtualFilterChain.doFilter(FilterChainProxy.java:374)
	at org.springframework.security.web.savedrequest.RequestCacheAwareFilter.doFilter(RequestCacheAwareFilter.java:63)
	at org.springframework.security.web.FilterChainProxy$VirtualFilterChain.doFilter(FilterChainProxy.java:374)
	at org.springframework.security.web.authentication.ui.DefaultLogoutPageGeneratingFilter.doFilterInternal(DefaultLogoutPageGeneratingFilter.java:58)
	at org.springframework.web.filter.OncePerRequestFilter.doFilter(OncePerRequestFilter.java:116)
	at org.springframework.security.web.FilterChainProxy$VirtualFilterChain.doFilter(FilterChainProxy.java:374)
	at org.springframework.security.web.authentication.ui.DefaultLoginPageGeneratingFilter.doFilter(DefaultLoginPageGeneratingFilter.java:189)
	at org.springframework.security.web.authentication.ui.DefaultLoginPageGeneratingFilter.doFilter(DefaultLoginPageGeneratingFilter.java:175)
	at org.springframework.security.web.FilterChainProxy$VirtualFilterChain.doFilter(FilterChainProxy.java:374)
	at com.utiitsl.DMSAuthService.config.auth.JwtAuthFilter.doFilterInternal(JwtAuthFilter.java:40)
	at org.springframework.web.filter.OncePerRequestFilter.doFilter(OncePerRequestFilter.java:116)
	at org.springframework.security.web.FilterChainProxy$VirtualFilterChain.doFilter(FilterChainProxy.java:374)
	at org.springframework.security.web.authentication.AbstractAuthenticationProcessingFilter.doFilter(AbstractAuthenticationProcessingFilter.java:227)
	at org.springframework.security.web.authentication.AbstractAuthenticationProcessingFilter.doFilter(AbstractAuthenticationProcessingFilter.java:221)
	at org.springframework.security.web.FilterChainProxy$VirtualFilterChain.doFilter(FilterChainProxy.java:374)
	at org.springframework.security.oauth2.client.web.OAuth2AuthorizationRequestRedirectFilter.doFilterInternal(OAuth2AuthorizationRequestRedirectFilter.java:181)
	at org.springframework.web.filter.OncePerRequestFilter.doFilter(OncePerRequestFilter.java:116)
	at org.springframework.security.web.FilterChainProxy$VirtualFilterChain.doFilter(FilterChainProxy.java:374)
	at org.springframework.security.web.authentication.logout.LogoutFilter.doFilter(LogoutFilter.java:107)
	at org.springframework.security.web.authentication.logout.LogoutFilter.doFilter(LogoutFilter.java:93)
	at org.springframework.security.web.FilterChainProxy$VirtualFilterChain.doFilter(FilterChainProxy.java:374)
	at org.springframework.web.filter.CorsFilter.doFilterInternal(CorsFilter.java:91)
	at org.springframework.web.filter.OncePerRequestFilter.doFilter(OncePerRequestFilter.java:116)
	at org.springframework.security.web.FilterChainProxy$VirtualFilterChain.doFilter(FilterChainProxy.java:374)
	at org.springframework.security.web.header.HeaderWriterFilter.doHeadersAfter(HeaderWriterFilter.java:90)
	at org.springframework.security.web.header.HeaderWriterFilter.doFilterInternal(HeaderWriterFilter.java:75)
	at org.springframework.web.filter.OncePerRequestFilter.doFilter(OncePerRequestFilter.java:116)
	at org.springframework.security.web.FilterChainProxy$VirtualFilterChain.doFilter(FilterChainProxy.java:374)
	at org.springframework.security.web.context.SecurityContextHolderFilter.doFilter(SecurityContextHolderFilter.java:82)
	at org.springframework.security.web.context.SecurityContextHolderFilter.doFilter(SecurityContextHolderFilter.java:69)
	at org.springframework.security.web.FilterChainProxy$VirtualFilterChain.doFilter(FilterChainProxy.java:374)
	at org.springframework.security.web.context.request.async.WebAsyncManagerIntegrationFilter.doFilterInternal(WebAsyncManagerIntegrationFilter.java:62)
	at org.springframework.web.filter.OncePerRequestFilter.doFilter(OncePerRequestFilter.java:116)
	at org.springframework.security.web.FilterChainProxy$VirtualFilterChain.doFilter(FilterChainProxy.java:374)
	at org.springframework.security.web.session.DisableEncodeUrlFilter.doFilterInternal(DisableEncodeUrlFilter.java:42)
	at org.springframework.web.filter.OncePerRequestFilter.doFilter(OncePerRequestFilter.java:116)
	at org.springframework.security.web.FilterChainProxy$VirtualFilterChain.doFilter(FilterChainProxy.java:374)
	at org.springframework.security.web.FilterChainProxy.doFilterInternal(FilterChainProxy.java:233)
	at org.springframework.security.web.FilterChainProxy.doFilter(FilterChainProxy.java:191)
	at org.springframework.web.filter.CompositeFilter$VirtualFilterChain.doFilter(CompositeFilter.java:113)
	at org.springframework.web.servlet.handler.HandlerMappingIntrospector.lambda$createCacheFilter$3(HandlerMappingIntrospector.java:195)
	at org.springframework.web.filter.CompositeFilter$VirtualFilterChain.doFilter(CompositeFilter.java:113)
	at org.springframework.web.filter.CompositeFilter.doFilter(CompositeFilter.java:74)
	at org.springframework.security.config.annotation.web.configuration.WebMvcSecurityConfiguration$CompositeFilterChainProxy.doFilter(WebMvcSecurityConfiguration.java:230)
	at org.springframework.web.filter.DelegatingFilterProxy.invokeDelegate(DelegatingFilterProxy.java:352)
	at org.springframework.web.filter.DelegatingFilterProxy.doFilter(DelegatingFilterProxy.java:268)
	at org.apache.catalina.core.ApplicationFilterChain.internalDoFilter(ApplicationFilterChain.java:164)
	at org.apache.catalina.core.ApplicationFilterChain.doFilter(ApplicationFilterChain.java:140)
	at org.springframework.web.filter.RequestContextFilter.doFilterInternal(RequestContextFilter.java:100)
	at org.springframework.web.filter.OncePerRequestFilter.doFilter(OncePerRequestFilter.java:116)
	at org.apache.catalina.core.ApplicationFilterChain.internalDoFilter(ApplicationFilterChain.java:164)
	at org.apache.catalina.core.ApplicationFilterChain.doFilter(ApplicationFilterChain.java:140)
	at org.springframework.web.filter.FormContentFilter.doFilterInternal(FormContentFilter.java:93)
	at org.springframework.web.filter.OncePerRequestFilter.doFilter(OncePerRequestFilter.java:116)
	at org.apache.catalina.core.ApplicationFilterChain.internalDoFilter(ApplicationFilterChain.java:164)
	at org.apache.catalina.core.ApplicationFilterChain.doFilter(ApplicationFilterChain.java:140)
	at org.springframework.web.filter.CharacterEncodingFilter.doFilterInternal(CharacterEncodingFilter.java:201)
	at org.springframework.web.filter.OncePerRequestFilter.doFilter(OncePerRequestFilter.java:116)
	at org.apache.catalina.core.ApplicationFilterChain.internalDoFilter(ApplicationFilterChain.java:164)
	at org.apache.catalina.core.ApplicationFilterChain.doFilter(ApplicationFilterChain.java:140)
	at org.apache.catalina.core.StandardWrapperValve.invoke(StandardWrapperValve.java:167)
	at org.apache.catalina.core.StandardContextValve.invoke(StandardContextValve.java:90)
	at org.apache.catalina.authenticator.AuthenticatorBase.invoke(AuthenticatorBase.java:483)
	at org.apache.catalina.core.StandardHostValve.invoke(StandardHostValve.java:115)
	at org.apache.catalina.valves.ErrorReportValve.invoke(ErrorReportValve.java:93)
	at org.apache.catalina.core.StandardEngineValve.invoke(StandardEngineValve.java:74)
	at org.apache.catalina.connector.CoyoteAdapter.service(CoyoteAdapter.java:344)
	at org.apache.coyote.http11.Http11Processor.service(Http11Processor.java:384)
	at org.apache.coyote.AbstractProcessorLight.process(AbstractProcessorLight.java:63)
	at org.apache.coyote.AbstractProtocol$ConnectionHandler.process(AbstractProtocol.java:904)
	at org.apache.tomcat.util.net.NioEndpoint$SocketProcessor.doRun(NioEndpoint.java:1741)
	at org.apache.tomcat.util.net.SocketProcessorBase.run(SocketProcessorBase.java:52)
	at org.apache.tomcat.util.threads.ThreadPoolExecutor.runWorker(ThreadPoolExecutor.java:1190)
	at org.apache.tomcat.util.threads.ThreadPoolExecutor$Worker.run(ThreadPoolExecutor.java:659)
	at org.apache.tomcat.util.threads.TaskThread$WrappingRunnable.run(TaskThread.java:63)
	at java.base/java.lang.Thread.run(Thread.java:1583)
2026-05-22 12:42:53 DEBUG o.s.s.w.a.DelegatingAuthenticationEntryPoint - Trying to match using And [Not [RequestHeaderRequestMatcher [expectedHeaderName=X-Requested-With, expectedHeaderValue=XMLHttpRequest]], Not [And [Or [Ant [pattern='/login'], Ant [pattern='/favicon.ico']], And [Not [RequestHeaderRequestMatcher [expectedHeaderName=X-Requested-With, expectedHeaderValue=XMLHttpRequest]], MediaTypeRequestMatcher [contentNegotiationStrategy=org.springframework.web.accept.ContentNegotiationManager@54a26e34, matchingMediaTypes=[application/xhtml+xml, image/*, text/html, text/plain], useEquals=false, ignoredMediaTypes=[*/*]]]]], org.springframework.security.config.annotation.web.configurers.oauth2.client.OAuth2LoginConfigurer$$Lambda/0x000001afc0a3aa50@2d8314b8]
2026-05-22 12:42:53 DEBUG o.s.s.w.a.DelegatingAuthenticationEntryPoint - Match found! Executing org.springframework.security.web.authentication.LoginUrlAuthenticationEntryPoint@48e6aa9f
2026-05-22 12:42:53 DEBUG o.s.s.web.DefaultRedirectStrategy - Redirecting to http://localhost:8282/authService/oauth2/authorization/google
2026-05-22 12:42:53 TRACE o.s.s.w.h.writers.HstsHeaderWriter - Not injecting HSTS header since it did not match request to [Is Secure]
2026-05-22 12:42:53 TRACE o.s.security.web.FilterChainProxy - Trying to match request against DefaultSecurityFilterChain [RequestMatcher=any request, Filters=[org.springframework.security.web.session.DisableEncodeUrlFilter@36bd3e4f, org.springframework.security.web.context.request.async.WebAsyncManagerIntegrationFilter@4cdeb095, org.springframework.security.web.context.SecurityContextHolderFilter@6394d23e, org.springframework.security.web.header.HeaderWriterFilter@ae52812, org.springframework.web.filter.CorsFilter@355e7edc, org.springframework.security.web.authentication.logout.LogoutFilter@c9698b6, org.springframework.security.oauth2.client.web.OAuth2AuthorizationRequestRedirectFilter@5c60c436, org.springframework.security.oauth2.client.web.OAuth2LoginAuthenticationFilter@5195719c, com.utiitsl.DMSAuthService.config.auth.JwtAuthFilter@62fde89c, org.springframework.security.web.authentication.ui.DefaultLoginPageGeneratingFilter@48804f5d, org.springframework.security.web.authentication.ui.DefaultLogoutPageGeneratingFilter@3c8eb49c, org.springframework.security.web.savedrequest.RequestCacheAwareFilter@5e7270, org.springframework.security.web.servletapi.SecurityContextHolderAwareRequestFilter@4142d308, org.springframework.security.web.authentication.AnonymousAuthenticationFilter@631eaa04, org.springframework.security.web.session.SessionManagementFilter@35383dfb, org.springframework.security.web.access.ExceptionTranslationFilter@3ba61fe, org.springframework.security.web.access.intercept.AuthorizationFilter@7d330394]] (1/1)
2026-05-22 12:42:53 DEBUG o.s.security.web.FilterChainProxy - Securing GET /oauth2/authorization/google
2026-05-22 12:42:53 TRACE o.s.security.web.FilterChainProxy - Invoking DisableEncodeUrlFilter (1/17)
2026-05-22 12:42:53 TRACE o.s.security.web.FilterChainProxy - Invoking WebAsyncManagerIntegrationFilter (2/17)
2026-05-22 12:42:53 TRACE o.s.security.web.FilterChainProxy - Invoking SecurityContextHolderFilter (3/17)
2026-05-22 12:42:53 TRACE o.s.security.web.FilterChainProxy - Invoking HeaderWriterFilter (4/17)
2026-05-22 12:42:53 TRACE o.s.security.web.FilterChainProxy - Invoking CorsFilter (5/17)
2026-05-22 12:42:53 TRACE o.s.security.web.FilterChainProxy - Invoking LogoutFilter (6/17)
2026-05-22 12:42:53 TRACE o.s.s.w.a.logout.LogoutFilter - Did not match request to Or [Ant [pattern='/logout', GET], Ant [pattern='/logout', POST], Ant [pattern='/logout', PUT], Ant [pattern='/logout', DELETE]]
2026-05-22 12:42:53 TRACE o.s.security.web.FilterChainProxy - Invoking OAuth2AuthorizationRequestRedirectFilter (7/17)
2026-05-22 12:42:53 DEBUG o.s.s.web.DefaultRedirectStrategy - Redirecting to https://accounts.google.com/o/oauth2/v2/auth?response_type=code&client_id=600473531643-oi3n07dnckl59ckqltksq55ggm0hpjm1.apps.googleusercontent.com&scope=openid%20profile%20email&state=hBaoEbGm5VQVoGi9YLirGVdfePOOqBp3Klr7mE2r3vg%3D&redirect_uri=http://localhost:8282/authService/login/oauth2/code/google&nonce=87zhjHNK3sP4NbZVEZUitcdqgepNLFMdbJX-MvfHCDU
2026-05-22 12:42:53 TRACE o.s.s.w.h.writers.HstsHeaderWriter - Not injecting HSTS header since it did not match request to [Is Secure]
2026-05-22 12:43:04 TRACE o.s.security.web.FilterChainProxy - Trying to match request against DefaultSecurityFilterChain [RequestMatcher=any request, Filters=[org.springframework.security.web.session.DisableEncodeUrlFilter@36bd3e4f, org.springframework.security.web.context.request.async.WebAsyncManagerIntegrationFilter@4cdeb095, org.springframework.security.web.context.SecurityContextHolderFilter@6394d23e, org.springframework.security.web.header.HeaderWriterFilter@ae52812, org.springframework.web.filter.CorsFilter@355e7edc, org.springframework.security.web.authentication.logout.LogoutFilter@c9698b6, org.springframework.security.oauth2.client.web.OAuth2AuthorizationRequestRedirectFilter@5c60c436, org.springframework.security.oauth2.client.web.OAuth2LoginAuthenticationFilter@5195719c, com.utiitsl.DMSAuthService.config.auth.JwtAuthFilter@62fde89c, org.springframework.security.web.authentication.ui.DefaultLoginPageGeneratingFilter@48804f5d, org.springframework.security.web.authentication.ui.DefaultLogoutPageGeneratingFilter@3c8eb49c, org.springframework.security.web.savedrequest.RequestCacheAwareFilter@5e7270, org.springframework.security.web.servletapi.SecurityContextHolderAwareRequestFilter@4142d308, org.springframework.security.web.authentication.AnonymousAuthenticationFilter@631eaa04, org.springframework.security.web.session.SessionManagementFilter@35383dfb, org.springframework.security.web.access.ExceptionTranslationFilter@3ba61fe, org.springframework.security.web.access.intercept.AuthorizationFilter@7d330394]] (1/1)
2026-05-22 12:43:04 DEBUG o.s.security.web.FilterChainProxy - Securing OPTIONS /api/v1/create
2026-05-22 12:43:04 TRACE o.s.security.web.FilterChainProxy - Invoking DisableEncodeUrlFilter (1/17)
2026-05-22 12:43:04 TRACE o.s.security.web.FilterChainProxy - Invoking WebAsyncManagerIntegrationFilter (2/17)
2026-05-22 12:43:04 TRACE o.s.security.web.FilterChainProxy - Invoking SecurityContextHolderFilter (3/17)
2026-05-22 12:43:04 TRACE o.s.security.web.FilterChainProxy - Invoking HeaderWriterFilter (4/17)
2026-05-22 12:43:04 TRACE o.s.security.web.FilterChainProxy - Invoking CorsFilter (5/17)
2026-05-22 12:43:04 TRACE o.s.s.w.h.writers.HstsHeaderWriter - Not injecting HSTS header since it did not match request to [Is Secure]
2026-05-22 12:43:04 TRACE o.s.security.web.FilterChainProxy - Trying to match request against DefaultSecurityFilterChain [RequestMatcher=any request, Filters=[org.springframework.security.web.session.DisableEncodeUrlFilter@36bd3e4f, org.springframework.security.web.context.request.async.WebAsyncManagerIntegrationFilter@4cdeb095, org.springframework.security.web.context.SecurityContextHolderFilter@6394d23e, org.springframework.security.web.header.HeaderWriterFilter@ae52812, org.springframework.web.filter.CorsFilter@355e7edc, org.springframework.security.web.authentication.logout.LogoutFilter@c9698b6, org.springframework.security.oauth2.client.web.OAuth2AuthorizationRequestRedirectFilter@5c60c436, org.springframework.security.oauth2.client.web.OAuth2LoginAuthenticationFilter@5195719c, com.utiitsl.DMSAuthService.config.auth.JwtAuthFilter@62fde89c, org.springframework.security.web.authentication.ui.DefaultLoginPageGeneratingFilter@48804f5d, org.springframework.security.web.authentication.ui.DefaultLogoutPageGeneratingFilter@3c8eb49c, org.springframework.security.web.savedrequest.RequestCacheAwareFilter@5e7270, org.springframework.security.web.servletapi.SecurityContextHolderAwareRequestFilter@4142d308, org.springframework.security.web.authentication.AnonymousAuthenticationFilter@631eaa04, org.springframework.security.web.session.SessionManagementFilter@35383dfb, org.springframework.security.web.access.ExceptionTranslationFilter@3ba61fe, org.springframework.security.web.access.intercept.AuthorizationFilter@7d330394]] (1/1)
2026-05-22 12:43:04 DEBUG o.s.security.web.FilterChainProxy - Securing POST /api/v1/create
2026-05-22 12:43:04 TRACE o.s.security.web.FilterChainProxy - Invoking DisableEncodeUrlFilter (1/17)
2026-05-22 12:43:04 TRACE o.s.security.web.FilterChainProxy - Invoking WebAsyncManagerIntegrationFilter (2/17)
2026-05-22 12:43:04 TRACE o.s.security.web.FilterChainProxy - Invoking SecurityContextHolderFilter (3/17)
2026-05-22 12:43:04 TRACE o.s.security.web.FilterChainProxy - Invoking HeaderWriterFilter (4/17)
2026-05-22 12:43:04 TRACE o.s.security.web.FilterChainProxy - Invoking CorsFilter (5/17)
2026-05-22 12:43:04 TRACE o.s.security.web.FilterChainProxy - Invoking LogoutFilter (6/17)
2026-05-22 12:43:04 TRACE o.s.s.w.a.logout.LogoutFilter - Did not match request to Or [Ant [pattern='/logout', GET], Ant [pattern='/logout', POST], Ant [pattern='/logout', PUT], Ant [pattern='/logout', DELETE]]
2026-05-22 12:43:04 TRACE o.s.security.web.FilterChainProxy - Invoking OAuth2AuthorizationRequestRedirectFilter (7/17)
2026-05-22 12:43:04 TRACE o.s.security.web.FilterChainProxy - Invoking OAuth2LoginAuthenticationFilter (8/17)
2026-05-22 12:43:04 TRACE o.s.s.o.c.w.OAuth2LoginAuthenticationFilter - Did not match request to Ant [pattern='/login/oauth2/code/*']
2026-05-22 12:43:04 TRACE o.s.security.web.FilterChainProxy - Invoking JwtAuthFilter (9/17)
2026-05-22 12:43:04 TRACE o.s.security.web.FilterChainProxy - Invoking DefaultLoginPageGeneratingFilter (10/17)
2026-05-22 12:43:04 TRACE o.s.security.web.FilterChainProxy - Invoking DefaultLogoutPageGeneratingFilter (11/17)
2026-05-22 12:43:04 TRACE o.s.s.w.a.u.DefaultLogoutPageGeneratingFilter - Did not render default logout page since request did not match [Ant [pattern='/logout', GET]]
2026-05-22 12:43:04 TRACE o.s.security.web.FilterChainProxy - Invoking RequestCacheAwareFilter (12/17)
2026-05-22 12:43:04 TRACE o.s.security.web.FilterChainProxy - Invoking SecurityContextHolderAwareRequestFilter (13/17)
2026-05-22 12:43:04 TRACE o.s.security.web.FilterChainProxy - Invoking AnonymousAuthenticationFilter (14/17)
2026-05-22 12:43:04 TRACE o.s.security.web.FilterChainProxy - Invoking SessionManagementFilter (15/17)
2026-05-22 12:43:04 TRACE o.s.s.w.c.SupplierDeferredSecurityContext - Created SecurityContextImpl [Null authentication]
2026-05-22 12:43:04 TRACE o.s.s.w.a.AnonymousAuthenticationFilter - Set SecurityContextHolder to AnonymousAuthenticationToken [Principal=anonymousUser, Credentials=[PROTECTED], Authenticated=true, Details=WebAuthenticationDetails [RemoteIpAddress=0:0:0:0:0:0:0:1, SessionId=null], Granted Authorities=[ROLE_ANONYMOUS]]
2026-05-22 12:43:04 TRACE o.s.security.web.FilterChainProxy - Invoking ExceptionTranslationFilter (16/17)
2026-05-22 12:43:04 TRACE o.s.security.web.FilterChainProxy - Invoking AuthorizationFilter (17/17)
2026-05-22 12:43:04 TRACE o.s.s.w.a.i.RequestMatcherDelegatingAuthorizationManager - Authorizing POST /api/v1/create
2026-05-22 12:43:04 TRACE o.s.s.w.a.i.RequestMatcherDelegatingAuthorizationManager - Checking authorization on POST /api/v1/create using org.springframework.security.authorization.AuthenticatedAuthorizationManager@3a2abf57
2026-05-22 12:43:04 TRACE o.s.s.w.a.ExceptionTranslationFilter - Sending AnonymousAuthenticationToken [Principal=anonymousUser, Credentials=[PROTECTED], Authenticated=true, Details=WebAuthenticationDetails [RemoteIpAddress=0:0:0:0:0:0:0:1, SessionId=null], Granted Authorities=[ROLE_ANONYMOUS]] to authentication entry point since access is denied
org.springframework.security.access.AccessDeniedException: Access Denied
	at org.springframework.security.web.access.intercept.AuthorizationFilter.doFilter(AuthorizationFilter.java:98)
	at org.springframework.security.web.FilterChainProxy$VirtualFilterChain.doFilter(FilterChainProxy.java:374)
	at org.springframework.security.web.access.ExceptionTranslationFilter.doFilter(ExceptionTranslationFilter.java:126)
	at org.springframework.security.web.access.ExceptionTranslationFilter.doFilter(ExceptionTranslationFilter.java:120)
	at org.springframework.security.web.FilterChainProxy$VirtualFilterChain.doFilter(FilterChainProxy.java:374)
	at org.springframework.security.web.session.SessionManagementFilter.doFilter(SessionManagementFilter.java:131)
	at org.springframework.security.web.session.SessionManagementFilter.doFilter(SessionManagementFilter.java:85)
	at org.springframework.security.web.FilterChainProxy$VirtualFilterChain.doFilter(FilterChainProxy.java:374)
	at org.springframework.security.web.authentication.AnonymousAuthenticationFilter.doFilter(AnonymousAuthenticationFilter.java:100)
	at org.springframework.security.web.FilterChainProxy$VirtualFilterChain.doFilter(FilterChainProxy.java:374)
	at org.springframework.security.web.servletapi.SecurityContextHolderAwareRequestFilter.doFilter(SecurityContextHolderAwareRequestFilter.java:179)
	at org.springframework.security.web.FilterChainProxy$VirtualFilterChain.doFilter(FilterChainProxy.java:374)
	at org.springframework.security.web.savedrequest.RequestCacheAwareFilter.doFilter(RequestCacheAwareFilter.java:63)
	at org.springframework.security.web.FilterChainProxy$VirtualFilterChain.doFilter(FilterChainProxy.java:374)
	at org.springframework.security.web.authentication.ui.DefaultLogoutPageGeneratingFilter.doFilterInternal(DefaultLogoutPageGeneratingFilter.java:58)
	at org.springframework.web.filter.OncePerRequestFilter.doFilter(OncePerRequestFilter.java:116)
	at org.springframework.security.web.FilterChainProxy$VirtualFilterChain.doFilter(FilterChainProxy.java:374)
	at org.springframework.security.web.authentication.ui.DefaultLoginPageGeneratingFilter.doFilter(DefaultLoginPageGeneratingFilter.java:189)
	at org.springframework.security.web.authentication.ui.DefaultLoginPageGeneratingFilter.doFilter(DefaultLoginPageGeneratingFilter.java:175)
	at org.springframework.security.web.FilterChainProxy$VirtualFilterChain.doFilter(FilterChainProxy.java:374)
	at com.utiitsl.DMSAuthService.config.auth.JwtAuthFilter.doFilterInternal(JwtAuthFilter.java:40)
	at org.springframework.web.filter.OncePerRequestFilter.doFilter(OncePerRequestFilter.java:116)
	at org.springframework.security.web.FilterChainProxy$VirtualFilterChain.doFilter(FilterChainProxy.java:374)
	at org.springframework.security.web.authentication.AbstractAuthenticationProcessingFilter.doFilter(AbstractAuthenticationProcessingFilter.java:227)
	at org.springframework.security.web.authentication.AbstractAuthenticationProcessingFilter.doFilter(AbstractAuthenticationProcessingFilter.java:221)
	at org.springframework.security.web.FilterChainProxy$VirtualFilterChain.doFilter(FilterChainProxy.java:374)
	at org.springframework.security.oauth2.client.web.OAuth2AuthorizationRequestRedirectFilter.doFilterInternal(OAuth2AuthorizationRequestRedirectFilter.java:181)
	at org.springframework.web.filter.OncePerRequestFilter.doFilter(OncePerRequestFilter.java:116)
	at org.springframework.security.web.FilterChainProxy$VirtualFilterChain.doFilter(FilterChainProxy.java:374)
	at org.springframework.security.web.authentication.logout.LogoutFilter.doFilter(LogoutFilter.java:107)
	at org.springframework.security.web.authentication.logout.LogoutFilter.doFilter(LogoutFilter.java:93)
	at org.springframework.security.web.FilterChainProxy$VirtualFilterChain.doFilter(FilterChainProxy.java:374)
	at org.springframework.web.filter.CorsFilter.doFilterInternal(CorsFilter.java:91)
	at org.springframework.web.filter.OncePerRequestFilter.doFilter(OncePerRequestFilter.java:116)
	at org.springframework.security.web.FilterChainProxy$VirtualFilterChain.doFilter(FilterChainProxy.java:374)
	at org.springframework.security.web.header.HeaderWriterFilter.doHeadersAfter(HeaderWriterFilter.java:90)
	at org.springframework.security.web.header.HeaderWriterFilter.doFilterInternal(HeaderWriterFilter.java:75)
	at org.springframework.web.filter.OncePerRequestFilter.doFilter(OncePerRequestFilter.java:116)
	at org.springframework.security.web.FilterChainProxy$VirtualFilterChain.doFilter(FilterChainProxy.java:374)
	at org.springframework.security.web.context.SecurityContextHolderFilter.doFilter(SecurityContextHolderFilter.java:82)
	at org.springframework.security.web.context.SecurityContextHolderFilter.doFilter(SecurityContextHolderFilter.java:69)
	at org.springframework.security.web.FilterChainProxy$VirtualFilterChain.doFilter(FilterChainProxy.java:374)
	at org.springframework.security.web.context.request.async.WebAsyncManagerIntegrationFilter.doFilterInternal(WebAsyncManagerIntegrationFilter.java:62)
	at org.springframework.web.filter.OncePerRequestFilter.doFilter(OncePerRequestFilter.java:116)
	at org.springframework.security.web.FilterChainProxy$VirtualFilterChain.doFilter(FilterChainProxy.java:374)
	at org.springframework.security.web.session.DisableEncodeUrlFilter.doFilterInternal(DisableEncodeUrlFilter.java:42)
	at org.springframework.web.filter.OncePerRequestFilter.doFilter(OncePerRequestFilter.java:116)
	at org.springframework.security.web.FilterChainProxy$VirtualFilterChain.doFilter(FilterChainProxy.java:374)
	at org.springframework.security.web.FilterChainProxy.doFilterInternal(FilterChainProxy.java:233)
	at org.springframework.security.web.FilterChainProxy.doFilter(FilterChainProxy.java:191)
	at org.springframework.web.filter.CompositeFilter$VirtualFilterChain.doFilter(CompositeFilter.java:113)
	at org.springframework.web.servlet.handler.HandlerMappingIntrospector.lambda$createCacheFilter$3(HandlerMappingIntrospector.java:195)
	at org.springframework.web.filter.CompositeFilter$VirtualFilterChain.doFilter(CompositeFilter.java:113)
	at org.springframework.web.filter.CompositeFilter.doFilter(CompositeFilter.java:74)
	at org.springframework.security.config.annotation.web.configuration.WebMvcSecurityConfiguration$CompositeFilterChainProxy.doFilter(WebMvcSecurityConfiguration.java:230)
	at org.springframework.web.filter.DelegatingFilterProxy.invokeDelegate(DelegatingFilterProxy.java:352)
	at org.springframework.web.filter.DelegatingFilterProxy.doFilter(DelegatingFilterProxy.java:268)
	at org.apache.catalina.core.ApplicationFilterChain.internalDoFilter(ApplicationFilterChain.java:164)
	at org.apache.catalina.core.ApplicationFilterChain.doFilter(ApplicationFilterChain.java:140)
	at org.springframework.web.filter.RequestContextFilter.doFilterInternal(RequestContextFilter.java:100)
	at org.springframework.web.filter.OncePerRequestFilter.doFilter(OncePerRequestFilter.java:116)
	at org.apache.catalina.core.ApplicationFilterChain.internalDoFilter(ApplicationFilterChain.java:164)
	at org.apache.catalina.core.ApplicationFilterChain.doFilter(ApplicationFilterChain.java:140)
	at org.springframework.web.filter.FormContentFilter.doFilterInternal(FormContentFilter.java:93)
	at org.springframework.web.filter.OncePerRequestFilter.doFilter(OncePerRequestFilter.java:116)
	at org.apache.catalina.core.ApplicationFilterChain.internalDoFilter(ApplicationFilterChain.java:164)
	at org.apache.catalina.core.ApplicationFilterChain.doFilter(ApplicationFilterChain.java:140)
	at org.springframework.web.filter.CharacterEncodingFilter.doFilterInternal(CharacterEncodingFilter.java:201)
	at org.springframework.web.filter.OncePerRequestFilter.doFilter(OncePerRequestFilter.java:116)
	at org.apache.catalina.core.ApplicationFilterChain.internalDoFilter(ApplicationFilterChain.java:164)
	at org.apache.catalina.core.ApplicationFilterChain.doFilter(ApplicationFilterChain.java:140)
	at org.apache.catalina.core.StandardWrapperValve.invoke(StandardWrapperValve.java:167)
	at org.apache.catalina.core.StandardContextValve.invoke(StandardContextValve.java:90)
	at org.apache.catalina.authenticator.AuthenticatorBase.invoke(AuthenticatorBase.java:483)
	at org.apache.catalina.core.StandardHostValve.invoke(StandardHostValve.java:115)
	at org.apache.catalina.valves.ErrorReportValve.invoke(ErrorReportValve.java:93)
	at org.apache.catalina.core.StandardEngineValve.invoke(StandardEngineValve.java:74)
	at org.apache.catalina.connector.CoyoteAdapter.service(CoyoteAdapter.java:344)
	at org.apache.coyote.http11.Http11Processor.service(Http11Processor.java:384)
	at org.apache.coyote.AbstractProcessorLight.process(AbstractProcessorLight.java:63)
	at org.apache.coyote.AbstractProtocol$ConnectionHandler.process(AbstractProtocol.java:904)
	at org.apache.tomcat.util.net.NioEndpoint$SocketProcessor.doRun(NioEndpoint.java:1741)
	at org.apache.tomcat.util.net.SocketProcessorBase.run(SocketProcessorBase.java:52)
	at org.apache.tomcat.util.threads.ThreadPoolExecutor.runWorker(ThreadPoolExecutor.java:1190)
	at org.apache.tomcat.util.threads.ThreadPoolExecutor$Worker.run(ThreadPoolExecutor.java:659)
	at org.apache.tomcat.util.threads.TaskThread$WrappingRunnable.run(TaskThread.java:63)
	at java.base/java.lang.Thread.run(Thread.java:1583)
2026-05-22 12:43:04 DEBUG o.s.s.w.a.DelegatingAuthenticationEntryPoint - Trying to match using And [Not [RequestHeaderRequestMatcher [expectedHeaderName=X-Requested-With, expectedHeaderValue=XMLHttpRequest]], Not [And [Or [Ant [pattern='/login'], Ant [pattern='/favicon.ico']], And [Not [RequestHeaderRequestMatcher [expectedHeaderName=X-Requested-With, expectedHeaderValue=XMLHttpRequest]], MediaTypeRequestMatcher [contentNegotiationStrategy=org.springframework.web.accept.ContentNegotiationManager@54a26e34, matchingMediaTypes=[application/xhtml+xml, image/*, text/html, text/plain], useEquals=false, ignoredMediaTypes=[*/*]]]]], org.springframework.security.config.annotation.web.configurers.oauth2.client.OAuth2LoginConfigurer$$Lambda/0x000001afc0a3aa50@2d8314b8]
2026-05-22 12:43:04 DEBUG o.s.s.w.a.DelegatingAuthenticationEntryPoint - Match found! Executing org.springframework.security.web.authentication.LoginUrlAuthenticationEntryPoint@48e6aa9f
2026-05-22 12:43:04 DEBUG o.s.s.web.DefaultRedirectStrategy - Redirecting to http://localhost:8282/authService/oauth2/authorization/google
2026-05-22 12:43:04 TRACE o.s.s.w.h.writers.HstsHeaderWriter - Not injecting HSTS header since it did not match request to [Is Secure]
2026-05-22 12:43:04 TRACE o.s.security.web.FilterChainProxy - Trying to match request against DefaultSecurityFilterChain [RequestMatcher=any request, Filters=[org.springframework.security.web.session.DisableEncodeUrlFilter@36bd3e4f, org.springframework.security.web.context.request.async.WebAsyncManagerIntegrationFilter@4cdeb095, org.springframework.security.web.context.SecurityContextHolderFilter@6394d23e, org.springframework.security.web.header.HeaderWriterFilter@ae52812, org.springframework.web.filter.CorsFilter@355e7edc, org.springframework.security.web.authentication.logout.LogoutFilter@c9698b6, org.springframework.security.oauth2.client.web.OAuth2AuthorizationRequestRedirectFilter@5c60c436, org.springframework.security.oauth2.client.web.OAuth2LoginAuthenticationFilter@5195719c, com.utiitsl.DMSAuthService.config.auth.JwtAuthFilter@62fde89c, org.springframework.security.web.authentication.ui.DefaultLoginPageGeneratingFilter@48804f5d, org.springframework.security.web.authentication.ui.DefaultLogoutPageGeneratingFilter@3c8eb49c, org.springframework.security.web.savedrequest.RequestCacheAwareFilter@5e7270, org.springframework.security.web.servletapi.SecurityContextHolderAwareRequestFilter@4142d308, org.springframework.security.web.authentication.AnonymousAuthenticationFilter@631eaa04, org.springframework.security.web.session.SessionManagementFilter@35383dfb, org.springframework.security.web.access.ExceptionTranslationFilter@3ba61fe, org.springframework.security.web.access.intercept.AuthorizationFilter@7d330394]] (1/1)
2026-05-22 12:43:04 DEBUG o.s.security.web.FilterChainProxy - Securing GET /oauth2/authorization/google
2026-05-22 12:43:04 TRACE o.s.security.web.FilterChainProxy - Invoking DisableEncodeUrlFilter (1/17)
2026-05-22 12:43:04 TRACE o.s.security.web.FilterChainProxy - Invoking WebAsyncManagerIntegrationFilter (2/17)
2026-05-22 12:43:04 TRACE o.s.security.web.FilterChainProxy - Invoking SecurityContextHolderFilter (3/17)
2026-05-22 12:43:04 TRACE o.s.security.web.FilterChainProxy - Invoking HeaderWriterFilter (4/17)
2026-05-22 12:43:04 TRACE o.s.security.web.FilterChainProxy - Invoking CorsFilter (5/17)
2026-05-22 12:43:04 TRACE o.s.security.web.FilterChainProxy - Invoking LogoutFilter (6/17)
2026-05-22 12:43:04 TRACE o.s.s.w.a.logout.LogoutFilter - Did not match request to Or [Ant [pattern='/logout', GET], Ant [pattern='/logout', POST], Ant [pattern='/logout', PUT], Ant [pattern='/logout', DELETE]]
2026-05-22 12:43:04 TRACE o.s.security.web.FilterChainProxy - Invoking OAuth2AuthorizationRequestRedirectFilter (7/17)
2026-05-22 12:43:04 DEBUG o.s.s.web.DefaultRedirectStrategy - Redirecting to https://accounts.google.com/o/oauth2/v2/auth?response_type=code&client_id=600473531643-oi3n07dnckl59ckqltksq55ggm0hpjm1.apps.googleusercontent.com&scope=openid%20profile%20email&state=DnW_0HXiXs_aTPbqPmnkUrxkzGctF0Rga8S2PWs0At8%3D&redirect_uri=http://localhost:8282/authService/login/oauth2/code/google&nonce=T6CpG9k_lhCpEApvkSlaMH4wCtUw9e7tIX79XSHUbZo
2026-05-22 12:43:04 TRACE o.s.s.w.h.writers.HstsHeaderWriter - Not injecting HSTS header since it did not match request to [Is Secure]
2026-05-22 12:44:31 TRACE o.s.security.web.FilterChainProxy - Trying to match request against DefaultSecurityFilterChain [RequestMatcher=any request, Filters=[org.springframework.security.web.session.DisableEncodeUrlFilter@36bd3e4f, org.springframework.security.web.context.request.async.WebAsyncManagerIntegrationFilter@4cdeb095, org.springframework.security.web.context.SecurityContextHolderFilter@6394d23e, org.springframework.security.web.header.HeaderWriterFilter@ae52812, org.springframework.web.filter.CorsFilter@355e7edc, org.springframework.security.web.authentication.logout.LogoutFilter@c9698b6, org.springframework.security.oauth2.client.web.OAuth2AuthorizationRequestRedirectFilter@5c60c436, org.springframework.security.oauth2.client.web.OAuth2LoginAuthenticationFilter@5195719c, com.utiitsl.DMSAuthService.config.auth.JwtAuthFilter@62fde89c, org.springframework.security.web.authentication.ui.DefaultLoginPageGeneratingFilter@48804f5d, org.springframework.security.web.authentication.ui.DefaultLogoutPageGeneratingFilter@3c8eb49c, org.springframework.security.web.savedrequest.RequestCacheAwareFilter@5e7270, org.springframework.security.web.servletapi.SecurityContextHolderAwareRequestFilter@4142d308, org.springframework.security.web.authentication.AnonymousAuthenticationFilter@631eaa04, org.springframework.security.web.session.SessionManagementFilter@35383dfb, org.springframework.security.web.access.ExceptionTranslationFilter@3ba61fe, org.springframework.security.web.access.intercept.AuthorizationFilter@7d330394]] (1/1)
2026-05-22 12:44:31 DEBUG o.s.security.web.FilterChainProxy - Securing OPTIONS /api/v1/auth/create
2026-05-22 12:44:31 TRACE o.s.security.web.FilterChainProxy - Invoking DisableEncodeUrlFilter (1/17)
2026-05-22 12:44:31 TRACE o.s.security.web.FilterChainProxy - Invoking WebAsyncManagerIntegrationFilter (2/17)
2026-05-22 12:44:31 TRACE o.s.security.web.FilterChainProxy - Invoking SecurityContextHolderFilter (3/17)
2026-05-22 12:44:31 TRACE o.s.security.web.FilterChainProxy - Invoking HeaderWriterFilter (4/17)
2026-05-22 12:44:31 TRACE o.s.security.web.FilterChainProxy - Invoking CorsFilter (5/17)
2026-05-22 12:44:31 TRACE o.s.s.w.h.writers.HstsHeaderWriter - Not injecting HSTS header since it did not match request to [Is Secure]
2026-05-22 12:44:31 TRACE o.s.security.web.FilterChainProxy - Trying to match request against DefaultSecurityFilterChain [RequestMatcher=any request, Filters=[org.springframework.security.web.session.DisableEncodeUrlFilter@36bd3e4f, org.springframework.security.web.context.request.async.WebAsyncManagerIntegrationFilter@4cdeb095, org.springframework.security.web.context.SecurityContextHolderFilter@6394d23e, org.springframework.security.web.header.HeaderWriterFilter@ae52812, org.springframework.web.filter.CorsFilter@355e7edc, org.springframework.security.web.authentication.logout.LogoutFilter@c9698b6, org.springframework.security.oauth2.client.web.OAuth2AuthorizationRequestRedirectFilter@5c60c436, org.springframework.security.oauth2.client.web.OAuth2LoginAuthenticationFilter@5195719c, com.utiitsl.DMSAuthService.config.auth.JwtAuthFilter@62fde89c, org.springframework.security.web.authentication.ui.DefaultLoginPageGeneratingFilter@48804f5d, org.springframework.security.web.authentication.ui.DefaultLogoutPageGeneratingFilter@3c8eb49c, org.springframework.security.web.savedrequest.RequestCacheAwareFilter@5e7270, org.springframework.security.web.servletapi.SecurityContextHolderAwareRequestFilter@4142d308, org.springframework.security.web.authentication.AnonymousAuthenticationFilter@631eaa04, org.springframework.security.web.session.SessionManagementFilter@35383dfb, org.springframework.security.web.access.ExceptionTranslationFilter@3ba61fe, org.springframework.security.web.access.intercept.AuthorizationFilter@7d330394]] (1/1)
2026-05-22 12:44:31 DEBUG o.s.security.web.FilterChainProxy - Securing POST /api/v1/auth/create
2026-05-22 12:44:31 TRACE o.s.security.web.FilterChainProxy - Invoking DisableEncodeUrlFilter (1/17)
2026-05-22 12:44:31 TRACE o.s.security.web.FilterChainProxy - Invoking WebAsyncManagerIntegrationFilter (2/17)
2026-05-22 12:44:31 TRACE o.s.security.web.FilterChainProxy - Invoking SecurityContextHolderFilter (3/17)
2026-05-22 12:44:31 TRACE o.s.security.web.FilterChainProxy - Invoking HeaderWriterFilter (4/17)
2026-05-22 12:44:31 TRACE o.s.security.web.FilterChainProxy - Invoking CorsFilter (5/17)
2026-05-22 12:44:31 TRACE o.s.security.web.FilterChainProxy - Invoking LogoutFilter (6/17)
2026-05-22 12:44:31 TRACE o.s.s.w.a.logout.LogoutFilter - Did not match request to Or [Ant [pattern='/logout', GET], Ant [pattern='/logout', POST], Ant [pattern='/logout', PUT], Ant [pattern='/logout', DELETE]]
2026-05-22 12:44:31 TRACE o.s.security.web.FilterChainProxy - Invoking OAuth2AuthorizationRequestRedirectFilter (7/17)
2026-05-22 12:44:31 TRACE o.s.security.web.FilterChainProxy - Invoking OAuth2LoginAuthenticationFilter (8/17)
2026-05-22 12:44:31 TRACE o.s.s.o.c.w.OAuth2LoginAuthenticationFilter - Did not match request to Ant [pattern='/login/oauth2/code/*']
2026-05-22 12:44:31 TRACE o.s.security.web.FilterChainProxy - Invoking JwtAuthFilter (9/17)
2026-05-22 12:44:31 TRACE o.s.security.web.FilterChainProxy - Invoking DefaultLoginPageGeneratingFilter (10/17)
2026-05-22 12:44:31 TRACE o.s.security.web.FilterChainProxy - Invoking DefaultLogoutPageGeneratingFilter (11/17)
2026-05-22 12:44:31 TRACE o.s.s.w.a.u.DefaultLogoutPageGeneratingFilter - Did not render default logout page since request did not match [Ant [pattern='/logout', GET]]
2026-05-22 12:44:31 TRACE o.s.security.web.FilterChainProxy - Invoking RequestCacheAwareFilter (12/17)
2026-05-22 12:44:31 TRACE o.s.security.web.FilterChainProxy - Invoking SecurityContextHolderAwareRequestFilter (13/17)
2026-05-22 12:44:31 TRACE o.s.security.web.FilterChainProxy - Invoking AnonymousAuthenticationFilter (14/17)
2026-05-22 12:44:31 TRACE o.s.security.web.FilterChainProxy - Invoking SessionManagementFilter (15/17)
2026-05-22 12:44:31 TRACE o.s.s.w.c.SupplierDeferredSecurityContext - Created SecurityContextImpl [Null authentication]
2026-05-22 12:44:31 TRACE o.s.s.w.a.AnonymousAuthenticationFilter - Set SecurityContextHolder to AnonymousAuthenticationToken [Principal=anonymousUser, Credentials=[PROTECTED], Authenticated=true, Details=WebAuthenticationDetails [RemoteIpAddress=0:0:0:0:0:0:0:1, SessionId=null], Granted Authorities=[ROLE_ANONYMOUS]]
2026-05-22 12:44:31 TRACE o.s.security.web.FilterChainProxy - Invoking ExceptionTranslationFilter (16/17)
2026-05-22 12:44:31 TRACE o.s.security.web.FilterChainProxy - Invoking AuthorizationFilter (17/17)
2026-05-22 12:44:31 TRACE o.s.s.w.a.i.RequestMatcherDelegatingAuthorizationManager - Authorizing POST /api/v1/auth/create
2026-05-22 12:44:31 TRACE o.s.s.w.a.i.RequestMatcherDelegatingAuthorizationManager - Checking authorization on POST /api/v1/auth/create using org.springframework.security.config.annotation.web.configurers.AuthorizeHttpRequestsConfigurer$$Lambda/0x000001afc0a2d708@23f911aa
2026-05-22 12:44:31 DEBUG o.s.security.web.FilterChainProxy - Secured POST /api/v1/auth/create
2026-05-22 12:44:32 WARN  o.h.e.jdbc.spi.SqlExceptionHelper - SQL Error: 1054, SQLState: 42S22
2026-05-22 12:44:32 ERROR o.h.e.jdbc.spi.SqlExceptionHelper - Unknown column 'u1_0.mobileNo' in 'field list'
2026-05-22 12:44:32 TRACE o.s.s.w.h.writers.HstsHeaderWriter - Not injecting HSTS header since it did not match request to [Is Secure]
2026-05-22 12:44:32 WARN  o.s.w.s.m.m.a.ExceptionHandlerExceptionResolver - Resolved [org.springframework.dao.InvalidDataAccessResourceUsageException: JDBC exception executing SQL [select u1_0.user_id,u1_0.activeStatus,u1_0.email,u1_0.firstName,u1_0.lastName,u1_0.mobileNo,u1_0.originalPassword,u1_0.password,u1_0.role,u1_0.username from Users u1_0 where u1_0.username=?] [Unknown column 'u1_0.mobileNo' in 'field list'] [n/a]; SQL [n/a]]
2026-05-22 12:45:01 INFO  o.s.o.j.LocalContainerEntityManagerFactoryBean - Closing JPA EntityManagerFactory for persistence unit 'default'
2026-05-22 12:45:01 INFO  com.zaxxer.hikari.HikariDataSource - HikariPool-1 - Shutdown initiated...
2026-05-22 12:45:01 INFO  com.zaxxer.hikari.HikariDataSource - HikariPool-1 - Shutdown completed.
2026-05-22 12:45:04 INFO  c.u.D.DmsAuthServiceApplication - Starting DmsAuthServiceApplication using Java 21.0.6 with PID 29672 (C:\Users\mohammada1\Desktop\Invoice_Project\AuthService\target\classes started by mohammada1 in C:\Users\mohammada1\Desktop\Invoice_Project\AuthService)
2026-05-22 12:45:04 INFO  c.u.D.DmsAuthServiceApplication - The following 1 profile is active: "dev"
2026-05-22 12:45:04 INFO  o.s.b.d.e.DevToolsPropertyDefaultsPostProcessor - Devtools property defaults active! Set 'spring.devtools.add-properties' to 'false' to disable
2026-05-22 12:45:04 INFO  o.s.b.d.e.DevToolsPropertyDefaultsPostProcessor - For additional web related logging consider setting the 'logging.level.web' property to 'DEBUG'
2026-05-22 12:45:05 INFO  o.s.d.r.c.RepositoryConfigurationDelegate - Bootstrapping Spring Data JPA repositories in DEFAULT mode.
2026-05-22 12:45:05 INFO  o.s.d.r.c.RepositoryConfigurationDelegate - Finished Spring Data repository scanning in 90 ms. Found 3 JPA repository interfaces.
2026-05-22 12:45:06 INFO  o.s.b.w.e.tomcat.TomcatWebServer - Tomcat initialized with port 8282 (http)
2026-05-22 12:45:06 INFO  o.a.catalina.core.StandardService - Starting service [Tomcat]
2026-05-22 12:45:06 INFO  o.a.catalina.core.StandardEngine - Starting Servlet engine: [Apache Tomcat/10.1.28]
2026-05-22 12:45:06 INFO  o.a.c.c.C.[.[.[/authService] - Initializing Spring embedded WebApplicationContext
2026-05-22 12:45:06 INFO  o.s.b.w.s.c.ServletWebServerApplicationContext - Root WebApplicationContext: initialization completed in 2189 ms
2026-05-22 12:45:06 INFO  o.h.jpa.internal.util.LogHelper - HHH000204: Processing PersistenceUnitInfo [name: default]
2026-05-22 12:45:06 INFO  org.hibernate.Version - HHH000412: Hibernate ORM core version 6.4.10.Final
2026-05-22 12:45:06 INFO  o.h.c.i.RegionFactoryInitiator - HHH000026: Second-level cache disabled
2026-05-22 12:45:06 INFO  o.s.o.j.p.SpringPersistenceUnitInfo - No LoadTimeWeaver setup: ignoring JPA class transformer
2026-05-22 12:45:06 INFO  com.zaxxer.hikari.HikariDataSource - HikariPool-1 - Starting...
2026-05-22 12:45:07 INFO  com.zaxxer.hikari.pool.HikariPool - HikariPool-1 - Added connection com.mysql.cj.jdbc.ConnectionImpl@5d5dc1f1
2026-05-22 12:45:07 INFO  com.zaxxer.hikari.HikariDataSource - HikariPool-1 - Start completed.
2026-05-22 12:45:08 INFO  o.h.e.t.j.p.i.JtaPlatformInitiator - HHH000489: No JTA platform available (set 'hibernate.transaction.jta.platform' to enable JTA platform integration)
2026-05-22 12:45:08 INFO  o.s.o.j.LocalContainerEntityManagerFactoryBean - Initialized JPA EntityManagerFactory for persistence unit 'default'
2026-05-22 12:45:08 INFO  o.s.d.j.r.query.QueryEnhancerFactory - Hibernate is in classpath; If applicable, HQL parser will be used.
2026-05-22 12:45:09 TRACE o.s.s.c.a.a.c.AuthenticationConfiguration$EnableGlobalAuthenticationAutowiredConfigurer - Eagerly initializing {securityConfiguration=com.utiitsl.DMSAuthService.config.auth.SecurityConfiguration$$SpringCGLIB$$0@5e41e07d}
2026-05-22 12:45:09 DEBUG o.s.s.a.p.PrePostAnnotationSecurityMetadataSource - @org.springframework.security.access.prepost.PreAuthorize("hasAuthority(\'admin:delete\')") found on specific method: public org.springframework.http.ResponseEntity com.utiitsl.DMSAuthService.controller.dash.DashController.deleteUserById(java.lang.Integer)
2026-05-22 12:45:09 DEBUG o.s.s.a.m.DelegatingMethodSecurityMetadataSource - Caching method [CacheKey[com.utiitsl.DMSAuthService.controller.dash.DashController; public org.springframework.http.ResponseEntity com.utiitsl.DMSAuthService.controller.dash.DashController.deleteUserById(java.lang.Integer)]] with attributes [[authorize: 'hasAuthority('admin:delete')', filter: 'null', filterTarget: 'null']]
2026-05-22 12:45:09 TRACE o.s.s.a.i.a.MethodSecurityInterceptor - Validated configuration attributes
2026-05-22 12:45:09 DEBUG o.s.s.a.p.PrePostAnnotationSecurityMetadataSource - @org.springframework.security.access.prepost.PreAuthorize("hasAuthority(\'admin:update\')") found on specific method: public org.springframework.http.ResponseEntity com.utiitsl.DMSAuthService.controller.dash.DashController.updateUser(com.utiitsl.DMSAuthService.dto.UserDTO,java.lang.Integer)
2026-05-22 12:45:09 DEBUG o.s.s.a.m.DelegatingMethodSecurityMetadataSource - Caching method [CacheKey[com.utiitsl.DMSAuthService.controller.dash.DashController; public org.springframework.http.ResponseEntity com.utiitsl.DMSAuthService.controller.dash.DashController.updateUser(com.utiitsl.DMSAuthService.dto.UserDTO,java.lang.Integer)]] with attributes [[authorize: 'hasAuthority('admin:update')', filter: 'null', filterTarget: 'null']]
2026-05-22 12:45:09 DEBUG o.s.s.a.p.PrePostAnnotationSecurityMetadataSource - @org.springframework.security.access.prepost.PreAuthorize("hasRole(\'ROLE_APPLICATION_ADMIN\') or hasRole(\'ROLE_ADMIN\')") found on specific method: public org.springframework.http.ResponseEntity com.utiitsl.DMSAuthService.controller.user.UserController.register(com.utiitsl.DMSAuthService.dto.RegisterRequestDTO,java.lang.String,jakarta.servlet.http.HttpServletRequest)
2026-05-22 12:45:09 DEBUG o.s.s.a.m.DelegatingMethodSecurityMetadataSource - Caching method [CacheKey[com.utiitsl.DMSAuthService.controller.user.UserController; public org.springframework.http.ResponseEntity com.utiitsl.DMSAuthService.controller.user.UserController.register(com.utiitsl.DMSAuthService.dto.RegisterRequestDTO,java.lang.String,jakarta.servlet.http.HttpServletRequest)]] with attributes [[authorize: 'hasRole('ROLE_APPLICATION_ADMIN') or hasRole('ROLE_ADMIN')', filter: 'null', filterTarget: 'null']]
2026-05-22 12:45:09 DEBUG o.s.s.a.p.PrePostAnnotationSecurityMetadataSource - @org.springframework.security.access.prepost.PreAuthorize("hasRole(\'ROLE_APPLICATION_ADMIN\') or hasRole(\'ROLE_ADMIN\')") found on specific method: public org.springframework.http.ResponseEntity com.utiitsl.DMSAuthService.controller.user.UserController.activateDeactivateUser(java.lang.String,boolean)
2026-05-22 12:45:09 DEBUG o.s.s.a.m.DelegatingMethodSecurityMetadataSource - Caching method [CacheKey[com.utiitsl.DMSAuthService.controller.user.UserController; public org.springframework.http.ResponseEntity com.utiitsl.DMSAuthService.controller.user.UserController.activateDeactivateUser(java.lang.String,boolean)]] with attributes [[authorize: 'hasRole('ROLE_APPLICATION_ADMIN') or hasRole('ROLE_ADMIN')', filter: 'null', filterTarget: 'null']]
2026-05-22 12:45:09 DEBUG o.s.s.a.p.PrePostAnnotationSecurityMetadataSource - @org.springframework.security.access.prepost.PreAuthorize("hasRole(\'ROLE_APPLICATION_ADMIN\') or hasRole(\'ROLE_ADMIN\')") found on specific method: public org.springframework.http.ResponseEntity com.utiitsl.DMSAuthService.controller.user.UserController.getAllUser(int,int,java.lang.String,jakarta.servlet.http.HttpServletRequest)
2026-05-22 12:45:09 DEBUG o.s.s.a.m.DelegatingMethodSecurityMetadataSource - Caching method [CacheKey[com.utiitsl.DMSAuthService.controller.user.UserController; public org.springframework.http.ResponseEntity com.utiitsl.DMSAuthService.controller.user.UserController.getAllUser(int,int,java.lang.String,jakarta.servlet.http.HttpServletRequest)]] with attributes [[authorize: 'hasRole('ROLE_APPLICATION_ADMIN') or hasRole('ROLE_ADMIN')', filter: 'null', filterTarget: 'null']]
2026-05-22 12:45:09 WARN  o.s.b.a.o.j.JpaBaseConfiguration$JpaWebConfiguration - spring.jpa.open-in-view is enabled by default. Therefore, database queries may be performed during view rendering. Explicitly configure spring.jpa.open-in-view to disable this warning
2026-05-22 12:45:11 INFO  o.s.s.web.DefaultSecurityFilterChain - Will secure any request with [org.springframework.security.web.session.DisableEncodeUrlFilter@519d438e, org.springframework.security.web.context.request.async.WebAsyncManagerIntegrationFilter@1927c8a3, org.springframework.security.web.context.SecurityContextHolderFilter@d7f180f, org.springframework.security.web.header.HeaderWriterFilter@2943e217, org.springframework.web.filter.CorsFilter@81d4530, org.springframework.security.web.authentication.logout.LogoutFilter@283b81ee, org.springframework.security.oauth2.client.web.OAuth2AuthorizationRequestRedirectFilter@1c1bce6, org.springframework.security.oauth2.client.web.OAuth2LoginAuthenticationFilter@202d0bfd, com.utiitsl.DMSAuthService.config.auth.JwtAuthFilter@144c802a, org.springframework.security.web.authentication.ui.DefaultLoginPageGeneratingFilter@5a1d47dd, org.springframework.security.web.authentication.ui.DefaultLogoutPageGeneratingFilter@2c5eb752, org.springframework.security.web.savedrequest.RequestCacheAwareFilter@76ed76ee, org.springframework.security.web.servletapi.SecurityContextHolderAwareRequestFilter@6ec17c30, org.springframework.security.web.authentication.AnonymousAuthenticationFilter@17e41064, org.springframework.security.web.session.SessionManagementFilter@7c6e9ea8, org.springframework.security.web.access.ExceptionTranslationFilter@75dc8873, org.springframework.security.web.access.intercept.AuthorizationFilter@63d7e3b1]
2026-05-22 12:45:11 INFO  o.s.b.d.a.OptionalLiveReloadServer - LiveReload server is running on port 35729
2026-05-22 12:45:11 INFO  o.s.b.w.e.tomcat.TomcatWebServer - Tomcat started on port 8282 (http) with context path '/authService'
2026-05-22 12:45:11 INFO  c.u.D.DmsAuthServiceApplication - Started DmsAuthServiceApplication in 8.101 seconds (process running for 8.868)
2026-05-22 12:45:22 INFO  o.a.c.c.C.[.[.[/authService] - Initializing Spring DispatcherServlet 'dispatcherServlet'
2026-05-22 12:45:22 INFO  o.s.web.servlet.DispatcherServlet - Initializing Servlet 'dispatcherServlet'
2026-05-22 12:45:22 INFO  o.s.web.servlet.DispatcherServlet - Completed initialization in 3 ms
2026-05-22 12:45:22 TRACE o.s.security.web.FilterChainProxy - Trying to match request against DefaultSecurityFilterChain [RequestMatcher=any request, Filters=[org.springframework.security.web.session.DisableEncodeUrlFilter@519d438e, org.springframework.security.web.context.request.async.WebAsyncManagerIntegrationFilter@1927c8a3, org.springframework.security.web.context.SecurityContextHolderFilter@d7f180f, org.springframework.security.web.header.HeaderWriterFilter@2943e217, org.springframework.web.filter.CorsFilter@81d4530, org.springframework.security.web.authentication.logout.LogoutFilter@283b81ee, org.springframework.security.oauth2.client.web.OAuth2AuthorizationRequestRedirectFilter@1c1bce6, org.springframework.security.oauth2.client.web.OAuth2LoginAuthenticationFilter@202d0bfd, com.utiitsl.DMSAuthService.config.auth.JwtAuthFilter@144c802a, org.springframework.security.web.authentication.ui.DefaultLoginPageGeneratingFilter@5a1d47dd, org.springframework.security.web.authentication.ui.DefaultLogoutPageGeneratingFilter@2c5eb752, org.springframework.security.web.savedrequest.RequestCacheAwareFilter@76ed76ee, org.springframework.security.web.servletapi.SecurityContextHolderAwareRequestFilter@6ec17c30, org.springframework.security.web.authentication.AnonymousAuthenticationFilter@17e41064, org.springframework.security.web.session.SessionManagementFilter@7c6e9ea8, org.springframework.security.web.access.ExceptionTranslationFilter@75dc8873, org.springframework.security.web.access.intercept.AuthorizationFilter@63d7e3b1]] (1/1)
2026-05-22 12:45:22 DEBUG o.s.security.web.FilterChainProxy - Securing OPTIONS /api/v1/auth/create
2026-05-22 12:45:22 TRACE o.s.security.web.FilterChainProxy - Invoking DisableEncodeUrlFilter (1/17)
2026-05-22 12:45:22 TRACE o.s.security.web.FilterChainProxy - Invoking WebAsyncManagerIntegrationFilter (2/17)
2026-05-22 12:45:22 TRACE o.s.security.web.FilterChainProxy - Invoking SecurityContextHolderFilter (3/17)
2026-05-22 12:45:22 TRACE o.s.security.web.FilterChainProxy - Invoking HeaderWriterFilter (4/17)
2026-05-22 12:45:22 TRACE o.s.security.web.FilterChainProxy - Invoking CorsFilter (5/17)
2026-05-22 12:45:22 TRACE o.s.s.w.h.writers.HstsHeaderWriter - Not injecting HSTS header since it did not match request to [Is Secure]
2026-05-22 12:45:22 TRACE o.s.security.web.FilterChainProxy - Trying to match request against DefaultSecurityFilterChain [RequestMatcher=any request, Filters=[org.springframework.security.web.session.DisableEncodeUrlFilter@519d438e, org.springframework.security.web.context.request.async.WebAsyncManagerIntegrationFilter@1927c8a3, org.springframework.security.web.context.SecurityContextHolderFilter@d7f180f, org.springframework.security.web.header.HeaderWriterFilter@2943e217, org.springframework.web.filter.CorsFilter@81d4530, org.springframework.security.web.authentication.logout.LogoutFilter@283b81ee, org.springframework.security.oauth2.client.web.OAuth2AuthorizationRequestRedirectFilter@1c1bce6, org.springframework.security.oauth2.client.web.OAuth2LoginAuthenticationFilter@202d0bfd, com.utiitsl.DMSAuthService.config.auth.JwtAuthFilter@144c802a, org.springframework.security.web.authentication.ui.DefaultLoginPageGeneratingFilter@5a1d47dd, org.springframework.security.web.authentication.ui.DefaultLogoutPageGeneratingFilter@2c5eb752, org.springframework.security.web.savedrequest.RequestCacheAwareFilter@76ed76ee, org.springframework.security.web.servletapi.SecurityContextHolderAwareRequestFilter@6ec17c30, org.springframework.security.web.authentication.AnonymousAuthenticationFilter@17e41064, org.springframework.security.web.session.SessionManagementFilter@7c6e9ea8, org.springframework.security.web.access.ExceptionTranslationFilter@75dc8873, org.springframework.security.web.access.intercept.AuthorizationFilter@63d7e3b1]] (1/1)
2026-05-22 12:45:22 DEBUG o.s.security.web.FilterChainProxy - Securing POST /api/v1/auth/create
2026-05-22 12:45:22 TRACE o.s.security.web.FilterChainProxy - Invoking DisableEncodeUrlFilter (1/17)
2026-05-22 12:45:22 TRACE o.s.security.web.FilterChainProxy - Invoking WebAsyncManagerIntegrationFilter (2/17)
2026-05-22 12:45:22 TRACE o.s.security.web.FilterChainProxy - Invoking SecurityContextHolderFilter (3/17)
2026-05-22 12:45:22 TRACE o.s.security.web.FilterChainProxy - Invoking HeaderWriterFilter (4/17)
2026-05-22 12:45:22 TRACE o.s.security.web.FilterChainProxy - Invoking CorsFilter (5/17)
2026-05-22 12:45:22 TRACE o.s.security.web.FilterChainProxy - Invoking LogoutFilter (6/17)
2026-05-22 12:45:22 TRACE o.s.s.w.a.logout.LogoutFilter - Did not match request to Or [Ant [pattern='/logout', GET], Ant [pattern='/logout', POST], Ant [pattern='/logout', PUT], Ant [pattern='/logout', DELETE]]
2026-05-22 12:45:22 TRACE o.s.security.web.FilterChainProxy - Invoking OAuth2AuthorizationRequestRedirectFilter (7/17)
2026-05-22 12:45:22 TRACE o.s.security.web.FilterChainProxy - Invoking OAuth2LoginAuthenticationFilter (8/17)
2026-05-22 12:45:22 TRACE o.s.s.o.c.w.OAuth2LoginAuthenticationFilter - Did not match request to Ant [pattern='/login/oauth2/code/*']
2026-05-22 12:45:22 TRACE o.s.security.web.FilterChainProxy - Invoking JwtAuthFilter (9/17)
2026-05-22 12:45:22 TRACE o.s.security.web.FilterChainProxy - Invoking DefaultLoginPageGeneratingFilter (10/17)
2026-05-22 12:45:22 TRACE o.s.security.web.FilterChainProxy - Invoking DefaultLogoutPageGeneratingFilter (11/17)
2026-05-22 12:45:22 TRACE o.s.s.w.a.u.DefaultLogoutPageGeneratingFilter - Did not render default logout page since request did not match [Ant [pattern='/logout', GET]]
2026-05-22 12:45:22 TRACE o.s.security.web.FilterChainProxy - Invoking RequestCacheAwareFilter (12/17)
2026-05-22 12:45:22 TRACE o.s.security.web.FilterChainProxy - Invoking SecurityContextHolderAwareRequestFilter (13/17)
2026-05-22 12:45:22 TRACE o.s.security.web.FilterChainProxy - Invoking AnonymousAuthenticationFilter (14/17)
2026-05-22 12:45:22 TRACE o.s.security.web.FilterChainProxy - Invoking SessionManagementFilter (15/17)
2026-05-22 12:45:22 TRACE o.s.s.w.c.SupplierDeferredSecurityContext - Created SecurityContextImpl [Null authentication]
2026-05-22 12:45:22 TRACE o.s.s.w.a.AnonymousAuthenticationFilter - Set SecurityContextHolder to AnonymousAuthenticationToken [Principal=anonymousUser, Credentials=[PROTECTED], Authenticated=true, Details=WebAuthenticationDetails [RemoteIpAddress=0:0:0:0:0:0:0:1, SessionId=null], Granted Authorities=[ROLE_ANONYMOUS]]
2026-05-22 12:45:22 TRACE o.s.security.web.FilterChainProxy - Invoking ExceptionTranslationFilter (16/17)
2026-05-22 12:45:22 TRACE o.s.security.web.FilterChainProxy - Invoking AuthorizationFilter (17/17)
2026-05-22 12:45:22 TRACE o.s.s.w.a.i.RequestMatcherDelegatingAuthorizationManager - Authorizing POST /api/v1/auth/create
2026-05-22 12:45:22 TRACE o.s.s.w.a.i.RequestMatcherDelegatingAuthorizationManager - Checking authorization on POST /api/v1/auth/create using org.springframework.security.config.annotation.web.configurers.AuthorizeHttpRequestsConfigurer$$Lambda/0x000001e2cfa4aaf0@551bc013
2026-05-22 12:45:22 DEBUG o.s.security.web.FilterChainProxy - Secured POST /api/v1/auth/create
2026-05-22 12:45:23 TRACE o.s.s.w.h.writers.HstsHeaderWriter - Not injecting HSTS header since it did not match request to [Is Secure]
2026-05-22 14:06:38 WARN  com.zaxxer.hikari.pool.HikariPool - HikariPool-1 - Thread starvation or clock leap detected (housekeeper delta=1h1m630ms141µs200ns).
2026-05-22 14:19:31 TRACE o.s.security.web.FilterChainProxy - Trying to match request against DefaultSecurityFilterChain [RequestMatcher=any request, Filters=[org.springframework.security.web.session.DisableEncodeUrlFilter@519d438e, org.springframework.security.web.context.request.async.WebAsyncManagerIntegrationFilter@1927c8a3, org.springframework.security.web.context.SecurityContextHolderFilter@d7f180f, org.springframework.security.web.header.HeaderWriterFilter@2943e217, org.springframework.web.filter.CorsFilter@81d4530, org.springframework.security.web.authentication.logout.LogoutFilter@283b81ee, org.springframework.security.oauth2.client.web.OAuth2AuthorizationRequestRedirectFilter@1c1bce6, org.springframework.security.oauth2.client.web.OAuth2LoginAuthenticationFilter@202d0bfd, com.utiitsl.DMSAuthService.config.auth.JwtAuthFilter@144c802a, org.springframework.security.web.authentication.ui.DefaultLoginPageGeneratingFilter@5a1d47dd, org.springframework.security.web.authentication.ui.DefaultLogoutPageGeneratingFilter@2c5eb752, org.springframework.security.web.savedrequest.RequestCacheAwareFilter@76ed76ee, org.springframework.security.web.servletapi.SecurityContextHolderAwareRequestFilter@6ec17c30, org.springframework.security.web.authentication.AnonymousAuthenticationFilter@17e41064, org.springframework.security.web.session.SessionManagementFilter@7c6e9ea8, org.springframework.security.web.access.ExceptionTranslationFilter@75dc8873, org.springframework.security.web.access.intercept.AuthorizationFilter@63d7e3b1]] (1/1)
2026-05-22 14:19:31 DEBUG o.s.security.web.FilterChainProxy - Securing OPTIONS /auth/login
2026-05-22 14:19:31 TRACE o.s.security.web.FilterChainProxy - Invoking DisableEncodeUrlFilter (1/17)
2026-05-22 14:19:31 TRACE o.s.security.web.FilterChainProxy - Invoking WebAsyncManagerIntegrationFilter (2/17)
2026-05-22 14:19:31 TRACE o.s.security.web.FilterChainProxy - Invoking SecurityContextHolderFilter (3/17)
2026-05-22 14:19:31 TRACE o.s.security.web.FilterChainProxy - Invoking HeaderWriterFilter (4/17)
2026-05-22 14:19:31 TRACE o.s.security.web.FilterChainProxy - Invoking CorsFilter (5/17)
2026-05-22 14:19:31 TRACE o.s.s.w.h.writers.HstsHeaderWriter - Not injecting HSTS header since it did not match request to [Is Secure]
2026-05-22 14:19:31 TRACE o.s.security.web.FilterChainProxy - Trying to match request against DefaultSecurityFilterChain [RequestMatcher=any request, Filters=[org.springframework.security.web.session.DisableEncodeUrlFilter@519d438e, org.springframework.security.web.context.request.async.WebAsyncManagerIntegrationFilter@1927c8a3, org.springframework.security.web.context.SecurityContextHolderFilter@d7f180f, org.springframework.security.web.header.HeaderWriterFilter@2943e217, org.springframework.web.filter.CorsFilter@81d4530, org.springframework.security.web.authentication.logout.LogoutFilter@283b81ee, org.springframework.security.oauth2.client.web.OAuth2AuthorizationRequestRedirectFilter@1c1bce6, org.springframework.security.oauth2.client.web.OAuth2LoginAuthenticationFilter@202d0bfd, com.utiitsl.DMSAuthService.config.auth.JwtAuthFilter@144c802a, org.springframework.security.web.authentication.ui.DefaultLoginPageGeneratingFilter@5a1d47dd, org.springframework.security.web.authentication.ui.DefaultLogoutPageGeneratingFilter@2c5eb752, org.springframework.security.web.savedrequest.RequestCacheAwareFilter@76ed76ee, org.springframework.security.web.servletapi.SecurityContextHolderAwareRequestFilter@6ec17c30, org.springframework.security.web.authentication.AnonymousAuthenticationFilter@17e41064, org.springframework.security.web.session.SessionManagementFilter@7c6e9ea8, org.springframework.security.web.access.ExceptionTranslationFilter@75dc8873, org.springframework.security.web.access.intercept.AuthorizationFilter@63d7e3b1]] (1/1)
2026-05-22 14:19:31 DEBUG o.s.security.web.FilterChainProxy - Securing POST /auth/login
2026-05-22 14:19:31 TRACE o.s.security.web.FilterChainProxy - Invoking DisableEncodeUrlFilter (1/17)
2026-05-22 14:19:31 TRACE o.s.security.web.FilterChainProxy - Invoking WebAsyncManagerIntegrationFilter (2/17)
2026-05-22 14:19:31 TRACE o.s.security.web.FilterChainProxy - Invoking SecurityContextHolderFilter (3/17)
2026-05-22 14:19:31 TRACE o.s.security.web.FilterChainProxy - Invoking HeaderWriterFilter (4/17)
2026-05-22 14:19:31 TRACE o.s.security.web.FilterChainProxy - Invoking CorsFilter (5/17)
2026-05-22 14:19:31 TRACE o.s.security.web.FilterChainProxy - Invoking LogoutFilter (6/17)
2026-05-22 14:19:31 TRACE o.s.s.w.a.logout.LogoutFilter - Did not match request to Or [Ant [pattern='/logout', GET], Ant [pattern='/logout', POST], Ant [pattern='/logout', PUT], Ant [pattern='/logout', DELETE]]
2026-05-22 14:19:31 TRACE o.s.security.web.FilterChainProxy - Invoking OAuth2AuthorizationRequestRedirectFilter (7/17)
2026-05-22 14:19:31 TRACE o.s.security.web.FilterChainProxy - Invoking OAuth2LoginAuthenticationFilter (8/17)
2026-05-22 14:19:31 TRACE o.s.s.o.c.w.OAuth2LoginAuthenticationFilter - Did not match request to Ant [pattern='/login/oauth2/code/*']
2026-05-22 14:19:31 TRACE o.s.security.web.FilterChainProxy - Invoking JwtAuthFilter (9/17)
2026-05-22 14:19:31 TRACE o.s.security.web.FilterChainProxy - Invoking DefaultLoginPageGeneratingFilter (10/17)
2026-05-22 14:19:31 TRACE o.s.security.web.FilterChainProxy - Invoking DefaultLogoutPageGeneratingFilter (11/17)
2026-05-22 14:19:31 TRACE o.s.s.w.a.u.DefaultLogoutPageGeneratingFilter - Did not render default logout page since request did not match [Ant [pattern='/logout', GET]]
2026-05-22 14:19:31 TRACE o.s.security.web.FilterChainProxy - Invoking RequestCacheAwareFilter (12/17)
2026-05-22 14:19:31 TRACE o.s.security.web.FilterChainProxy - Invoking SecurityContextHolderAwareRequestFilter (13/17)
2026-05-22 14:19:31 TRACE o.s.security.web.FilterChainProxy - Invoking AnonymousAuthenticationFilter (14/17)
2026-05-22 14:19:31 TRACE o.s.security.web.FilterChainProxy - Invoking SessionManagementFilter (15/17)
2026-05-22 14:19:31 TRACE o.s.s.w.c.SupplierDeferredSecurityContext - Created SecurityContextImpl [Null authentication]
2026-05-22 14:19:31 TRACE o.s.s.w.a.AnonymousAuthenticationFilter - Set SecurityContextHolder to AnonymousAuthenticationToken [Principal=anonymousUser, Credentials=[PROTECTED], Authenticated=true, Details=WebAuthenticationDetails [RemoteIpAddress=0:0:0:0:0:0:0:1, SessionId=null], Granted Authorities=[ROLE_ANONYMOUS]]
2026-05-22 14:19:31 TRACE o.s.security.web.FilterChainProxy - Invoking ExceptionTranslationFilter (16/17)
2026-05-22 14:19:31 TRACE o.s.security.web.FilterChainProxy - Invoking AuthorizationFilter (17/17)
2026-05-22 14:19:31 TRACE o.s.s.w.a.i.RequestMatcherDelegatingAuthorizationManager - Authorizing POST /auth/login
2026-05-22 14:19:31 TRACE o.s.s.w.a.i.RequestMatcherDelegatingAuthorizationManager - Checking authorization on POST /auth/login using org.springframework.security.authorization.AuthenticatedAuthorizationManager@5aa7ee22
2026-05-22 14:19:31 TRACE o.s.s.w.a.ExceptionTranslationFilter - Sending AnonymousAuthenticationToken [Principal=anonymousUser, Credentials=[PROTECTED], Authenticated=true, Details=WebAuthenticationDetails [RemoteIpAddress=0:0:0:0:0:0:0:1, SessionId=null], Granted Authorities=[ROLE_ANONYMOUS]] to authentication entry point since access is denied
org.springframework.security.access.AccessDeniedException: Access Denied
	at org.springframework.security.web.access.intercept.AuthorizationFilter.doFilter(AuthorizationFilter.java:98)
	at org.springframework.security.web.FilterChainProxy$VirtualFilterChain.doFilter(FilterChainProxy.java:374)
	at org.springframework.security.web.access.ExceptionTranslationFilter.doFilter(ExceptionTranslationFilter.java:126)
	at org.springframework.security.web.access.ExceptionTranslationFilter.doFilter(ExceptionTranslationFilter.java:120)
	at org.springframework.security.web.FilterChainProxy$VirtualFilterChain.doFilter(FilterChainProxy.java:374)
	at org.springframework.security.web.session.SessionManagementFilter.doFilter(SessionManagementFilter.java:131)
	at org.springframework.security.web.session.SessionManagementFilter.doFilter(SessionManagementFilter.java:85)
	at org.springframework.security.web.FilterChainProxy$VirtualFilterChain.doFilter(FilterChainProxy.java:374)
	at org.springframework.security.web.authentication.AnonymousAuthenticationFilter.doFilter(AnonymousAuthenticationFilter.java:100)
	at org.springframework.security.web.FilterChainProxy$VirtualFilterChain.doFilter(FilterChainProxy.java:374)
	at org.springframework.security.web.servletapi.SecurityContextHolderAwareRequestFilter.doFilter(SecurityContextHolderAwareRequestFilter.java:179)
	at org.springframework.security.web.FilterChainProxy$VirtualFilterChain.doFilter(FilterChainProxy.java:374)
	at org.springframework.security.web.savedrequest.RequestCacheAwareFilter.doFilter(RequestCacheAwareFilter.java:63)
	at org.springframework.security.web.FilterChainProxy$VirtualFilterChain.doFilter(FilterChainProxy.java:374)
	at org.springframework.security.web.authentication.ui.DefaultLogoutPageGeneratingFilter.doFilterInternal(DefaultLogoutPageGeneratingFilter.java:58)
	at org.springframework.web.filter.OncePerRequestFilter.doFilter(OncePerRequestFilter.java:116)
	at org.springframework.security.web.FilterChainProxy$VirtualFilterChain.doFilter(FilterChainProxy.java:374)
	at org.springframework.security.web.authentication.ui.DefaultLoginPageGeneratingFilter.doFilter(DefaultLoginPageGeneratingFilter.java:189)
	at org.springframework.security.web.authentication.ui.DefaultLoginPageGeneratingFilter.doFilter(DefaultLoginPageGeneratingFilter.java:175)
	at org.springframework.security.web.FilterChainProxy$VirtualFilterChain.doFilter(FilterChainProxy.java:374)
	at com.utiitsl.DMSAuthService.config.auth.JwtAuthFilter.doFilterInternal(JwtAuthFilter.java:40)
	at org.springframework.web.filter.OncePerRequestFilter.doFilter(OncePerRequestFilter.java:116)
	at org.springframework.security.web.FilterChainProxy$VirtualFilterChain.doFilter(FilterChainProxy.java:374)
	at org.springframework.security.web.authentication.AbstractAuthenticationProcessingFilter.doFilter(AbstractAuthenticationProcessingFilter.java:227)
	at org.springframework.security.web.authentication.AbstractAuthenticationProcessingFilter.doFilter(AbstractAuthenticationProcessingFilter.java:221)
	at org.springframework.security.web.FilterChainProxy$VirtualFilterChain.doFilter(FilterChainProxy.java:374)
	at org.springframework.security.oauth2.client.web.OAuth2AuthorizationRequestRedirectFilter.doFilterInternal(OAuth2AuthorizationRequestRedirectFilter.java:181)
	at org.springframework.web.filter.OncePerRequestFilter.doFilter(OncePerRequestFilter.java:116)
	at org.springframework.security.web.FilterChainProxy$VirtualFilterChain.doFilter(FilterChainProxy.java:374)
	at org.springframework.security.web.authentication.logout.LogoutFilter.doFilter(LogoutFilter.java:107)
	at org.springframework.security.web.authentication.logout.LogoutFilter.doFilter(LogoutFilter.java:93)
	at org.springframework.security.web.FilterChainProxy$VirtualFilterChain.doFilter(FilterChainProxy.java:374)
	at org.springframework.web.filter.CorsFilter.doFilterInternal(CorsFilter.java:91)
	at org.springframework.web.filter.OncePerRequestFilter.doFilter(OncePerRequestFilter.java:116)
	at org.springframework.security.web.FilterChainProxy$VirtualFilterChain.doFilter(FilterChainProxy.java:374)
	at org.springframework.security.web.header.HeaderWriterFilter.doHeadersAfter(HeaderWriterFilter.java:90)
	at org.springframework.security.web.header.HeaderWriterFilter.doFilterInternal(HeaderWriterFilter.java:75)
	at org.springframework.web.filter.OncePerRequestFilter.doFilter(OncePerRequestFilter.java:116)
	at org.springframework.security.web.FilterChainProxy$VirtualFilterChain.doFilter(FilterChainProxy.java:374)
	at org.springframework.security.web.context.SecurityContextHolderFilter.doFilter(SecurityContextHolderFilter.java:82)
	at org.springframework.security.web.context.SecurityContextHolderFilter.doFilter(SecurityContextHolderFilter.java:69)
	at org.springframework.security.web.FilterChainProxy$VirtualFilterChain.doFilter(FilterChainProxy.java:374)
	at org.springframework.security.web.context.request.async.WebAsyncManagerIntegrationFilter.doFilterInternal(WebAsyncManagerIntegrationFilter.java:62)
	at org.springframework.web.filter.OncePerRequestFilter.doFilter(OncePerRequestFilter.java:116)
	at org.springframework.security.web.FilterChainProxy$VirtualFilterChain.doFilter(FilterChainProxy.java:374)
	at org.springframework.security.web.session.DisableEncodeUrlFilter.doFilterInternal(DisableEncodeUrlFilter.java:42)
	at org.springframework.web.filter.OncePerRequestFilter.doFilter(OncePerRequestFilter.java:116)
	at org.springframework.security.web.FilterChainProxy$VirtualFilterChain.doFilter(FilterChainProxy.java:374)
	at org.springframework.security.web.FilterChainProxy.doFilterInternal(FilterChainProxy.java:233)
	at org.springframework.security.web.FilterChainProxy.doFilter(FilterChainProxy.java:191)
	at org.springframework.web.filter.CompositeFilter$VirtualFilterChain.doFilter(CompositeFilter.java:113)
	at org.springframework.web.servlet.handler.HandlerMappingIntrospector.lambda$createCacheFilter$3(HandlerMappingIntrospector.java:195)
	at org.springframework.web.filter.CompositeFilter$VirtualFilterChain.doFilter(CompositeFilter.java:113)
	at org.springframework.web.filter.CompositeFilter.doFilter(CompositeFilter.java:74)
	at org.springframework.security.config.annotation.web.configuration.WebMvcSecurityConfiguration$CompositeFilterChainProxy.doFilter(WebMvcSecurityConfiguration.java:230)
	at org.springframework.web.filter.DelegatingFilterProxy.invokeDelegate(DelegatingFilterProxy.java:352)
	at org.springframework.web.filter.DelegatingFilterProxy.doFilter(DelegatingFilterProxy.java:268)
	at org.apache.catalina.core.ApplicationFilterChain.internalDoFilter(ApplicationFilterChain.java:164)
	at org.apache.catalina.core.ApplicationFilterChain.doFilter(ApplicationFilterChain.java:140)
	at org.springframework.web.filter.RequestContextFilter.doFilterInternal(RequestContextFilter.java:100)
	at org.springframework.web.filter.OncePerRequestFilter.doFilter(OncePerRequestFilter.java:116)
	at org.apache.catalina.core.ApplicationFilterChain.internalDoFilter(ApplicationFilterChain.java:164)
	at org.apache.catalina.core.ApplicationFilterChain.doFilter(ApplicationFilterChain.java:140)
	at org.springframework.web.filter.FormContentFilter.doFilterInternal(FormContentFilter.java:93)
	at org.springframework.web.filter.OncePerRequestFilter.doFilter(OncePerRequestFilter.java:116)
	at org.apache.catalina.core.ApplicationFilterChain.internalDoFilter(ApplicationFilterChain.java:164)
	at org.apache.catalina.core.ApplicationFilterChain.doFilter(ApplicationFilterChain.java:140)
	at org.springframework.web.filter.CharacterEncodingFilter.doFilterInternal(CharacterEncodingFilter.java:201)
	at org.springframework.web.filter.OncePerRequestFilter.doFilter(OncePerRequestFilter.java:116)
	at org.apache.catalina.core.ApplicationFilterChain.internalDoFilter(ApplicationFilterChain.java:164)
	at org.apache.catalina.core.ApplicationFilterChain.doFilter(ApplicationFilterChain.java:140)
	at org.apache.catalina.core.StandardWrapperValve.invoke(StandardWrapperValve.java:167)
	at org.apache.catalina.core.StandardContextValve.invoke(StandardContextValve.java:90)
	at org.apache.catalina.authenticator.AuthenticatorBase.invoke(AuthenticatorBase.java:483)
	at org.apache.catalina.core.StandardHostValve.invoke(StandardHostValve.java:115)
	at org.apache.catalina.valves.ErrorReportValve.invoke(ErrorReportValve.java:93)
	at org.apache.catalina.core.StandardEngineValve.invoke(StandardEngineValve.java:74)
	at org.apache.catalina.connector.CoyoteAdapter.service(CoyoteAdapter.java:344)
	at org.apache.coyote.http11.Http11Processor.service(Http11Processor.java:384)
	at org.apache.coyote.AbstractProcessorLight.process(AbstractProcessorLight.java:63)
	at org.apache.coyote.AbstractProtocol$ConnectionHandler.process(AbstractProtocol.java:904)
	at org.apache.tomcat.util.net.NioEndpoint$SocketProcessor.doRun(NioEndpoint.java:1741)
	at org.apache.tomcat.util.net.SocketProcessorBase.run(SocketProcessorBase.java:52)
	at org.apache.tomcat.util.threads.ThreadPoolExecutor.runWorker(ThreadPoolExecutor.java:1190)
	at org.apache.tomcat.util.threads.ThreadPoolExecutor$Worker.run(ThreadPoolExecutor.java:659)
	at org.apache.tomcat.util.threads.TaskThread$WrappingRunnable.run(TaskThread.java:63)
	at java.base/java.lang.Thread.run(Thread.java:1583)
2026-05-22 14:19:31 DEBUG o.s.s.w.a.DelegatingAuthenticationEntryPoint - Trying to match using And [Not [RequestHeaderRequestMatcher [expectedHeaderName=X-Requested-With, expectedHeaderValue=XMLHttpRequest]], Not [And [Or [Ant [pattern='/login'], Ant [pattern='/favicon.ico']], And [Not [RequestHeaderRequestMatcher [expectedHeaderName=X-Requested-With, expectedHeaderValue=XMLHttpRequest]], MediaTypeRequestMatcher [contentNegotiationStrategy=org.springframework.web.accept.ContentNegotiationManager@3567debb, matchingMediaTypes=[application/xhtml+xml, image/*, text/html, text/plain], useEquals=false, ignoredMediaTypes=[*/*]]]]], org.springframework.security.config.annotation.web.configurers.oauth2.client.OAuth2LoginConfigurer$$Lambda/0x000001e2cfa58ed0@4fc9046a]
2026-05-22 14:19:31 DEBUG o.s.s.w.a.DelegatingAuthenticationEntryPoint - Match found! Executing org.springframework.security.web.authentication.LoginUrlAuthenticationEntryPoint@6ad8db6c
2026-05-22 14:19:31 DEBUG o.s.s.web.DefaultRedirectStrategy - Redirecting to http://localhost:8282/authService/oauth2/authorization/google
2026-05-22 14:19:31 TRACE o.s.s.w.h.writers.HstsHeaderWriter - Not injecting HSTS header since it did not match request to [Is Secure]
2026-05-22 14:19:31 TRACE o.s.security.web.FilterChainProxy - Trying to match request against DefaultSecurityFilterChain [RequestMatcher=any request, Filters=[org.springframework.security.web.session.DisableEncodeUrlFilter@519d438e, org.springframework.security.web.context.request.async.WebAsyncManagerIntegrationFilter@1927c8a3, org.springframework.security.web.context.SecurityContextHolderFilter@d7f180f, org.springframework.security.web.header.HeaderWriterFilter@2943e217, org.springframework.web.filter.CorsFilter@81d4530, org.springframework.security.web.authentication.logout.LogoutFilter@283b81ee, org.springframework.security.oauth2.client.web.OAuth2AuthorizationRequestRedirectFilter@1c1bce6, org.springframework.security.oauth2.client.web.OAuth2LoginAuthenticationFilter@202d0bfd, com.utiitsl.DMSAuthService.config.auth.JwtAuthFilter@144c802a, org.springframework.security.web.authentication.ui.DefaultLoginPageGeneratingFilter@5a1d47dd, org.springframework.security.web.authentication.ui.DefaultLogoutPageGeneratingFilter@2c5eb752, org.springframework.security.web.savedrequest.RequestCacheAwareFilter@76ed76ee, org.springframework.security.web.servletapi.SecurityContextHolderAwareRequestFilter@6ec17c30, org.springframework.security.web.authentication.AnonymousAuthenticationFilter@17e41064, org.springframework.security.web.session.SessionManagementFilter@7c6e9ea8, org.springframework.security.web.access.ExceptionTranslationFilter@75dc8873, org.springframework.security.web.access.intercept.AuthorizationFilter@63d7e3b1]] (1/1)
2026-05-22 14:19:31 DEBUG o.s.security.web.FilterChainProxy - Securing GET /oauth2/authorization/google
2026-05-22 14:19:31 TRACE o.s.security.web.FilterChainProxy - Invoking DisableEncodeUrlFilter (1/17)
2026-05-22 14:19:31 TRACE o.s.security.web.FilterChainProxy - Invoking WebAsyncManagerIntegrationFilter (2/17)
2026-05-22 14:19:31 TRACE o.s.security.web.FilterChainProxy - Invoking SecurityContextHolderFilter (3/17)
2026-05-22 14:19:31 TRACE o.s.security.web.FilterChainProxy - Invoking HeaderWriterFilter (4/17)
2026-05-22 14:19:31 TRACE o.s.security.web.FilterChainProxy - Invoking CorsFilter (5/17)
2026-05-22 14:19:31 TRACE o.s.security.web.FilterChainProxy - Invoking LogoutFilter (6/17)
2026-05-22 14:19:31 TRACE o.s.s.w.a.logout.LogoutFilter - Did not match request to Or [Ant [pattern='/logout', GET], Ant [pattern='/logout', POST], Ant [pattern='/logout', PUT], Ant [pattern='/logout', DELETE]]
2026-05-22 14:19:31 TRACE o.s.security.web.FilterChainProxy - Invoking OAuth2AuthorizationRequestRedirectFilter (7/17)
2026-05-22 14:19:31 DEBUG o.s.s.web.DefaultRedirectStrategy - Redirecting to https://accounts.google.com/o/oauth2/v2/auth?response_type=code&client_id=600473531643-oi3n07dnckl59ckqltksq55ggm0hpjm1.apps.googleusercontent.com&scope=openid%20profile%20email&state=xvmZwfoL5rA-MLAJDnLDtyIklK390oQ32nxSutsx_fU%3D&redirect_uri=http://localhost:8282/authService/login/oauth2/code/google&nonce=qiszf3u5v1_kXRZ2rE43UHqwPDnFsEBGpGBLlMARXGY
2026-05-22 14:19:31 TRACE o.s.s.w.h.writers.HstsHeaderWriter - Not injecting HSTS header since it did not match request to [Is Secure]
2026-05-22 14:37:25 INFO  o.s.o.j.LocalContainerEntityManagerFactoryBean - Closing JPA EntityManagerFactory for persistence unit 'default'
2026-05-22 14:37:25 INFO  com.zaxxer.hikari.HikariDataSource - HikariPool-1 - Shutdown initiated...
2026-05-22 14:37:25 INFO  com.zaxxer.hikari.HikariDataSource - HikariPool-1 - Shutdown completed.
2026-05-22 14:37:40 INFO  c.u.D.DmsAuthServiceApplication - Starting DmsAuthServiceApplication using Java 21.0.6 with PID 3084 (C:\Users\mohammada1\Desktop\Invoice_Project\AuthService\target\classes started by mohammada1 in C:\Users\mohammada1\Desktop\Invoice_Project\AuthService)
2026-05-22 14:37:40 INFO  c.u.D.DmsAuthServiceApplication - The following 1 profile is active: "dev"
2026-05-22 14:37:40 INFO  o.s.b.d.e.DevToolsPropertyDefaultsPostProcessor - Devtools property defaults active! Set 'spring.devtools.add-properties' to 'false' to disable
2026-05-22 14:37:40 INFO  o.s.b.d.e.DevToolsPropertyDefaultsPostProcessor - For additional web related logging consider setting the 'logging.level.web' property to 'DEBUG'
2026-05-22 14:37:42 INFO  o.s.d.r.c.RepositoryConfigurationDelegate - Bootstrapping Spring Data JPA repositories in DEFAULT mode.
2026-05-22 14:37:42 INFO  o.s.d.r.c.RepositoryConfigurationDelegate - Finished Spring Data repository scanning in 179 ms. Found 3 JPA repository interfaces.
2026-05-22 14:37:44 INFO  o.s.b.w.e.tomcat.TomcatWebServer - Tomcat initialized with port 8282 (http)
2026-05-22 14:37:44 INFO  o.a.catalina.core.StandardService - Starting service [Tomcat]
2026-05-22 14:37:44 INFO  o.a.catalina.core.StandardEngine - Starting Servlet engine: [Apache Tomcat/10.1.28]
2026-05-22 14:37:44 INFO  o.a.c.c.C.[.[.[/authService] - Initializing Spring embedded WebApplicationContext
2026-05-22 14:37:44 INFO  o.s.b.w.s.c.ServletWebServerApplicationContext - Root WebApplicationContext: initialization completed in 4440 ms
2026-05-22 14:37:45 INFO  o.h.jpa.internal.util.LogHelper - HHH000204: Processing PersistenceUnitInfo [name: default]
2026-05-22 14:37:45 INFO  org.hibernate.Version - HHH000412: Hibernate ORM core version 6.4.10.Final
2026-05-22 14:37:45 INFO  o.h.c.i.RegionFactoryInitiator - HHH000026: Second-level cache disabled
2026-05-22 14:37:46 INFO  o.s.o.j.p.SpringPersistenceUnitInfo - No LoadTimeWeaver setup: ignoring JPA class transformer
2026-05-22 14:37:46 INFO  com.zaxxer.hikari.HikariDataSource - HikariPool-1 - Starting...
2026-05-22 14:37:46 INFO  com.zaxxer.hikari.pool.HikariPool - HikariPool-1 - Added connection com.mysql.cj.jdbc.ConnectionImpl@64bf4902
2026-05-22 14:37:46 INFO  com.zaxxer.hikari.HikariDataSource - HikariPool-1 - Start completed.
2026-05-22 14:37:49 INFO  o.h.e.t.j.p.i.JtaPlatformInitiator - HHH000489: No JTA platform available (set 'hibernate.transaction.jta.platform' to enable JTA platform integration)
2026-05-22 14:37:49 INFO  o.s.o.j.LocalContainerEntityManagerFactoryBean - Initialized JPA EntityManagerFactory for persistence unit 'default'
2026-05-22 14:37:49 INFO  o.s.d.j.r.query.QueryEnhancerFactory - Hibernate is in classpath; If applicable, HQL parser will be used.
2026-05-22 14:37:51 TRACE o.s.s.c.a.a.c.AuthenticationConfiguration$EnableGlobalAuthenticationAutowiredConfigurer - Eagerly initializing {securityConfiguration=com.utiitsl.DMSAuthService.config.auth.SecurityConfiguration$$SpringCGLIB$$0@4a49d731}
2026-05-22 14:37:51 DEBUG o.s.s.a.p.PrePostAnnotationSecurityMetadataSource - @org.springframework.security.access.prepost.PreAuthorize("hasAuthority(\'admin:update\')") found on specific method: public org.springframework.http.ResponseEntity com.utiitsl.DMSAuthService.controller.dash.DashController.updateUser(com.utiitsl.DMSAuthService.dto.UserDTO,java.lang.Integer)
2026-05-22 14:37:51 DEBUG o.s.s.a.m.DelegatingMethodSecurityMetadataSource - Caching method [CacheKey[com.utiitsl.DMSAuthService.controller.dash.DashController; public org.springframework.http.ResponseEntity com.utiitsl.DMSAuthService.controller.dash.DashController.updateUser(com.utiitsl.DMSAuthService.dto.UserDTO,java.lang.Integer)]] with attributes [[authorize: 'hasAuthority('admin:update')', filter: 'null', filterTarget: 'null']]
2026-05-22 14:37:51 TRACE o.s.s.a.i.a.MethodSecurityInterceptor - Validated configuration attributes
2026-05-22 14:37:51 DEBUG o.s.s.a.p.PrePostAnnotationSecurityMetadataSource - @org.springframework.security.access.prepost.PreAuthorize("hasAuthority(\'admin:delete\')") found on specific method: public org.springframework.http.ResponseEntity com.utiitsl.DMSAuthService.controller.dash.DashController.deleteUserById(java.lang.Integer)
2026-05-22 14:37:51 DEBUG o.s.s.a.m.DelegatingMethodSecurityMetadataSource - Caching method [CacheKey[com.utiitsl.DMSAuthService.controller.dash.DashController; public org.springframework.http.ResponseEntity com.utiitsl.DMSAuthService.controller.dash.DashController.deleteUserById(java.lang.Integer)]] with attributes [[authorize: 'hasAuthority('admin:delete')', filter: 'null', filterTarget: 'null']]
2026-05-22 14:37:51 DEBUG o.s.s.a.p.PrePostAnnotationSecurityMetadataSource - @org.springframework.security.access.prepost.PreAuthorize("hasRole(\'ROLE_APPLICATION_ADMIN\') or hasRole(\'ROLE_ADMIN\')") found on specific method: public org.springframework.http.ResponseEntity com.utiitsl.DMSAuthService.controller.user.UserController.register(com.utiitsl.DMSAuthService.dto.RegisterRequestDTO,java.lang.String,jakarta.servlet.http.HttpServletRequest)
2026-05-22 14:37:51 DEBUG o.s.s.a.m.DelegatingMethodSecurityMetadataSource - Caching method [CacheKey[com.utiitsl.DMSAuthService.controller.user.UserController; public org.springframework.http.ResponseEntity com.utiitsl.DMSAuthService.controller.user.UserController.register(com.utiitsl.DMSAuthService.dto.RegisterRequestDTO,java.lang.String,jakarta.servlet.http.HttpServletRequest)]] with attributes [[authorize: 'hasRole('ROLE_APPLICATION_ADMIN') or hasRole('ROLE_ADMIN')', filter: 'null', filterTarget: 'null']]
2026-05-22 14:37:51 DEBUG o.s.s.a.p.PrePostAnnotationSecurityMetadataSource - @org.springframework.security.access.prepost.PreAuthorize("hasRole(\'ROLE_APPLICATION_ADMIN\') or hasRole(\'ROLE_ADMIN\')") found on specific method: public org.springframework.http.ResponseEntity com.utiitsl.DMSAuthService.controller.user.UserController.getAllUser(int,int,java.lang.String,jakarta.servlet.http.HttpServletRequest)
2026-05-22 14:37:51 DEBUG o.s.s.a.m.DelegatingMethodSecurityMetadataSource - Caching method [CacheKey[com.utiitsl.DMSAuthService.controller.user.UserController; public org.springframework.http.ResponseEntity com.utiitsl.DMSAuthService.controller.user.UserController.getAllUser(int,int,java.lang.String,jakarta.servlet.http.HttpServletRequest)]] with attributes [[authorize: 'hasRole('ROLE_APPLICATION_ADMIN') or hasRole('ROLE_ADMIN')', filter: 'null', filterTarget: 'null']]
2026-05-22 14:37:51 DEBUG o.s.s.a.p.PrePostAnnotationSecurityMetadataSource - @org.springframework.security.access.prepost.PreAuthorize("hasRole(\'ROLE_APPLICATION_ADMIN\') or hasRole(\'ROLE_ADMIN\')") found on specific method: public org.springframework.http.ResponseEntity com.utiitsl.DMSAuthService.controller.user.UserController.activateDeactivateUser(java.lang.String,boolean)
2026-05-22 14:37:51 DEBUG o.s.s.a.m.DelegatingMethodSecurityMetadataSource - Caching method [CacheKey[com.utiitsl.DMSAuthService.controller.user.UserController; public org.springframework.http.ResponseEntity com.utiitsl.DMSAuthService.controller.user.UserController.activateDeactivateUser(java.lang.String,boolean)]] with attributes [[authorize: 'hasRole('ROLE_APPLICATION_ADMIN') or hasRole('ROLE_ADMIN')', filter: 'null', filterTarget: 'null']]
2026-05-22 14:37:51 WARN  o.s.b.a.o.j.JpaBaseConfiguration$JpaWebConfiguration - spring.jpa.open-in-view is enabled by default. Therefore, database queries may be performed during view rendering. Explicitly configure spring.jpa.open-in-view to disable this warning
2026-05-22 14:37:55 INFO  o.s.s.web.DefaultSecurityFilterChain - Will secure any request with [org.springframework.security.web.session.DisableEncodeUrlFilter@1e7978fc, org.springframework.security.web.context.request.async.WebAsyncManagerIntegrationFilter@22cb4178, org.springframework.security.web.context.SecurityContextHolderFilter@6352341c, org.springframework.security.web.header.HeaderWriterFilter@77918a81, org.springframework.web.filter.CorsFilter@752134f9, org.springframework.security.web.authentication.logout.LogoutFilter@4e420e8b, org.springframework.security.oauth2.client.web.OAuth2AuthorizationRequestRedirectFilter@5f9e0e6, org.springframework.security.oauth2.client.web.OAuth2LoginAuthenticationFilter@76e94cff, com.utiitsl.DMSAuthService.config.auth.JwtAuthFilter@16ee8e03, org.springframework.security.web.authentication.ui.DefaultLoginPageGeneratingFilter@38797dfe, org.springframework.security.web.authentication.ui.DefaultLogoutPageGeneratingFilter@27c57faa, org.springframework.security.web.savedrequest.RequestCacheAwareFilter@283b81ee, org.springframework.security.web.servletapi.SecurityContextHolderAwareRequestFilter@176ab8ab, org.springframework.security.web.authentication.AnonymousAuthenticationFilter@72ae4d36, org.springframework.security.web.session.SessionManagementFilter@20e5f001, org.springframework.security.web.access.ExceptionTranslationFilter@39601cfe, org.springframework.security.web.access.intercept.AuthorizationFilter@45f90e71]
2026-05-22 14:37:56 INFO  o.s.b.d.a.OptionalLiveReloadServer - LiveReload server is running on port 35729
2026-05-22 14:37:56 INFO  o.s.b.w.e.tomcat.TomcatWebServer - Tomcat started on port 8282 (http) with context path '/authService'
2026-05-22 14:37:56 INFO  c.u.D.DmsAuthServiceApplication - Started DmsAuthServiceApplication in 17.912 seconds (process running for 19.864)
2026-05-22 14:38:20 INFO  o.a.c.c.C.[.[.[/authService] - Initializing Spring DispatcherServlet 'dispatcherServlet'
2026-05-22 14:38:20 INFO  o.s.web.servlet.DispatcherServlet - Initializing Servlet 'dispatcherServlet'
2026-05-22 14:38:20 INFO  o.s.web.servlet.DispatcherServlet - Completed initialization in 2 ms
2026-05-22 14:38:20 TRACE o.s.security.web.FilterChainProxy - Trying to match request against DefaultSecurityFilterChain [RequestMatcher=any request, Filters=[org.springframework.security.web.session.DisableEncodeUrlFilter@1e7978fc, org.springframework.security.web.context.request.async.WebAsyncManagerIntegrationFilter@22cb4178, org.springframework.security.web.context.SecurityContextHolderFilter@6352341c, org.springframework.security.web.header.HeaderWriterFilter@77918a81, org.springframework.web.filter.CorsFilter@752134f9, org.springframework.security.web.authentication.logout.LogoutFilter@4e420e8b, org.springframework.security.oauth2.client.web.OAuth2AuthorizationRequestRedirectFilter@5f9e0e6, org.springframework.security.oauth2.client.web.OAuth2LoginAuthenticationFilter@76e94cff, com.utiitsl.DMSAuthService.config.auth.JwtAuthFilter@16ee8e03, org.springframework.security.web.authentication.ui.DefaultLoginPageGeneratingFilter@38797dfe, org.springframework.security.web.authentication.ui.DefaultLogoutPageGeneratingFilter@27c57faa, org.springframework.security.web.savedrequest.RequestCacheAwareFilter@283b81ee, org.springframework.security.web.servletapi.SecurityContextHolderAwareRequestFilter@176ab8ab, org.springframework.security.web.authentication.AnonymousAuthenticationFilter@72ae4d36, org.springframework.security.web.session.SessionManagementFilter@20e5f001, org.springframework.security.web.access.ExceptionTranslationFilter@39601cfe, org.springframework.security.web.access.intercept.AuthorizationFilter@45f90e71]] (1/1)
2026-05-22 14:38:20 DEBUG o.s.security.web.FilterChainProxy - Securing OPTIONS /api/v1/auth/token
2026-05-22 14:38:20 TRACE o.s.security.web.FilterChainProxy - Invoking DisableEncodeUrlFilter (1/17)
2026-05-22 14:38:20 TRACE o.s.security.web.FilterChainProxy - Invoking WebAsyncManagerIntegrationFilter (2/17)
2026-05-22 14:38:20 TRACE o.s.security.web.FilterChainProxy - Invoking SecurityContextHolderFilter (3/17)
2026-05-22 14:38:20 TRACE o.s.security.web.FilterChainProxy - Invoking HeaderWriterFilter (4/17)
2026-05-22 14:38:20 TRACE o.s.security.web.FilterChainProxy - Invoking CorsFilter (5/17)
2026-05-22 14:38:20 TRACE o.s.s.w.h.writers.HstsHeaderWriter - Not injecting HSTS header since it did not match request to [Is Secure]
2026-05-22 14:38:20 TRACE o.s.security.web.FilterChainProxy - Trying to match request against DefaultSecurityFilterChain [RequestMatcher=any request, Filters=[org.springframework.security.web.session.DisableEncodeUrlFilter@1e7978fc, org.springframework.security.web.context.request.async.WebAsyncManagerIntegrationFilter@22cb4178, org.springframework.security.web.context.SecurityContextHolderFilter@6352341c, org.springframework.security.web.header.HeaderWriterFilter@77918a81, org.springframework.web.filter.CorsFilter@752134f9, org.springframework.security.web.authentication.logout.LogoutFilter@4e420e8b, org.springframework.security.oauth2.client.web.OAuth2AuthorizationRequestRedirectFilter@5f9e0e6, org.springframework.security.oauth2.client.web.OAuth2LoginAuthenticationFilter@76e94cff, com.utiitsl.DMSAuthService.config.auth.JwtAuthFilter@16ee8e03, org.springframework.security.web.authentication.ui.DefaultLoginPageGeneratingFilter@38797dfe, org.springframework.security.web.authentication.ui.DefaultLogoutPageGeneratingFilter@27c57faa, org.springframework.security.web.savedrequest.RequestCacheAwareFilter@283b81ee, org.springframework.security.web.servletapi.SecurityContextHolderAwareRequestFilter@176ab8ab, org.springframework.security.web.authentication.AnonymousAuthenticationFilter@72ae4d36, org.springframework.security.web.session.SessionManagementFilter@20e5f001, org.springframework.security.web.access.ExceptionTranslationFilter@39601cfe, org.springframework.security.web.access.intercept.AuthorizationFilter@45f90e71]] (1/1)
2026-05-22 14:38:20 DEBUG o.s.security.web.FilterChainProxy - Securing POST /api/v1/auth/token
2026-05-22 14:38:20 TRACE o.s.security.web.FilterChainProxy - Invoking DisableEncodeUrlFilter (1/17)
2026-05-22 14:38:20 TRACE o.s.security.web.FilterChainProxy - Invoking WebAsyncManagerIntegrationFilter (2/17)
2026-05-22 14:38:20 TRACE o.s.security.web.FilterChainProxy - Invoking SecurityContextHolderFilter (3/17)
2026-05-22 14:38:20 TRACE o.s.security.web.FilterChainProxy - Invoking HeaderWriterFilter (4/17)
2026-05-22 14:38:20 TRACE o.s.security.web.FilterChainProxy - Invoking CorsFilter (5/17)
2026-05-22 14:38:20 TRACE o.s.security.web.FilterChainProxy - Invoking LogoutFilter (6/17)
2026-05-22 14:38:20 TRACE o.s.s.w.a.logout.LogoutFilter - Did not match request to Or [Ant [pattern='/logout', GET], Ant [pattern='/logout', POST], Ant [pattern='/logout', PUT], Ant [pattern='/logout', DELETE]]
2026-05-22 14:38:20 TRACE o.s.security.web.FilterChainProxy - Invoking OAuth2AuthorizationRequestRedirectFilter (7/17)
2026-05-22 14:38:20 TRACE o.s.security.web.FilterChainProxy - Invoking OAuth2LoginAuthenticationFilter (8/17)
2026-05-22 14:38:20 TRACE o.s.s.o.c.w.OAuth2LoginAuthenticationFilter - Did not match request to Ant [pattern='/login/oauth2/code/*']
2026-05-22 14:38:20 TRACE o.s.security.web.FilterChainProxy - Invoking JwtAuthFilter (9/17)
2026-05-22 14:38:20 TRACE o.s.security.web.FilterChainProxy - Invoking DefaultLoginPageGeneratingFilter (10/17)
2026-05-22 14:38:20 TRACE o.s.security.web.FilterChainProxy - Invoking DefaultLogoutPageGeneratingFilter (11/17)
2026-05-22 14:38:20 TRACE o.s.s.w.a.u.DefaultLogoutPageGeneratingFilter - Did not render default logout page since request did not match [Ant [pattern='/logout', GET]]
2026-05-22 14:38:20 TRACE o.s.security.web.FilterChainProxy - Invoking RequestCacheAwareFilter (12/17)
2026-05-22 14:38:20 TRACE o.s.security.web.FilterChainProxy - Invoking SecurityContextHolderAwareRequestFilter (13/17)
2026-05-22 14:38:20 TRACE o.s.security.web.FilterChainProxy - Invoking AnonymousAuthenticationFilter (14/17)
2026-05-22 14:38:20 TRACE o.s.security.web.FilterChainProxy - Invoking SessionManagementFilter (15/17)
2026-05-22 14:38:20 TRACE o.s.s.w.c.SupplierDeferredSecurityContext - Created SecurityContextImpl [Null authentication]
2026-05-22 14:38:20 TRACE o.s.s.w.a.AnonymousAuthenticationFilter - Set SecurityContextHolder to AnonymousAuthenticationToken [Principal=anonymousUser, Credentials=[PROTECTED], Authenticated=true, Details=WebAuthenticationDetails [RemoteIpAddress=0:0:0:0:0:0:0:1, SessionId=null], Granted Authorities=[ROLE_ANONYMOUS]]
2026-05-22 14:38:20 TRACE o.s.security.web.FilterChainProxy - Invoking ExceptionTranslationFilter (16/17)
2026-05-22 14:38:20 TRACE o.s.security.web.FilterChainProxy - Invoking AuthorizationFilter (17/17)
2026-05-22 14:38:20 TRACE o.s.s.w.a.i.RequestMatcherDelegatingAuthorizationManager - Authorizing POST /api/v1/auth/token
2026-05-22 14:38:20 TRACE o.s.s.w.a.i.RequestMatcherDelegatingAuthorizationManager - Checking authorization on POST /api/v1/auth/token using org.springframework.security.config.annotation.web.configurers.AuthorizeHttpRequestsConfigurer$$Lambda/0x0000020be1a4a8c0@8041aab
2026-05-22 14:38:20 DEBUG o.s.security.web.FilterChainProxy - Secured POST /api/v1/auth/token
2026-05-22 14:38:20 TRACE o.s.s.w.h.writers.HstsHeaderWriter - Not injecting HSTS header since it did not match request to [Is Secure]
2026-05-22 14:38:20 WARN  o.s.w.s.m.m.a.ExceptionHandlerExceptionResolver - Resolved [org.springframework.http.converter.HttpMessageNotReadableException: JSON parse error: Unrecognized field "email" (class com.utiitsl.DMSAuthService.dto.LoginRequestDTO), not marked as ignorable]
2026-05-22 14:39:27 TRACE o.s.security.web.FilterChainProxy - Trying to match request against DefaultSecurityFilterChain [RequestMatcher=any request, Filters=[org.springframework.security.web.session.DisableEncodeUrlFilter@1e7978fc, org.springframework.security.web.context.request.async.WebAsyncManagerIntegrationFilter@22cb4178, org.springframework.security.web.context.SecurityContextHolderFilter@6352341c, org.springframework.security.web.header.HeaderWriterFilter@77918a81, org.springframework.web.filter.CorsFilter@752134f9, org.springframework.security.web.authentication.logout.LogoutFilter@4e420e8b, org.springframework.security.oauth2.client.web.OAuth2AuthorizationRequestRedirectFilter@5f9e0e6, org.springframework.security.oauth2.client.web.OAuth2LoginAuthenticationFilter@76e94cff, com.utiitsl.DMSAuthService.config.auth.JwtAuthFilter@16ee8e03, org.springframework.security.web.authentication.ui.DefaultLoginPageGeneratingFilter@38797dfe, org.springframework.security.web.authentication.ui.DefaultLogoutPageGeneratingFilter@27c57faa, org.springframework.security.web.savedrequest.RequestCacheAwareFilter@283b81ee, org.springframework.security.web.servletapi.SecurityContextHolderAwareRequestFilter@176ab8ab, org.springframework.security.web.authentication.AnonymousAuthenticationFilter@72ae4d36, org.springframework.security.web.session.SessionManagementFilter@20e5f001, org.springframework.security.web.access.ExceptionTranslationFilter@39601cfe, org.springframework.security.web.access.intercept.AuthorizationFilter@45f90e71]] (1/1)
2026-05-22 14:39:27 DEBUG o.s.security.web.FilterChainProxy - Securing OPTIONS /api/v1/auth/token
2026-05-22 14:39:27 TRACE o.s.security.web.FilterChainProxy - Invoking DisableEncodeUrlFilter (1/17)
2026-05-22 14:39:27 TRACE o.s.security.web.FilterChainProxy - Invoking WebAsyncManagerIntegrationFilter (2/17)
2026-05-22 14:39:27 TRACE o.s.security.web.FilterChainProxy - Invoking SecurityContextHolderFilter (3/17)
2026-05-22 14:39:27 TRACE o.s.security.web.FilterChainProxy - Invoking HeaderWriterFilter (4/17)
2026-05-22 14:39:27 TRACE o.s.security.web.FilterChainProxy - Invoking CorsFilter (5/17)
2026-05-22 14:39:27 TRACE o.s.s.w.h.writers.HstsHeaderWriter - Not injecting HSTS header since it did not match request to [Is Secure]
2026-05-22 14:39:28 TRACE o.s.security.web.FilterChainProxy - Trying to match request against DefaultSecurityFilterChain [RequestMatcher=any request, Filters=[org.springframework.security.web.session.DisableEncodeUrlFilter@1e7978fc, org.springframework.security.web.context.request.async.WebAsyncManagerIntegrationFilter@22cb4178, org.springframework.security.web.context.SecurityContextHolderFilter@6352341c, org.springframework.security.web.header.HeaderWriterFilter@77918a81, org.springframework.web.filter.CorsFilter@752134f9, org.springframework.security.web.authentication.logout.LogoutFilter@4e420e8b, org.springframework.security.oauth2.client.web.OAuth2AuthorizationRequestRedirectFilter@5f9e0e6, org.springframework.security.oauth2.client.web.OAuth2LoginAuthenticationFilter@76e94cff, com.utiitsl.DMSAuthService.config.auth.JwtAuthFilter@16ee8e03, org.springframework.security.web.authentication.ui.DefaultLoginPageGeneratingFilter@38797dfe, org.springframework.security.web.authentication.ui.DefaultLogoutPageGeneratingFilter@27c57faa, org.springframework.security.web.savedrequest.RequestCacheAwareFilter@283b81ee, org.springframework.security.web.servletapi.SecurityContextHolderAwareRequestFilter@176ab8ab, org.springframework.security.web.authentication.AnonymousAuthenticationFilter@72ae4d36, org.springframework.security.web.session.SessionManagementFilter@20e5f001, org.springframework.security.web.access.ExceptionTranslationFilter@39601cfe, org.springframework.security.web.access.intercept.AuthorizationFilter@45f90e71]] (1/1)
2026-05-22 14:39:28 DEBUG o.s.security.web.FilterChainProxy - Securing POST /api/v1/auth/token
2026-05-22 14:39:28 TRACE o.s.security.web.FilterChainProxy - Invoking DisableEncodeUrlFilter (1/17)
2026-05-22 14:39:28 TRACE o.s.security.web.FilterChainProxy - Invoking WebAsyncManagerIntegrationFilter (2/17)
2026-05-22 14:39:28 TRACE o.s.security.web.FilterChainProxy - Invoking SecurityContextHolderFilter (3/17)
2026-05-22 14:39:28 TRACE o.s.security.web.FilterChainProxy - Invoking HeaderWriterFilter (4/17)
2026-05-22 14:39:28 TRACE o.s.security.web.FilterChainProxy - Invoking CorsFilter (5/17)
2026-05-22 14:39:28 TRACE o.s.security.web.FilterChainProxy - Invoking LogoutFilter (6/17)
2026-05-22 14:39:28 TRACE o.s.s.w.a.logout.LogoutFilter - Did not match request to Or [Ant [pattern='/logout', GET], Ant [pattern='/logout', POST], Ant [pattern='/logout', PUT], Ant [pattern='/logout', DELETE]]
2026-05-22 14:39:28 TRACE o.s.security.web.FilterChainProxy - Invoking OAuth2AuthorizationRequestRedirectFilter (7/17)
2026-05-22 14:39:28 TRACE o.s.security.web.FilterChainProxy - Invoking OAuth2LoginAuthenticationFilter (8/17)
2026-05-22 14:39:28 TRACE o.s.s.o.c.w.OAuth2LoginAuthenticationFilter - Did not match request to Ant [pattern='/login/oauth2/code/*']
2026-05-22 14:39:28 TRACE o.s.security.web.FilterChainProxy - Invoking JwtAuthFilter (9/17)
2026-05-22 14:39:28 TRACE o.s.security.web.FilterChainProxy - Invoking DefaultLoginPageGeneratingFilter (10/17)
2026-05-22 14:39:28 TRACE o.s.security.web.FilterChainProxy - Invoking DefaultLogoutPageGeneratingFilter (11/17)
2026-05-22 14:39:28 TRACE o.s.s.w.a.u.DefaultLogoutPageGeneratingFilter - Did not render default logout page since request did not match [Ant [pattern='/logout', GET]]
2026-05-22 14:39:28 TRACE o.s.security.web.FilterChainProxy - Invoking RequestCacheAwareFilter (12/17)
2026-05-22 14:39:28 TRACE o.s.security.web.FilterChainProxy - Invoking SecurityContextHolderAwareRequestFilter (13/17)
2026-05-22 14:39:28 TRACE o.s.security.web.FilterChainProxy - Invoking AnonymousAuthenticationFilter (14/17)
2026-05-22 14:39:28 TRACE o.s.security.web.FilterChainProxy - Invoking SessionManagementFilter (15/17)
2026-05-22 14:39:28 TRACE o.s.s.w.c.SupplierDeferredSecurityContext - Created SecurityContextImpl [Null authentication]
2026-05-22 14:39:28 TRACE o.s.s.w.a.AnonymousAuthenticationFilter - Set SecurityContextHolder to AnonymousAuthenticationToken [Principal=anonymousUser, Credentials=[PROTECTED], Authenticated=true, Details=WebAuthenticationDetails [RemoteIpAddress=0:0:0:0:0:0:0:1, SessionId=null], Granted Authorities=[ROLE_ANONYMOUS]]
2026-05-22 14:39:28 TRACE o.s.security.web.FilterChainProxy - Invoking ExceptionTranslationFilter (16/17)
2026-05-22 14:39:28 TRACE o.s.security.web.FilterChainProxy - Invoking AuthorizationFilter (17/17)
2026-05-22 14:39:28 TRACE o.s.s.w.a.i.RequestMatcherDelegatingAuthorizationManager - Authorizing POST /api/v1/auth/token
2026-05-22 14:39:28 TRACE o.s.s.w.a.i.RequestMatcherDelegatingAuthorizationManager - Checking authorization on POST /api/v1/auth/token using org.springframework.security.config.annotation.web.configurers.AuthorizeHttpRequestsConfigurer$$Lambda/0x0000020be1a4a8c0@8041aab
2026-05-22 14:39:28 DEBUG o.s.security.web.FilterChainProxy - Secured POST /api/v1/auth/token
2026-05-22 14:39:28 TRACE o.s.s.authentication.ProviderManager - Authenticating request with DaoAuthenticationProvider (1/1)
2026-05-22 14:39:28 DEBUG o.s.s.a.d.DaoAuthenticationProvider - Failed to authenticate since user account is disabled
2026-05-22 14:39:28 TRACE o.s.s.w.h.writers.HstsHeaderWriter - Not injecting HSTS header since it did not match request to [Is Secure]
2026-05-22 14:39:28 WARN  o.s.w.s.m.m.a.ExceptionHandlerExceptionResolver - Resolved [org.springframework.security.authentication.DisabledException: User is disabled]
2026-05-22 14:42:13 TRACE o.s.security.web.FilterChainProxy - Trying to match request against DefaultSecurityFilterChain [RequestMatcher=any request, Filters=[org.springframework.security.web.session.DisableEncodeUrlFilter@1e7978fc, org.springframework.security.web.context.request.async.WebAsyncManagerIntegrationFilter@22cb4178, org.springframework.security.web.context.SecurityContextHolderFilter@6352341c, org.springframework.security.web.header.HeaderWriterFilter@77918a81, org.springframework.web.filter.CorsFilter@752134f9, org.springframework.security.web.authentication.logout.LogoutFilter@4e420e8b, org.springframework.security.oauth2.client.web.OAuth2AuthorizationRequestRedirectFilter@5f9e0e6, org.springframework.security.oauth2.client.web.OAuth2LoginAuthenticationFilter@76e94cff, com.utiitsl.DMSAuthService.config.auth.JwtAuthFilter@16ee8e03, org.springframework.security.web.authentication.ui.DefaultLoginPageGeneratingFilter@38797dfe, org.springframework.security.web.authentication.ui.DefaultLogoutPageGeneratingFilter@27c57faa, org.springframework.security.web.savedrequest.RequestCacheAwareFilter@283b81ee, org.springframework.security.web.servletapi.SecurityContextHolderAwareRequestFilter@176ab8ab, org.springframework.security.web.authentication.AnonymousAuthenticationFilter@72ae4d36, org.springframework.security.web.session.SessionManagementFilter@20e5f001, org.springframework.security.web.access.ExceptionTranslationFilter@39601cfe, org.springframework.security.web.access.intercept.AuthorizationFilter@45f90e71]] (1/1)
2026-05-22 14:42:13 DEBUG o.s.security.web.FilterChainProxy - Securing OPTIONS /api/v1/auth/token
2026-05-22 14:42:13 TRACE o.s.security.web.FilterChainProxy - Invoking DisableEncodeUrlFilter (1/17)
2026-05-22 14:42:13 TRACE o.s.security.web.FilterChainProxy - Invoking WebAsyncManagerIntegrationFilter (2/17)
2026-05-22 14:42:13 TRACE o.s.security.web.FilterChainProxy - Invoking SecurityContextHolderFilter (3/17)
2026-05-22 14:42:13 TRACE o.s.security.web.FilterChainProxy - Invoking HeaderWriterFilter (4/17)
2026-05-22 14:42:13 TRACE o.s.security.web.FilterChainProxy - Invoking CorsFilter (5/17)
2026-05-22 14:42:13 TRACE o.s.s.w.h.writers.HstsHeaderWriter - Not injecting HSTS header since it did not match request to [Is Secure]
2026-05-22 14:42:13 TRACE o.s.security.web.FilterChainProxy - Trying to match request against DefaultSecurityFilterChain [RequestMatcher=any request, Filters=[org.springframework.security.web.session.DisableEncodeUrlFilter@1e7978fc, org.springframework.security.web.context.request.async.WebAsyncManagerIntegrationFilter@22cb4178, org.springframework.security.web.context.SecurityContextHolderFilter@6352341c, org.springframework.security.web.header.HeaderWriterFilter@77918a81, org.springframework.web.filter.CorsFilter@752134f9, org.springframework.security.web.authentication.logout.LogoutFilter@4e420e8b, org.springframework.security.oauth2.client.web.OAuth2AuthorizationRequestRedirectFilter@5f9e0e6, org.springframework.security.oauth2.client.web.OAuth2LoginAuthenticationFilter@76e94cff, com.utiitsl.DMSAuthService.config.auth.JwtAuthFilter@16ee8e03, org.springframework.security.web.authentication.ui.DefaultLoginPageGeneratingFilter@38797dfe, org.springframework.security.web.authentication.ui.DefaultLogoutPageGeneratingFilter@27c57faa, org.springframework.security.web.savedrequest.RequestCacheAwareFilter@283b81ee, org.springframework.security.web.servletapi.SecurityContextHolderAwareRequestFilter@176ab8ab, org.springframework.security.web.authentication.AnonymousAuthenticationFilter@72ae4d36, org.springframework.security.web.session.SessionManagementFilter@20e5f001, org.springframework.security.web.access.ExceptionTranslationFilter@39601cfe, org.springframework.security.web.access.intercept.AuthorizationFilter@45f90e71]] (1/1)
2026-05-22 14:42:13 DEBUG o.s.security.web.FilterChainProxy - Securing POST /api/v1/auth/token
2026-05-22 14:42:13 TRACE o.s.security.web.FilterChainProxy - Invoking DisableEncodeUrlFilter (1/17)
2026-05-22 14:42:13 TRACE o.s.security.web.FilterChainProxy - Invoking WebAsyncManagerIntegrationFilter (2/17)
2026-05-22 14:42:13 TRACE o.s.security.web.FilterChainProxy - Invoking SecurityContextHolderFilter (3/17)
2026-05-22 14:42:13 TRACE o.s.security.web.FilterChainProxy - Invoking HeaderWriterFilter (4/17)
2026-05-22 14:42:13 TRACE o.s.security.web.FilterChainProxy - Invoking CorsFilter (5/17)
2026-05-22 14:42:13 TRACE o.s.security.web.FilterChainProxy - Invoking LogoutFilter (6/17)
2026-05-22 14:42:13 TRACE o.s.s.w.a.logout.LogoutFilter - Did not match request to Or [Ant [pattern='/logout', GET], Ant [pattern='/logout', POST], Ant [pattern='/logout', PUT], Ant [pattern='/logout', DELETE]]
2026-05-22 14:42:13 TRACE o.s.security.web.FilterChainProxy - Invoking OAuth2AuthorizationRequestRedirectFilter (7/17)
2026-05-22 14:42:13 TRACE o.s.security.web.FilterChainProxy - Invoking OAuth2LoginAuthenticationFilter (8/17)
2026-05-22 14:42:13 TRACE o.s.s.o.c.w.OAuth2LoginAuthenticationFilter - Did not match request to Ant [pattern='/login/oauth2/code/*']
2026-05-22 14:42:13 TRACE o.s.security.web.FilterChainProxy - Invoking JwtAuthFilter (9/17)
2026-05-22 14:42:13 TRACE o.s.security.web.FilterChainProxy - Invoking DefaultLoginPageGeneratingFilter (10/17)
2026-05-22 14:42:13 TRACE o.s.security.web.FilterChainProxy - Invoking DefaultLogoutPageGeneratingFilter (11/17)
2026-05-22 14:42:13 TRACE o.s.s.w.a.u.DefaultLogoutPageGeneratingFilter - Did not render default logout page since request did not match [Ant [pattern='/logout', GET]]
2026-05-22 14:42:13 TRACE o.s.security.web.FilterChainProxy - Invoking RequestCacheAwareFilter (12/17)
2026-05-22 14:42:13 TRACE o.s.security.web.FilterChainProxy - Invoking SecurityContextHolderAwareRequestFilter (13/17)
2026-05-22 14:42:13 TRACE o.s.security.web.FilterChainProxy - Invoking AnonymousAuthenticationFilter (14/17)
2026-05-22 14:42:13 TRACE o.s.security.web.FilterChainProxy - Invoking SessionManagementFilter (15/17)
2026-05-22 14:42:13 TRACE o.s.s.w.c.SupplierDeferredSecurityContext - Created SecurityContextImpl [Null authentication]
2026-05-22 14:42:13 TRACE o.s.s.w.a.AnonymousAuthenticationFilter - Set SecurityContextHolder to AnonymousAuthenticationToken [Principal=anonymousUser, Credentials=[PROTECTED], Authenticated=true, Details=WebAuthenticationDetails [RemoteIpAddress=0:0:0:0:0:0:0:1, SessionId=null], Granted Authorities=[ROLE_ANONYMOUS]]
2026-05-22 14:42:13 TRACE o.s.security.web.FilterChainProxy - Invoking ExceptionTranslationFilter (16/17)
2026-05-22 14:42:13 TRACE o.s.security.web.FilterChainProxy - Invoking AuthorizationFilter (17/17)
2026-05-22 14:42:13 TRACE o.s.s.w.a.i.RequestMatcherDelegatingAuthorizationManager - Authorizing POST /api/v1/auth/token
2026-05-22 14:42:13 TRACE o.s.s.w.a.i.RequestMatcherDelegatingAuthorizationManager - Checking authorization on POST /api/v1/auth/token using org.springframework.security.config.annotation.web.configurers.AuthorizeHttpRequestsConfigurer$$Lambda/0x0000020be1a4a8c0@8041aab
2026-05-22 14:42:13 DEBUG o.s.security.web.FilterChainProxy - Secured POST /api/v1/auth/token
2026-05-22 14:42:13 TRACE o.s.s.authentication.ProviderManager - Authenticating request with DaoAuthenticationProvider (1/1)
2026-05-22 14:42:13 DEBUG o.s.s.a.d.DaoAuthenticationProvider - Authenticated user
2026-05-22 14:42:13 TRACE o.s.s.w.h.writers.HstsHeaderWriter - Not injecting HSTS header since it did not match request to [Is Secure]
2026-05-22 14:42:13 WARN  o.s.w.s.m.m.a.ExceptionHandlerExceptionResolver - Resolved [java.util.NoSuchElementException: No value present]
2026-05-22 14:44:56 TRACE o.s.security.web.FilterChainProxy - Trying to match request against DefaultSecurityFilterChain [RequestMatcher=any request, Filters=[org.springframework.security.web.session.DisableEncodeUrlFilter@1e7978fc, org.springframework.security.web.context.request.async.WebAsyncManagerIntegrationFilter@22cb4178, org.springframework.security.web.context.SecurityContextHolderFilter@6352341c, org.springframework.security.web.header.HeaderWriterFilter@77918a81, org.springframework.web.filter.CorsFilter@752134f9, org.springframework.security.web.authentication.logout.LogoutFilter@4e420e8b, org.springframework.security.oauth2.client.web.OAuth2AuthorizationRequestRedirectFilter@5f9e0e6, org.springframework.security.oauth2.client.web.OAuth2LoginAuthenticationFilter@76e94cff, com.utiitsl.DMSAuthService.config.auth.JwtAuthFilter@16ee8e03, org.springframework.security.web.authentication.ui.DefaultLoginPageGeneratingFilter@38797dfe, org.springframework.security.web.authentication.ui.DefaultLogoutPageGeneratingFilter@27c57faa, org.springframework.security.web.savedrequest.RequestCacheAwareFilter@283b81ee, org.springframework.security.web.servletapi.SecurityContextHolderAwareRequestFilter@176ab8ab, org.springframework.security.web.authentication.AnonymousAuthenticationFilter@72ae4d36, org.springframework.security.web.session.SessionManagementFilter@20e5f001, org.springframework.security.web.access.ExceptionTranslationFilter@39601cfe, org.springframework.security.web.access.intercept.AuthorizationFilter@45f90e71]] (1/1)
2026-05-22 14:44:56 DEBUG o.s.security.web.FilterChainProxy - Securing OPTIONS /api/v1/auth/token
2026-05-22 14:44:56 TRACE o.s.security.web.FilterChainProxy - Invoking DisableEncodeUrlFilter (1/17)
2026-05-22 14:44:56 TRACE o.s.security.web.FilterChainProxy - Invoking WebAsyncManagerIntegrationFilter (2/17)
2026-05-22 14:44:56 TRACE o.s.security.web.FilterChainProxy - Invoking SecurityContextHolderFilter (3/17)
2026-05-22 14:44:56 TRACE o.s.security.web.FilterChainProxy - Invoking HeaderWriterFilter (4/17)
2026-05-22 14:44:56 TRACE o.s.security.web.FilterChainProxy - Invoking CorsFilter (5/17)
2026-05-22 14:44:56 TRACE o.s.s.w.h.writers.HstsHeaderWriter - Not injecting HSTS header since it did not match request to [Is Secure]
2026-05-22 14:44:56 TRACE o.s.security.web.FilterChainProxy - Trying to match request against DefaultSecurityFilterChain [RequestMatcher=any request, Filters=[org.springframework.security.web.session.DisableEncodeUrlFilter@1e7978fc, org.springframework.security.web.context.request.async.WebAsyncManagerIntegrationFilter@22cb4178, org.springframework.security.web.context.SecurityContextHolderFilter@6352341c, org.springframework.security.web.header.HeaderWriterFilter@77918a81, org.springframework.web.filter.CorsFilter@752134f9, org.springframework.security.web.authentication.logout.LogoutFilter@4e420e8b, org.springframework.security.oauth2.client.web.OAuth2AuthorizationRequestRedirectFilter@5f9e0e6, org.springframework.security.oauth2.client.web.OAuth2LoginAuthenticationFilter@76e94cff, com.utiitsl.DMSAuthService.config.auth.JwtAuthFilter@16ee8e03, org.springframework.security.web.authentication.ui.DefaultLoginPageGeneratingFilter@38797dfe, org.springframework.security.web.authentication.ui.DefaultLogoutPageGeneratingFilter@27c57faa, org.springframework.security.web.savedrequest.RequestCacheAwareFilter@283b81ee, org.springframework.security.web.servletapi.SecurityContextHolderAwareRequestFilter@176ab8ab, org.springframework.security.web.authentication.AnonymousAuthenticationFilter@72ae4d36, org.springframework.security.web.session.SessionManagementFilter@20e5f001, org.springframework.security.web.access.ExceptionTranslationFilter@39601cfe, org.springframework.security.web.access.intercept.AuthorizationFilter@45f90e71]] (1/1)
2026-05-22 14:44:56 DEBUG o.s.security.web.FilterChainProxy - Securing POST /api/v1/auth/token
2026-05-22 14:44:56 TRACE o.s.security.web.FilterChainProxy - Invoking DisableEncodeUrlFilter (1/17)
2026-05-22 14:44:56 TRACE o.s.security.web.FilterChainProxy - Invoking WebAsyncManagerIntegrationFilter (2/17)
2026-05-22 14:44:56 TRACE o.s.security.web.FilterChainProxy - Invoking SecurityContextHolderFilter (3/17)
2026-05-22 14:44:56 TRACE o.s.security.web.FilterChainProxy - Invoking HeaderWriterFilter (4/17)
2026-05-22 14:44:56 TRACE o.s.security.web.FilterChainProxy - Invoking CorsFilter (5/17)
2026-05-22 14:44:56 TRACE o.s.security.web.FilterChainProxy - Invoking LogoutFilter (6/17)
2026-05-22 14:44:56 TRACE o.s.s.w.a.logout.LogoutFilter - Did not match request to Or [Ant [pattern='/logout', GET], Ant [pattern='/logout', POST], Ant [pattern='/logout', PUT], Ant [pattern='/logout', DELETE]]
2026-05-22 14:44:56 TRACE o.s.security.web.FilterChainProxy - Invoking OAuth2AuthorizationRequestRedirectFilter (7/17)
2026-05-22 14:44:56 TRACE o.s.security.web.FilterChainProxy - Invoking OAuth2LoginAuthenticationFilter (8/17)
2026-05-22 14:44:56 TRACE o.s.s.o.c.w.OAuth2LoginAuthenticationFilter - Did not match request to Ant [pattern='/login/oauth2/code/*']
2026-05-22 14:44:56 TRACE o.s.security.web.FilterChainProxy - Invoking JwtAuthFilter (9/17)
2026-05-22 14:44:56 TRACE o.s.security.web.FilterChainProxy - Invoking DefaultLoginPageGeneratingFilter (10/17)
2026-05-22 14:44:56 TRACE o.s.security.web.FilterChainProxy - Invoking DefaultLogoutPageGeneratingFilter (11/17)
2026-05-22 14:44:56 TRACE o.s.s.w.a.u.DefaultLogoutPageGeneratingFilter - Did not render default logout page since request did not match [Ant [pattern='/logout', GET]]
2026-05-22 14:44:56 TRACE o.s.security.web.FilterChainProxy - Invoking RequestCacheAwareFilter (12/17)
2026-05-22 14:44:56 TRACE o.s.security.web.FilterChainProxy - Invoking SecurityContextHolderAwareRequestFilter (13/17)
2026-05-22 14:44:56 TRACE o.s.security.web.FilterChainProxy - Invoking AnonymousAuthenticationFilter (14/17)
2026-05-22 14:44:56 TRACE o.s.security.web.FilterChainProxy - Invoking SessionManagementFilter (15/17)
2026-05-22 14:44:56 TRACE o.s.s.w.c.SupplierDeferredSecurityContext - Created SecurityContextImpl [Null authentication]
2026-05-22 14:44:56 TRACE o.s.s.w.a.AnonymousAuthenticationFilter - Set SecurityContextHolder to AnonymousAuthenticationToken [Principal=anonymousUser, Credentials=[PROTECTED], Authenticated=true, Details=WebAuthenticationDetails [RemoteIpAddress=0:0:0:0:0:0:0:1, SessionId=null], Granted Authorities=[ROLE_ANONYMOUS]]
2026-05-22 14:44:56 TRACE o.s.security.web.FilterChainProxy - Invoking ExceptionTranslationFilter (16/17)
2026-05-22 14:44:56 TRACE o.s.security.web.FilterChainProxy - Invoking AuthorizationFilter (17/17)
2026-05-22 14:44:56 TRACE o.s.s.w.a.i.RequestMatcherDelegatingAuthorizationManager - Authorizing POST /api/v1/auth/token
2026-05-22 14:44:56 TRACE o.s.s.w.a.i.RequestMatcherDelegatingAuthorizationManager - Checking authorization on POST /api/v1/auth/token using org.springframework.security.config.annotation.web.configurers.AuthorizeHttpRequestsConfigurer$$Lambda/0x0000020be1a4a8c0@8041aab
2026-05-22 14:44:56 DEBUG o.s.security.web.FilterChainProxy - Secured POST /api/v1/auth/token
2026-05-22 14:44:56 TRACE o.s.s.authentication.ProviderManager - Authenticating request with DaoAuthenticationProvider (1/1)
2026-05-22 14:44:56 DEBUG o.s.s.a.d.DaoAuthenticationProvider - Authenticated user
2026-05-22 14:44:56 TRACE o.s.s.w.h.writers.HstsHeaderWriter - Not injecting HSTS header since it did not match request to [Is Secure]
2026-05-22 14:44:56 WARN  o.s.w.s.m.m.a.ExceptionHandlerExceptionResolver - Resolved [java.util.NoSuchElementException: No value present]
2026-05-22 14:45:37 INFO  o.s.o.j.LocalContainerEntityManagerFactoryBean - Closing JPA EntityManagerFactory for persistence unit 'default'
2026-05-22 14:45:37 INFO  com.zaxxer.hikari.HikariDataSource - HikariPool-1 - Shutdown initiated...
2026-05-22 14:45:37 INFO  com.zaxxer.hikari.HikariDataSource - HikariPool-1 - Shutdown completed.
2026-05-22 14:45:46 INFO  c.u.D.DmsAuthServiceApplication - Starting DmsAuthServiceApplication using Java 21.0.6 with PID 32288 (C:\Users\mohammada1\Desktop\Invoice_Project\AuthService\target\classes started by mohammada1 in C:\Users\mohammada1\Desktop\Invoice_Project\AuthService)
2026-05-22 14:45:46 INFO  c.u.D.DmsAuthServiceApplication - The following 1 profile is active: "dev"
2026-05-22 14:45:46 INFO  o.s.b.d.e.DevToolsPropertyDefaultsPostProcessor - Devtools property defaults active! Set 'spring.devtools.add-properties' to 'false' to disable
2026-05-22 14:45:46 INFO  o.s.b.d.e.DevToolsPropertyDefaultsPostProcessor - For additional web related logging consider setting the 'logging.level.web' property to 'DEBUG'
2026-05-22 14:45:48 INFO  o.s.d.r.c.RepositoryConfigurationDelegate - Bootstrapping Spring Data JPA repositories in DEFAULT mode.
2026-05-22 14:45:48 INFO  o.s.d.r.c.RepositoryConfigurationDelegate - Finished Spring Data repository scanning in 193 ms. Found 3 JPA repository interfaces.
2026-05-22 14:45:50 INFO  o.s.b.w.e.tomcat.TomcatWebServer - Tomcat initialized with port 8282 (http)
2026-05-22 14:45:50 INFO  o.a.catalina.core.StandardService - Starting service [Tomcat]
2026-05-22 14:45:50 INFO  o.a.catalina.core.StandardEngine - Starting Servlet engine: [Apache Tomcat/10.1.28]
2026-05-22 14:45:50 INFO  o.a.c.c.C.[.[.[/authService] - Initializing Spring embedded WebApplicationContext
2026-05-22 14:45:50 INFO  o.s.b.w.s.c.ServletWebServerApplicationContext - Root WebApplicationContext: initialization completed in 4204 ms
2026-05-22 14:45:50 INFO  o.h.jpa.internal.util.LogHelper - HHH000204: Processing PersistenceUnitInfo [name: default]
2026-05-22 14:45:51 INFO  org.hibernate.Version - HHH000412: Hibernate ORM core version 6.4.10.Final
2026-05-22 14:45:51 INFO  o.h.c.i.RegionFactoryInitiator - HHH000026: Second-level cache disabled
2026-05-22 14:45:51 INFO  o.s.o.j.p.SpringPersistenceUnitInfo - No LoadTimeWeaver setup: ignoring JPA class transformer
2026-05-22 14:45:51 INFO  com.zaxxer.hikari.HikariDataSource - HikariPool-1 - Starting...
2026-05-22 14:45:52 INFO  com.zaxxer.hikari.pool.HikariPool - HikariPool-1 - Added connection com.mysql.cj.jdbc.ConnectionImpl@275b413c
2026-05-22 14:45:52 INFO  com.zaxxer.hikari.HikariDataSource - HikariPool-1 - Start completed.
2026-05-22 14:45:54 INFO  o.h.e.t.j.p.i.JtaPlatformInitiator - HHH000489: No JTA platform available (set 'hibernate.transaction.jta.platform' to enable JTA platform integration)
2026-05-22 14:45:54 INFO  o.s.o.j.LocalContainerEntityManagerFactoryBean - Initialized JPA EntityManagerFactory for persistence unit 'default'
2026-05-22 14:45:55 INFO  o.s.d.j.r.query.QueryEnhancerFactory - Hibernate is in classpath; If applicable, HQL parser will be used.
2026-05-22 14:45:56 TRACE o.s.s.c.a.a.c.AuthenticationConfiguration$EnableGlobalAuthenticationAutowiredConfigurer - Eagerly initializing {securityConfiguration=com.utiitsl.DMSAuthService.config.auth.SecurityConfiguration$$SpringCGLIB$$0@619de82d}
2026-05-22 14:45:56 DEBUG o.s.s.a.p.PrePostAnnotationSecurityMetadataSource - @org.springframework.security.access.prepost.PreAuthorize("hasAuthority(\'admin:update\')") found on specific method: public org.springframework.http.ResponseEntity com.utiitsl.DMSAuthService.controller.dash.DashController.updateUser(com.utiitsl.DMSAuthService.dto.UserDTO,java.lang.Integer)
2026-05-22 14:45:56 DEBUG o.s.s.a.m.DelegatingMethodSecurityMetadataSource - Caching method [CacheKey[com.utiitsl.DMSAuthService.controller.dash.DashController; public org.springframework.http.ResponseEntity com.utiitsl.DMSAuthService.controller.dash.DashController.updateUser(com.utiitsl.DMSAuthService.dto.UserDTO,java.lang.Integer)]] with attributes [[authorize: 'hasAuthority('admin:update')', filter: 'null', filterTarget: 'null']]
2026-05-22 14:45:56 TRACE o.s.s.a.i.a.MethodSecurityInterceptor - Validated configuration attributes
2026-05-22 14:45:56 DEBUG o.s.s.a.p.PrePostAnnotationSecurityMetadataSource - @org.springframework.security.access.prepost.PreAuthorize("hasAuthority(\'admin:delete\')") found on specific method: public org.springframework.http.ResponseEntity com.utiitsl.DMSAuthService.controller.dash.DashController.deleteUserById(java.lang.Integer)
2026-05-22 14:45:56 DEBUG o.s.s.a.m.DelegatingMethodSecurityMetadataSource - Caching method [CacheKey[com.utiitsl.DMSAuthService.controller.dash.DashController; public org.springframework.http.ResponseEntity com.utiitsl.DMSAuthService.controller.dash.DashController.deleteUserById(java.lang.Integer)]] with attributes [[authorize: 'hasAuthority('admin:delete')', filter: 'null', filterTarget: 'null']]
2026-05-22 14:45:56 DEBUG o.s.s.a.p.PrePostAnnotationSecurityMetadataSource - @org.springframework.security.access.prepost.PreAuthorize("hasRole(\'ROLE_APPLICATION_ADMIN\') or hasRole(\'ROLE_ADMIN\')") found on specific method: public org.springframework.http.ResponseEntity com.utiitsl.DMSAuthService.controller.user.UserController.getAllUser(int,int,java.lang.String,jakarta.servlet.http.HttpServletRequest)
2026-05-22 14:45:56 DEBUG o.s.s.a.m.DelegatingMethodSecurityMetadataSource - Caching method [CacheKey[com.utiitsl.DMSAuthService.controller.user.UserController; public org.springframework.http.ResponseEntity com.utiitsl.DMSAuthService.controller.user.UserController.getAllUser(int,int,java.lang.String,jakarta.servlet.http.HttpServletRequest)]] with attributes [[authorize: 'hasRole('ROLE_APPLICATION_ADMIN') or hasRole('ROLE_ADMIN')', filter: 'null', filterTarget: 'null']]
2026-05-22 14:45:56 DEBUG o.s.s.a.p.PrePostAnnotationSecurityMetadataSource - @org.springframework.security.access.prepost.PreAuthorize("hasRole(\'ROLE_APPLICATION_ADMIN\') or hasRole(\'ROLE_ADMIN\')") found on specific method: public org.springframework.http.ResponseEntity com.utiitsl.DMSAuthService.controller.user.UserController.activateDeactivateUser(java.lang.String,boolean)
2026-05-22 14:45:56 DEBUG o.s.s.a.m.DelegatingMethodSecurityMetadataSource - Caching method [CacheKey[com.utiitsl.DMSAuthService.controller.user.UserController; public org.springframework.http.ResponseEntity com.utiitsl.DMSAuthService.controller.user.UserController.activateDeactivateUser(java.lang.String,boolean)]] with attributes [[authorize: 'hasRole('ROLE_APPLICATION_ADMIN') or hasRole('ROLE_ADMIN')', filter: 'null', filterTarget: 'null']]
2026-05-22 14:45:56 DEBUG o.s.s.a.p.PrePostAnnotationSecurityMetadataSource - @org.springframework.security.access.prepost.PreAuthorize("hasRole(\'ROLE_APPLICATION_ADMIN\') or hasRole(\'ROLE_ADMIN\')") found on specific method: public org.springframework.http.ResponseEntity com.utiitsl.DMSAuthService.controller.user.UserController.register(com.utiitsl.DMSAuthService.dto.RegisterRequestDTO,java.lang.String,jakarta.servlet.http.HttpServletRequest)
2026-05-22 14:45:56 DEBUG o.s.s.a.m.DelegatingMethodSecurityMetadataSource - Caching method [CacheKey[com.utiitsl.DMSAuthService.controller.user.UserController; public org.springframework.http.ResponseEntity com.utiitsl.DMSAuthService.controller.user.UserController.register(com.utiitsl.DMSAuthService.dto.RegisterRequestDTO,java.lang.String,jakarta.servlet.http.HttpServletRequest)]] with attributes [[authorize: 'hasRole('ROLE_APPLICATION_ADMIN') or hasRole('ROLE_ADMIN')', filter: 'null', filterTarget: 'null']]
2026-05-22 14:45:56 WARN  o.s.b.a.o.j.JpaBaseConfiguration$JpaWebConfiguration - spring.jpa.open-in-view is enabled by default. Therefore, database queries may be performed during view rendering. Explicitly configure spring.jpa.open-in-view to disable this warning
2026-05-22 14:45:59 INFO  o.s.s.web.DefaultSecurityFilterChain - Will secure any request with [org.springframework.security.web.session.DisableEncodeUrlFilter@6c33d94d, org.springframework.security.web.context.request.async.WebAsyncManagerIntegrationFilter@7223c670, org.springframework.security.web.context.SecurityContextHolderFilter@53d28885, org.springframework.security.web.header.HeaderWriterFilter@61e21d8a, org.springframework.web.filter.CorsFilter@14070fbe, org.springframework.security.web.authentication.logout.LogoutFilter@57d90687, org.springframework.security.oauth2.client.web.OAuth2AuthorizationRequestRedirectFilter@58215edb, org.springframework.security.oauth2.client.web.OAuth2LoginAuthenticationFilter@43abb4b7, com.utiitsl.DMSAuthService.config.auth.JwtAuthFilter@32676d7c, org.springframework.security.web.authentication.ui.DefaultLoginPageGeneratingFilter@10f5ffbc, org.springframework.security.web.authentication.ui.DefaultLogoutPageGeneratingFilter@418963c9, org.springframework.security.web.savedrequest.RequestCacheAwareFilter@36908ba1, org.springframework.security.web.servletapi.SecurityContextHolderAwareRequestFilter@538aab5d, org.springframework.security.web.authentication.AnonymousAuthenticationFilter@33023304, org.springframework.security.web.session.SessionManagementFilter@7d062d70, org.springframework.security.web.access.ExceptionTranslationFilter@60d4af87, org.springframework.security.web.access.intercept.AuthorizationFilter@42eb0f70]
2026-05-22 14:46:00 INFO  o.s.b.d.a.OptionalLiveReloadServer - LiveReload server is running on port 35729
2026-05-22 14:46:00 INFO  o.s.b.w.e.tomcat.TomcatWebServer - Tomcat started on port 8282 (http) with context path '/authService'
2026-05-22 14:46:00 INFO  c.u.D.DmsAuthServiceApplication - Started DmsAuthServiceApplication in 15.838 seconds (process running for 17.347)
2026-05-22 14:46:49 INFO  o.s.o.j.LocalContainerEntityManagerFactoryBean - Closing JPA EntityManagerFactory for persistence unit 'default'
2026-05-22 14:46:49 INFO  com.zaxxer.hikari.HikariDataSource - HikariPool-1 - Shutdown initiated...
2026-05-22 14:46:49 INFO  com.zaxxer.hikari.HikariDataSource - HikariPool-1 - Shutdown completed.
2026-05-22 14:46:54 INFO  c.u.D.DmsAuthServiceApplication - Starting DmsAuthServiceApplication using Java 21.0.6 with PID 31164 (C:\Users\mohammada1\Desktop\Invoice_Project\AuthService\target\classes started by mohammada1 in C:\Users\mohammada1\Desktop\Invoice_Project\AuthService)
2026-05-22 14:46:54 INFO  c.u.D.DmsAuthServiceApplication - The following 1 profile is active: "dev"
2026-05-22 14:46:55 INFO  o.s.b.d.e.DevToolsPropertyDefaultsPostProcessor - Devtools property defaults active! Set 'spring.devtools.add-properties' to 'false' to disable
2026-05-22 14:46:55 INFO  o.s.b.d.e.DevToolsPropertyDefaultsPostProcessor - For additional web related logging consider setting the 'logging.level.web' property to 'DEBUG'
2026-05-22 14:46:57 INFO  o.s.d.r.c.RepositoryConfigurationDelegate - Bootstrapping Spring Data JPA repositories in DEFAULT mode.
2026-05-22 14:46:57 INFO  o.s.d.r.c.RepositoryConfigurationDelegate - Finished Spring Data repository scanning in 171 ms. Found 3 JPA repository interfaces.
2026-05-22 14:46:59 INFO  o.s.b.w.e.tomcat.TomcatWebServer - Tomcat initialized with port 8282 (http)
2026-05-22 14:46:59 INFO  o.a.catalina.core.StandardService - Starting service [Tomcat]
2026-05-22 14:46:59 INFO  o.a.catalina.core.StandardEngine - Starting Servlet engine: [Apache Tomcat/10.1.28]
2026-05-22 14:46:59 INFO  o.a.c.c.C.[.[.[/authService] - Initializing Spring embedded WebApplicationContext
2026-05-22 14:46:59 INFO  o.s.b.w.s.c.ServletWebServerApplicationContext - Root WebApplicationContext: initialization completed in 4378 ms
2026-05-22 14:46:59 INFO  o.h.jpa.internal.util.LogHelper - HHH000204: Processing PersistenceUnitInfo [name: default]
2026-05-22 14:46:59 INFO  org.hibernate.Version - HHH000412: Hibernate ORM core version 6.4.10.Final
2026-05-22 14:47:00 INFO  o.h.c.i.RegionFactoryInitiator - HHH000026: Second-level cache disabled
2026-05-22 14:47:00 INFO  o.s.o.j.p.SpringPersistenceUnitInfo - No LoadTimeWeaver setup: ignoring JPA class transformer
2026-05-22 14:47:00 INFO  com.zaxxer.hikari.HikariDataSource - HikariPool-1 - Starting...
2026-05-22 14:47:01 INFO  com.zaxxer.hikari.pool.HikariPool - HikariPool-1 - Added connection com.mysql.cj.jdbc.ConnectionImpl@449328e4
2026-05-22 14:47:01 INFO  com.zaxxer.hikari.HikariDataSource - HikariPool-1 - Start completed.
2026-05-22 14:47:04 INFO  o.h.e.t.j.p.i.JtaPlatformInitiator - HHH000489: No JTA platform available (set 'hibernate.transaction.jta.platform' to enable JTA platform integration)
2026-05-22 14:47:04 INFO  o.s.o.j.LocalContainerEntityManagerFactoryBean - Initialized JPA EntityManagerFactory for persistence unit 'default'
2026-05-22 14:47:04 INFO  o.s.d.j.r.query.QueryEnhancerFactory - Hibernate is in classpath; If applicable, HQL parser will be used.
2026-05-22 14:47:05 TRACE o.s.s.c.a.a.c.AuthenticationConfiguration$EnableGlobalAuthenticationAutowiredConfigurer - Eagerly initializing {securityConfiguration=com.utiitsl.DMSAuthService.config.auth.SecurityConfiguration$$SpringCGLIB$$0@1c24d7e6}
2026-05-22 14:47:06 DEBUG o.s.s.a.p.PrePostAnnotationSecurityMetadataSource - @org.springframework.security.access.prepost.PreAuthorize("hasAuthority(\'admin:update\')") found on specific method: public org.springframework.http.ResponseEntity com.utiitsl.DMSAuthService.controller.dash.DashController.updateUser(com.utiitsl.DMSAuthService.dto.UserDTO,java.lang.Integer)
2026-05-22 14:47:06 DEBUG o.s.s.a.m.DelegatingMethodSecurityMetadataSource - Caching method [CacheKey[com.utiitsl.DMSAuthService.controller.dash.DashController; public org.springframework.http.ResponseEntity com.utiitsl.DMSAuthService.controller.dash.DashController.updateUser(com.utiitsl.DMSAuthService.dto.UserDTO,java.lang.Integer)]] with attributes [[authorize: 'hasAuthority('admin:update')', filter: 'null', filterTarget: 'null']]
2026-05-22 14:47:06 TRACE o.s.s.a.i.a.MethodSecurityInterceptor - Validated configuration attributes
2026-05-22 14:47:06 DEBUG o.s.s.a.p.PrePostAnnotationSecurityMetadataSource - @org.springframework.security.access.prepost.PreAuthorize("hasAuthority(\'admin:delete\')") found on specific method: public org.springframework.http.ResponseEntity com.utiitsl.DMSAuthService.controller.dash.DashController.deleteUserById(java.lang.Integer)
2026-05-22 14:47:06 DEBUG o.s.s.a.m.DelegatingMethodSecurityMetadataSource - Caching method [CacheKey[com.utiitsl.DMSAuthService.controller.dash.DashController; public org.springframework.http.ResponseEntity com.utiitsl.DMSAuthService.controller.dash.DashController.deleteUserById(java.lang.Integer)]] with attributes [[authorize: 'hasAuthority('admin:delete')', filter: 'null', filterTarget: 'null']]
2026-05-22 14:47:06 DEBUG o.s.s.a.p.PrePostAnnotationSecurityMetadataSource - @org.springframework.security.access.prepost.PreAuthorize("hasRole(\'ROLE_APPLICATION_ADMIN\') or hasRole(\'ROLE_ADMIN\')") found on specific method: public org.springframework.http.ResponseEntity com.utiitsl.DMSAuthService.controller.user.UserController.register(com.utiitsl.DMSAuthService.dto.RegisterRequestDTO,java.lang.String,jakarta.servlet.http.HttpServletRequest)
2026-05-22 14:47:06 DEBUG o.s.s.a.m.DelegatingMethodSecurityMetadataSource - Caching method [CacheKey[com.utiitsl.DMSAuthService.controller.user.UserController; public org.springframework.http.ResponseEntity com.utiitsl.DMSAuthService.controller.user.UserController.register(com.utiitsl.DMSAuthService.dto.RegisterRequestDTO,java.lang.String,jakarta.servlet.http.HttpServletRequest)]] with attributes [[authorize: 'hasRole('ROLE_APPLICATION_ADMIN') or hasRole('ROLE_ADMIN')', filter: 'null', filterTarget: 'null']]
2026-05-22 14:47:06 DEBUG o.s.s.a.p.PrePostAnnotationSecurityMetadataSource - @org.springframework.security.access.prepost.PreAuthorize("hasRole(\'ROLE_APPLICATION_ADMIN\') or hasRole(\'ROLE_ADMIN\')") found on specific method: public org.springframework.http.ResponseEntity com.utiitsl.DMSAuthService.controller.user.UserController.getAllUser(int,int,java.lang.String,jakarta.servlet.http.HttpServletRequest)
2026-05-22 14:47:06 DEBUG o.s.s.a.m.DelegatingMethodSecurityMetadataSource - Caching method [CacheKey[com.utiitsl.DMSAuthService.controller.user.UserController; public org.springframework.http.ResponseEntity com.utiitsl.DMSAuthService.controller.user.UserController.getAllUser(int,int,java.lang.String,jakarta.servlet.http.HttpServletRequest)]] with attributes [[authorize: 'hasRole('ROLE_APPLICATION_ADMIN') or hasRole('ROLE_ADMIN')', filter: 'null', filterTarget: 'null']]
2026-05-22 14:47:06 DEBUG o.s.s.a.p.PrePostAnnotationSecurityMetadataSource - @org.springframework.security.access.prepost.PreAuthorize("hasRole(\'ROLE_APPLICATION_ADMIN\') or hasRole(\'ROLE_ADMIN\')") found on specific method: public org.springframework.http.ResponseEntity com.utiitsl.DMSAuthService.controller.user.UserController.activateDeactivateUser(java.lang.String,boolean)
2026-05-22 14:47:06 DEBUG o.s.s.a.m.DelegatingMethodSecurityMetadataSource - Caching method [CacheKey[com.utiitsl.DMSAuthService.controller.user.UserController; public org.springframework.http.ResponseEntity com.utiitsl.DMSAuthService.controller.user.UserController.activateDeactivateUser(java.lang.String,boolean)]] with attributes [[authorize: 'hasRole('ROLE_APPLICATION_ADMIN') or hasRole('ROLE_ADMIN')', filter: 'null', filterTarget: 'null']]
2026-05-22 14:47:06 WARN  o.s.b.a.o.j.JpaBaseConfiguration$JpaWebConfiguration - spring.jpa.open-in-view is enabled by default. Therefore, database queries may be performed during view rendering. Explicitly configure spring.jpa.open-in-view to disable this warning
2026-05-22 14:47:09 INFO  o.s.s.web.DefaultSecurityFilterChain - Will secure any request with [org.springframework.security.web.session.DisableEncodeUrlFilter@4d53fb40, org.springframework.security.web.context.request.async.WebAsyncManagerIntegrationFilter@6735a826, org.springframework.security.web.context.SecurityContextHolderFilter@6a8bae17, org.springframework.security.web.header.HeaderWriterFilter@487c3456, org.springframework.web.filter.CorsFilter@26d4694d, org.springframework.security.web.authentication.logout.LogoutFilter@bf0ba95, org.springframework.security.oauth2.client.web.OAuth2AuthorizationRequestRedirectFilter@4c2029b1, org.springframework.security.oauth2.client.web.OAuth2LoginAuthenticationFilter@54d1b31a, com.utiitsl.DMSAuthService.config.auth.JwtAuthFilter@506cc676, org.springframework.security.web.authentication.ui.DefaultLoginPageGeneratingFilter@6b906358, org.springframework.security.web.authentication.ui.DefaultLogoutPageGeneratingFilter@f0f38ee, org.springframework.security.web.savedrequest.RequestCacheAwareFilter@5613b654, org.springframework.security.web.servletapi.SecurityContextHolderAwareRequestFilter@4ff8fb42, org.springframework.security.web.authentication.AnonymousAuthenticationFilter@5d545bb4, org.springframework.security.web.session.SessionManagementFilter@781f3cd6, org.springframework.security.web.access.ExceptionTranslationFilter@64e25988, org.springframework.security.web.access.intercept.AuthorizationFilter@395e438d]
2026-05-22 14:47:10 INFO  o.s.b.d.a.OptionalLiveReloadServer - LiveReload server is running on port 35729
2026-05-22 14:47:10 INFO  o.s.b.w.e.tomcat.TomcatWebServer - Tomcat started on port 8282 (http) with context path '/authService'
2026-05-22 14:47:10 INFO  c.u.D.DmsAuthServiceApplication - Started DmsAuthServiceApplication in 16.554 seconds (process running for 18.807)
2026-05-22 14:47:14 INFO  o.a.c.c.C.[.[.[/authService] - Initializing Spring DispatcherServlet 'dispatcherServlet'
2026-05-22 14:47:14 INFO  o.s.web.servlet.DispatcherServlet - Initializing Servlet 'dispatcherServlet'
2026-05-22 14:47:14 INFO  o.s.web.servlet.DispatcherServlet - Completed initialization in 3 ms
2026-05-22 14:47:14 TRACE o.s.security.web.FilterChainProxy - Trying to match request against DefaultSecurityFilterChain [RequestMatcher=any request, Filters=[org.springframework.security.web.session.DisableEncodeUrlFilter@4d53fb40, org.springframework.security.web.context.request.async.WebAsyncManagerIntegrationFilter@6735a826, org.springframework.security.web.context.SecurityContextHolderFilter@6a8bae17, org.springframework.security.web.header.HeaderWriterFilter@487c3456, org.springframework.web.filter.CorsFilter@26d4694d, org.springframework.security.web.authentication.logout.LogoutFilter@bf0ba95, org.springframework.security.oauth2.client.web.OAuth2AuthorizationRequestRedirectFilter@4c2029b1, org.springframework.security.oauth2.client.web.OAuth2LoginAuthenticationFilter@54d1b31a, com.utiitsl.DMSAuthService.config.auth.JwtAuthFilter@506cc676, org.springframework.security.web.authentication.ui.DefaultLoginPageGeneratingFilter@6b906358, org.springframework.security.web.authentication.ui.DefaultLogoutPageGeneratingFilter@f0f38ee, org.springframework.security.web.savedrequest.RequestCacheAwareFilter@5613b654, org.springframework.security.web.servletapi.SecurityContextHolderAwareRequestFilter@4ff8fb42, org.springframework.security.web.authentication.AnonymousAuthenticationFilter@5d545bb4, org.springframework.security.web.session.SessionManagementFilter@781f3cd6, org.springframework.security.web.access.ExceptionTranslationFilter@64e25988, org.springframework.security.web.access.intercept.AuthorizationFilter@395e438d]] (1/1)
2026-05-22 14:47:14 DEBUG o.s.security.web.FilterChainProxy - Securing OPTIONS /api/v1/auth/token
2026-05-22 14:47:14 TRACE o.s.security.web.FilterChainProxy - Invoking DisableEncodeUrlFilter (1/17)
2026-05-22 14:47:14 TRACE o.s.security.web.FilterChainProxy - Invoking WebAsyncManagerIntegrationFilter (2/17)
2026-05-22 14:47:14 TRACE o.s.security.web.FilterChainProxy - Invoking SecurityContextHolderFilter (3/17)
2026-05-22 14:47:14 TRACE o.s.security.web.FilterChainProxy - Invoking HeaderWriterFilter (4/17)
2026-05-22 14:47:14 TRACE o.s.security.web.FilterChainProxy - Invoking CorsFilter (5/17)
2026-05-22 14:47:14 TRACE o.s.s.w.h.writers.HstsHeaderWriter - Not injecting HSTS header since it did not match request to [Is Secure]
2026-05-22 14:47:14 TRACE o.s.security.web.FilterChainProxy - Trying to match request against DefaultSecurityFilterChain [RequestMatcher=any request, Filters=[org.springframework.security.web.session.DisableEncodeUrlFilter@4d53fb40, org.springframework.security.web.context.request.async.WebAsyncManagerIntegrationFilter@6735a826, org.springframework.security.web.context.SecurityContextHolderFilter@6a8bae17, org.springframework.security.web.header.HeaderWriterFilter@487c3456, org.springframework.web.filter.CorsFilter@26d4694d, org.springframework.security.web.authentication.logout.LogoutFilter@bf0ba95, org.springframework.security.oauth2.client.web.OAuth2AuthorizationRequestRedirectFilter@4c2029b1, org.springframework.security.oauth2.client.web.OAuth2LoginAuthenticationFilter@54d1b31a, com.utiitsl.DMSAuthService.config.auth.JwtAuthFilter@506cc676, org.springframework.security.web.authentication.ui.DefaultLoginPageGeneratingFilter@6b906358, org.springframework.security.web.authentication.ui.DefaultLogoutPageGeneratingFilter@f0f38ee, org.springframework.security.web.savedrequest.RequestCacheAwareFilter@5613b654, org.springframework.security.web.servletapi.SecurityContextHolderAwareRequestFilter@4ff8fb42, org.springframework.security.web.authentication.AnonymousAuthenticationFilter@5d545bb4, org.springframework.security.web.session.SessionManagementFilter@781f3cd6, org.springframework.security.web.access.ExceptionTranslationFilter@64e25988, org.springframework.security.web.access.intercept.AuthorizationFilter@395e438d]] (1/1)
2026-05-22 14:47:14 DEBUG o.s.security.web.FilterChainProxy - Securing POST /api/v1/auth/token
2026-05-22 14:47:14 TRACE o.s.security.web.FilterChainProxy - Invoking DisableEncodeUrlFilter (1/17)
2026-05-22 14:47:14 TRACE o.s.security.web.FilterChainProxy - Invoking WebAsyncManagerIntegrationFilter (2/17)
2026-05-22 14:47:14 TRACE o.s.security.web.FilterChainProxy - Invoking SecurityContextHolderFilter (3/17)
2026-05-22 14:47:14 TRACE o.s.security.web.FilterChainProxy - Invoking HeaderWriterFilter (4/17)
2026-05-22 14:47:14 TRACE o.s.security.web.FilterChainProxy - Invoking CorsFilter (5/17)
2026-05-22 14:47:14 TRACE o.s.security.web.FilterChainProxy - Invoking LogoutFilter (6/17)
2026-05-22 14:47:14 TRACE o.s.s.w.a.logout.LogoutFilter - Did not match request to Or [Ant [pattern='/logout', GET], Ant [pattern='/logout', POST], Ant [pattern='/logout', PUT], Ant [pattern='/logout', DELETE]]
2026-05-22 14:47:14 TRACE o.s.security.web.FilterChainProxy - Invoking OAuth2AuthorizationRequestRedirectFilter (7/17)
2026-05-22 14:47:14 TRACE o.s.security.web.FilterChainProxy - Invoking OAuth2LoginAuthenticationFilter (8/17)
2026-05-22 14:47:14 TRACE o.s.s.o.c.w.OAuth2LoginAuthenticationFilter - Did not match request to Ant [pattern='/login/oauth2/code/*']
2026-05-22 14:47:14 TRACE o.s.security.web.FilterChainProxy - Invoking JwtAuthFilter (9/17)
2026-05-22 14:47:14 TRACE o.s.security.web.FilterChainProxy - Invoking DefaultLoginPageGeneratingFilter (10/17)
2026-05-22 14:47:14 TRACE o.s.security.web.FilterChainProxy - Invoking DefaultLogoutPageGeneratingFilter (11/17)
2026-05-22 14:47:14 TRACE o.s.s.w.a.u.DefaultLogoutPageGeneratingFilter - Did not render default logout page since request did not match [Ant [pattern='/logout', GET]]
2026-05-22 14:47:14 TRACE o.s.security.web.FilterChainProxy - Invoking RequestCacheAwareFilter (12/17)
2026-05-22 14:47:14 TRACE o.s.security.web.FilterChainProxy - Invoking SecurityContextHolderAwareRequestFilter (13/17)
2026-05-22 14:47:14 TRACE o.s.security.web.FilterChainProxy - Invoking AnonymousAuthenticationFilter (14/17)
2026-05-22 14:47:14 TRACE o.s.security.web.FilterChainProxy - Invoking SessionManagementFilter (15/17)
2026-05-22 14:47:14 TRACE o.s.s.w.c.SupplierDeferredSecurityContext - Created SecurityContextImpl [Null authentication]
2026-05-22 14:47:14 TRACE o.s.s.w.a.AnonymousAuthenticationFilter - Set SecurityContextHolder to AnonymousAuthenticationToken [Principal=anonymousUser, Credentials=[PROTECTED], Authenticated=true, Details=WebAuthenticationDetails [RemoteIpAddress=0:0:0:0:0:0:0:1, SessionId=null], Granted Authorities=[ROLE_ANONYMOUS]]
2026-05-22 14:47:14 TRACE o.s.security.web.FilterChainProxy - Invoking ExceptionTranslationFilter (16/17)
2026-05-22 14:47:14 TRACE o.s.security.web.FilterChainProxy - Invoking AuthorizationFilter (17/17)
2026-05-22 14:47:14 TRACE o.s.s.w.a.i.RequestMatcherDelegatingAuthorizationManager - Authorizing POST /api/v1/auth/token
2026-05-22 14:47:14 TRACE o.s.s.w.a.i.RequestMatcherDelegatingAuthorizationManager - Checking authorization on POST /api/v1/auth/token using org.springframework.security.config.annotation.web.configurers.AuthorizeHttpRequestsConfigurer$$Lambda/0x000002ad9baee908@659757e2
2026-05-22 14:47:14 DEBUG o.s.security.web.FilterChainProxy - Secured POST /api/v1/auth/token
2026-05-22 14:47:14 TRACE o.s.s.authentication.ProviderManager - Authenticating request with DaoAuthenticationProvider (1/1)
2026-05-22 14:47:15 DEBUG o.s.s.a.d.DaoAuthenticationProvider - Authenticated user
2026-05-22 14:47:15 TRACE o.s.s.w.h.writers.HstsHeaderWriter - Not injecting HSTS header since it did not match request to [Is Secure]
2026-05-22 14:47:15 WARN  o.s.w.s.m.m.a.ExceptionHandlerExceptionResolver - Resolved [java.util.NoSuchElementException: No value present]
2026-05-22 14:47:33 TRACE o.s.security.web.FilterChainProxy - Trying to match request against DefaultSecurityFilterChain [RequestMatcher=any request, Filters=[org.springframework.security.web.session.DisableEncodeUrlFilter@4d53fb40, org.springframework.security.web.context.request.async.WebAsyncManagerIntegrationFilter@6735a826, org.springframework.security.web.context.SecurityContextHolderFilter@6a8bae17, org.springframework.security.web.header.HeaderWriterFilter@487c3456, org.springframework.web.filter.CorsFilter@26d4694d, org.springframework.security.web.authentication.logout.LogoutFilter@bf0ba95, org.springframework.security.oauth2.client.web.OAuth2AuthorizationRequestRedirectFilter@4c2029b1, org.springframework.security.oauth2.client.web.OAuth2LoginAuthenticationFilter@54d1b31a, com.utiitsl.DMSAuthService.config.auth.JwtAuthFilter@506cc676, org.springframework.security.web.authentication.ui.DefaultLoginPageGeneratingFilter@6b906358, org.springframework.security.web.authentication.ui.DefaultLogoutPageGeneratingFilter@f0f38ee, org.springframework.security.web.savedrequest.RequestCacheAwareFilter@5613b654, org.springframework.security.web.servletapi.SecurityContextHolderAwareRequestFilter@4ff8fb42, org.springframework.security.web.authentication.AnonymousAuthenticationFilter@5d545bb4, org.springframework.security.web.session.SessionManagementFilter@781f3cd6, org.springframework.security.web.access.ExceptionTranslationFilter@64e25988, org.springframework.security.web.access.intercept.AuthorizationFilter@395e438d]] (1/1)
2026-05-22 14:47:33 DEBUG o.s.security.web.FilterChainProxy - Securing OPTIONS /api/v1/auth/token
2026-05-22 14:47:33 TRACE o.s.security.web.FilterChainProxy - Invoking DisableEncodeUrlFilter (1/17)
2026-05-22 14:47:33 TRACE o.s.security.web.FilterChainProxy - Invoking WebAsyncManagerIntegrationFilter (2/17)
2026-05-22 14:47:33 TRACE o.s.security.web.FilterChainProxy - Invoking SecurityContextHolderFilter (3/17)
2026-05-22 14:47:33 TRACE o.s.security.web.FilterChainProxy - Invoking HeaderWriterFilter (4/17)
2026-05-22 14:47:33 TRACE o.s.security.web.FilterChainProxy - Invoking CorsFilter (5/17)
2026-05-22 14:47:33 TRACE o.s.s.w.h.writers.HstsHeaderWriter - Not injecting HSTS header since it did not match request to [Is Secure]
2026-05-22 14:47:33 TRACE o.s.security.web.FilterChainProxy - Trying to match request against DefaultSecurityFilterChain [RequestMatcher=any request, Filters=[org.springframework.security.web.session.DisableEncodeUrlFilter@4d53fb40, org.springframework.security.web.context.request.async.WebAsyncManagerIntegrationFilter@6735a826, org.springframework.security.web.context.SecurityContextHolderFilter@6a8bae17, org.springframework.security.web.header.HeaderWriterFilter@487c3456, org.springframework.web.filter.CorsFilter@26d4694d, org.springframework.security.web.authentication.logout.LogoutFilter@bf0ba95, org.springframework.security.oauth2.client.web.OAuth2AuthorizationRequestRedirectFilter@4c2029b1, org.springframework.security.oauth2.client.web.OAuth2LoginAuthenticationFilter@54d1b31a, com.utiitsl.DMSAuthService.config.auth.JwtAuthFilter@506cc676, org.springframework.security.web.authentication.ui.DefaultLoginPageGeneratingFilter@6b906358, org.springframework.security.web.authentication.ui.DefaultLogoutPageGeneratingFilter@f0f38ee, org.springframework.security.web.savedrequest.RequestCacheAwareFilter@5613b654, org.springframework.security.web.servletapi.SecurityContextHolderAwareRequestFilter@4ff8fb42, org.springframework.security.web.authentication.AnonymousAuthenticationFilter@5d545bb4, org.springframework.security.web.session.SessionManagementFilter@781f3cd6, org.springframework.security.web.access.ExceptionTranslationFilter@64e25988, org.springframework.security.web.access.intercept.AuthorizationFilter@395e438d]] (1/1)
2026-05-22 14:47:33 DEBUG o.s.security.web.FilterChainProxy - Securing POST /api/v1/auth/token
2026-05-22 14:47:33 TRACE o.s.security.web.FilterChainProxy - Invoking DisableEncodeUrlFilter (1/17)
2026-05-22 14:47:33 TRACE o.s.security.web.FilterChainProxy - Invoking WebAsyncManagerIntegrationFilter (2/17)
2026-05-22 14:47:33 TRACE o.s.security.web.FilterChainProxy - Invoking SecurityContextHolderFilter (3/17)
2026-05-22 14:47:33 TRACE o.s.security.web.FilterChainProxy - Invoking HeaderWriterFilter (4/17)
2026-05-22 14:47:33 TRACE o.s.security.web.FilterChainProxy - Invoking CorsFilter (5/17)
2026-05-22 14:47:33 TRACE o.s.security.web.FilterChainProxy - Invoking LogoutFilter (6/17)
2026-05-22 14:47:33 TRACE o.s.s.w.a.logout.LogoutFilter - Did not match request to Or [Ant [pattern='/logout', GET], Ant [pattern='/logout', POST], Ant [pattern='/logout', PUT], Ant [pattern='/logout', DELETE]]
2026-05-22 14:47:33 TRACE o.s.security.web.FilterChainProxy - Invoking OAuth2AuthorizationRequestRedirectFilter (7/17)
2026-05-22 14:47:33 TRACE o.s.security.web.FilterChainProxy - Invoking OAuth2LoginAuthenticationFilter (8/17)
2026-05-22 14:47:33 TRACE o.s.s.o.c.w.OAuth2LoginAuthenticationFilter - Did not match request to Ant [pattern='/login/oauth2/code/*']
2026-05-22 14:47:33 TRACE o.s.security.web.FilterChainProxy - Invoking JwtAuthFilter (9/17)
2026-05-22 14:47:33 TRACE o.s.security.web.FilterChainProxy - Invoking DefaultLoginPageGeneratingFilter (10/17)
2026-05-22 14:47:33 TRACE o.s.security.web.FilterChainProxy - Invoking DefaultLogoutPageGeneratingFilter (11/17)
2026-05-22 14:47:33 TRACE o.s.s.w.a.u.DefaultLogoutPageGeneratingFilter - Did not render default logout page since request did not match [Ant [pattern='/logout', GET]]
2026-05-22 14:47:33 TRACE o.s.security.web.FilterChainProxy - Invoking RequestCacheAwareFilter (12/17)
2026-05-22 14:47:33 TRACE o.s.security.web.FilterChainProxy - Invoking SecurityContextHolderAwareRequestFilter (13/17)
2026-05-22 14:47:33 TRACE o.s.security.web.FilterChainProxy - Invoking AnonymousAuthenticationFilter (14/17)
2026-05-22 14:47:33 TRACE o.s.security.web.FilterChainProxy - Invoking SessionManagementFilter (15/17)
2026-05-22 14:47:33 TRACE o.s.s.w.c.SupplierDeferredSecurityContext - Created SecurityContextImpl [Null authentication]
2026-05-22 14:47:33 TRACE o.s.s.w.a.AnonymousAuthenticationFilter - Set SecurityContextHolder to AnonymousAuthenticationToken [Principal=anonymousUser, Credentials=[PROTECTED], Authenticated=true, Details=WebAuthenticationDetails [RemoteIpAddress=0:0:0:0:0:0:0:1, SessionId=null], Granted Authorities=[ROLE_ANONYMOUS]]
2026-05-22 14:47:33 TRACE o.s.security.web.FilterChainProxy - Invoking ExceptionTranslationFilter (16/17)
2026-05-22 14:47:33 TRACE o.s.security.web.FilterChainProxy - Invoking AuthorizationFilter (17/17)
2026-05-22 14:47:33 TRACE o.s.s.w.a.i.RequestMatcherDelegatingAuthorizationManager - Authorizing POST /api/v1/auth/token
2026-05-22 14:47:33 TRACE o.s.s.w.a.i.RequestMatcherDelegatingAuthorizationManager - Checking authorization on POST /api/v1/auth/token using org.springframework.security.config.annotation.web.configurers.AuthorizeHttpRequestsConfigurer$$Lambda/0x000002ad9baee908@659757e2
2026-05-22 14:47:33 DEBUG o.s.security.web.FilterChainProxy - Secured POST /api/v1/auth/token
2026-05-22 14:47:36 TRACE o.s.s.authentication.ProviderManager - Authenticating request with DaoAuthenticationProvider (1/1)
2026-05-22 14:47:37 DEBUG o.s.s.a.d.DaoAuthenticationProvider - Authenticated user
2026-05-22 14:47:55 TRACE o.s.s.w.h.writers.HstsHeaderWriter - Not injecting HSTS header since it did not match request to [Is Secure]
2026-05-22 14:47:55 WARN  o.s.w.s.m.m.a.ExceptionHandlerExceptionResolver - Resolved [java.util.NoSuchElementException: No value present]
2026-05-22 14:48:01 TRACE o.s.security.web.FilterChainProxy - Trying to match request against DefaultSecurityFilterChain [RequestMatcher=any request, Filters=[org.springframework.security.web.session.DisableEncodeUrlFilter@4d53fb40, org.springframework.security.web.context.request.async.WebAsyncManagerIntegrationFilter@6735a826, org.springframework.security.web.context.SecurityContextHolderFilter@6a8bae17, org.springframework.security.web.header.HeaderWriterFilter@487c3456, org.springframework.web.filter.CorsFilter@26d4694d, org.springframework.security.web.authentication.logout.LogoutFilter@bf0ba95, org.springframework.security.oauth2.client.web.OAuth2AuthorizationRequestRedirectFilter@4c2029b1, org.springframework.security.oauth2.client.web.OAuth2LoginAuthenticationFilter@54d1b31a, com.utiitsl.DMSAuthService.config.auth.JwtAuthFilter@506cc676, org.springframework.security.web.authentication.ui.DefaultLoginPageGeneratingFilter@6b906358, org.springframework.security.web.authentication.ui.DefaultLogoutPageGeneratingFilter@f0f38ee, org.springframework.security.web.savedrequest.RequestCacheAwareFilter@5613b654, org.springframework.security.web.servletapi.SecurityContextHolderAwareRequestFilter@4ff8fb42, org.springframework.security.web.authentication.AnonymousAuthenticationFilter@5d545bb4, org.springframework.security.web.session.SessionManagementFilter@781f3cd6, org.springframework.security.web.access.ExceptionTranslationFilter@64e25988, org.springframework.security.web.access.intercept.AuthorizationFilter@395e438d]] (1/1)
2026-05-22 14:48:01 DEBUG o.s.security.web.FilterChainProxy - Securing OPTIONS /api/v1/auth/token
2026-05-22 14:48:01 TRACE o.s.security.web.FilterChainProxy - Invoking DisableEncodeUrlFilter (1/17)
2026-05-22 14:48:01 TRACE o.s.security.web.FilterChainProxy - Invoking WebAsyncManagerIntegrationFilter (2/17)
2026-05-22 14:48:01 TRACE o.s.security.web.FilterChainProxy - Invoking SecurityContextHolderFilter (3/17)
2026-05-22 14:48:01 TRACE o.s.security.web.FilterChainProxy - Invoking HeaderWriterFilter (4/17)
2026-05-22 14:48:01 TRACE o.s.security.web.FilterChainProxy - Invoking CorsFilter (5/17)
2026-05-22 14:48:01 TRACE o.s.s.w.h.writers.HstsHeaderWriter - Not injecting HSTS header since it did not match request to [Is Secure]
2026-05-22 14:48:01 TRACE o.s.security.web.FilterChainProxy - Trying to match request against DefaultSecurityFilterChain [RequestMatcher=any request, Filters=[org.springframework.security.web.session.DisableEncodeUrlFilter@4d53fb40, org.springframework.security.web.context.request.async.WebAsyncManagerIntegrationFilter@6735a826, org.springframework.security.web.context.SecurityContextHolderFilter@6a8bae17, org.springframework.security.web.header.HeaderWriterFilter@487c3456, org.springframework.web.filter.CorsFilter@26d4694d, org.springframework.security.web.authentication.logout.LogoutFilter@bf0ba95, org.springframework.security.oauth2.client.web.OAuth2AuthorizationRequestRedirectFilter@4c2029b1, org.springframework.security.oauth2.client.web.OAuth2LoginAuthenticationFilter@54d1b31a, com.utiitsl.DMSAuthService.config.auth.JwtAuthFilter@506cc676, org.springframework.security.web.authentication.ui.DefaultLoginPageGeneratingFilter@6b906358, org.springframework.security.web.authentication.ui.DefaultLogoutPageGeneratingFilter@f0f38ee, org.springframework.security.web.savedrequest.RequestCacheAwareFilter@5613b654, org.springframework.security.web.servletapi.SecurityContextHolderAwareRequestFilter@4ff8fb42, org.springframework.security.web.authentication.AnonymousAuthenticationFilter@5d545bb4, org.springframework.security.web.session.SessionManagementFilter@781f3cd6, org.springframework.security.web.access.ExceptionTranslationFilter@64e25988, org.springframework.security.web.access.intercept.AuthorizationFilter@395e438d]] (1/1)
2026-05-22 14:48:01 DEBUG o.s.security.web.FilterChainProxy - Securing POST /api/v1/auth/token
2026-05-22 14:48:01 TRACE o.s.security.web.FilterChainProxy - Invoking DisableEncodeUrlFilter (1/17)
2026-05-22 14:48:01 TRACE o.s.security.web.FilterChainProxy - Invoking WebAsyncManagerIntegrationFilter (2/17)
2026-05-22 14:48:01 TRACE o.s.security.web.FilterChainProxy - Invoking SecurityContextHolderFilter (3/17)
2026-05-22 14:48:01 TRACE o.s.security.web.FilterChainProxy - Invoking HeaderWriterFilter (4/17)
2026-05-22 14:48:01 TRACE o.s.security.web.FilterChainProxy - Invoking CorsFilter (5/17)
2026-05-22 14:48:01 TRACE o.s.security.web.FilterChainProxy - Invoking LogoutFilter (6/17)
2026-05-22 14:48:01 TRACE o.s.s.w.a.logout.LogoutFilter - Did not match request to Or [Ant [pattern='/logout', GET], Ant [pattern='/logout', POST], Ant [pattern='/logout', PUT], Ant [pattern='/logout', DELETE]]
2026-05-22 14:48:01 TRACE o.s.security.web.FilterChainProxy - Invoking OAuth2AuthorizationRequestRedirectFilter (7/17)
2026-05-22 14:48:01 TRACE o.s.security.web.FilterChainProxy - Invoking OAuth2LoginAuthenticationFilter (8/17)
2026-05-22 14:48:01 TRACE o.s.s.o.c.w.OAuth2LoginAuthenticationFilter - Did not match request to Ant [pattern='/login/oauth2/code/*']
2026-05-22 14:48:01 TRACE o.s.security.web.FilterChainProxy - Invoking JwtAuthFilter (9/17)
2026-05-22 14:48:01 TRACE o.s.security.web.FilterChainProxy - Invoking DefaultLoginPageGeneratingFilter (10/17)
2026-05-22 14:48:01 TRACE o.s.security.web.FilterChainProxy - Invoking DefaultLogoutPageGeneratingFilter (11/17)
2026-05-22 14:48:01 TRACE o.s.s.w.a.u.DefaultLogoutPageGeneratingFilter - Did not render default logout page since request did not match [Ant [pattern='/logout', GET]]
2026-05-22 14:48:01 TRACE o.s.security.web.FilterChainProxy - Invoking RequestCacheAwareFilter (12/17)
2026-05-22 14:48:01 TRACE o.s.security.web.FilterChainProxy - Invoking SecurityContextHolderAwareRequestFilter (13/17)
2026-05-22 14:48:01 TRACE o.s.security.web.FilterChainProxy - Invoking AnonymousAuthenticationFilter (14/17)
2026-05-22 14:48:01 TRACE o.s.security.web.FilterChainProxy - Invoking SessionManagementFilter (15/17)
2026-05-22 14:48:01 TRACE o.s.s.w.c.SupplierDeferredSecurityContext - Created SecurityContextImpl [Null authentication]
2026-05-22 14:48:01 TRACE o.s.s.w.a.AnonymousAuthenticationFilter - Set SecurityContextHolder to AnonymousAuthenticationToken [Principal=anonymousUser, Credentials=[PROTECTED], Authenticated=true, Details=WebAuthenticationDetails [RemoteIpAddress=0:0:0:0:0:0:0:1, SessionId=null], Granted Authorities=[ROLE_ANONYMOUS]]
2026-05-22 14:48:01 TRACE o.s.security.web.FilterChainProxy - Invoking ExceptionTranslationFilter (16/17)
2026-05-22 14:48:01 TRACE o.s.security.web.FilterChainProxy - Invoking AuthorizationFilter (17/17)
2026-05-22 14:48:01 TRACE o.s.s.w.a.i.RequestMatcherDelegatingAuthorizationManager - Authorizing POST /api/v1/auth/token
2026-05-22 14:48:01 TRACE o.s.s.w.a.i.RequestMatcherDelegatingAuthorizationManager - Checking authorization on POST /api/v1/auth/token using org.springframework.security.config.annotation.web.configurers.AuthorizeHttpRequestsConfigurer$$Lambda/0x000002ad9baee908@659757e2
2026-05-22 14:48:01 DEBUG o.s.security.web.FilterChainProxy - Secured POST /api/v1/auth/token
2026-05-22 14:48:04 TRACE o.s.s.authentication.ProviderManager - Authenticating request with DaoAuthenticationProvider (1/1)
2026-05-22 14:48:06 DEBUG o.s.s.a.d.DaoAuthenticationProvider - Authenticated user
2026-05-22 14:48:28 TRACE o.s.s.w.h.writers.HstsHeaderWriter - Not injecting HSTS header since it did not match request to [Is Secure]
2026-05-22 14:48:28 WARN  o.s.w.s.m.m.a.ExceptionHandlerExceptionResolver - Resolved [java.util.NoSuchElementException: No value present]
2026-05-22 14:48:28 INFO  o.s.o.j.LocalContainerEntityManagerFactoryBean - Closing JPA EntityManagerFactory for persistence unit 'default'
2026-05-22 14:48:28 INFO  com.zaxxer.hikari.HikariDataSource - HikariPool-1 - Shutdown initiated...
2026-05-22 14:48:28 INFO  com.zaxxer.hikari.HikariDataSource - HikariPool-1 - Shutdown completed.
2026-05-22 14:48:36 INFO  c.u.D.DmsAuthServiceApplication - Starting DmsAuthServiceApplication using Java 21.0.6 with PID 28500 (C:\Users\mohammada1\Desktop\Invoice_Project\AuthService\target\classes started by mohammada1 in C:\Users\mohammada1\Desktop\Invoice_Project\AuthService)
2026-05-22 14:48:36 INFO  c.u.D.DmsAuthServiceApplication - The following 1 profile is active: "dev"
2026-05-22 14:48:37 INFO  o.s.b.d.e.DevToolsPropertyDefaultsPostProcessor - Devtools property defaults active! Set 'spring.devtools.add-properties' to 'false' to disable
2026-05-22 14:48:37 INFO  o.s.b.d.e.DevToolsPropertyDefaultsPostProcessor - For additional web related logging consider setting the 'logging.level.web' property to 'DEBUG'
2026-05-22 14:48:39 INFO  o.s.d.r.c.RepositoryConfigurationDelegate - Bootstrapping Spring Data JPA repositories in DEFAULT mode.
2026-05-22 14:48:40 INFO  o.s.d.r.c.RepositoryConfigurationDelegate - Finished Spring Data repository scanning in 193 ms. Found 3 JPA repository interfaces.
2026-05-22 14:48:41 INFO  o.s.b.w.e.tomcat.TomcatWebServer - Tomcat initialized with port 8282 (http)
2026-05-22 14:48:41 INFO  o.a.catalina.core.StandardService - Starting service [Tomcat]
2026-05-22 14:48:41 INFO  o.a.catalina.core.StandardEngine - Starting Servlet engine: [Apache Tomcat/10.1.28]
2026-05-22 14:48:42 INFO  o.a.c.c.C.[.[.[/authService] - Initializing Spring embedded WebApplicationContext
2026-05-22 14:48:42 INFO  o.s.b.w.s.c.ServletWebServerApplicationContext - Root WebApplicationContext: initialization completed in 4996 ms
2026-05-22 14:48:42 INFO  o.h.jpa.internal.util.LogHelper - HHH000204: Processing PersistenceUnitInfo [name: default]
2026-05-22 14:48:42 INFO  org.hibernate.Version - HHH000412: Hibernate ORM core version 6.4.10.Final
2026-05-22 14:48:42 INFO  o.h.c.i.RegionFactoryInitiator - HHH000026: Second-level cache disabled
2026-05-22 14:48:43 INFO  o.s.o.j.p.SpringPersistenceUnitInfo - No LoadTimeWeaver setup: ignoring JPA class transformer
2026-05-22 14:48:43 INFO  com.zaxxer.hikari.HikariDataSource - HikariPool-1 - Starting...
2026-05-22 14:48:44 INFO  com.zaxxer.hikari.pool.HikariPool - HikariPool-1 - Added connection com.mysql.cj.jdbc.ConnectionImpl@1af38b94
2026-05-22 14:48:44 INFO  com.zaxxer.hikari.HikariDataSource - HikariPool-1 - Start completed.
2026-05-22 14:48:46 INFO  o.h.e.t.j.p.i.JtaPlatformInitiator - HHH000489: No JTA platform available (set 'hibernate.transaction.jta.platform' to enable JTA platform integration)
2026-05-22 14:48:46 INFO  o.s.o.j.LocalContainerEntityManagerFactoryBean - Initialized JPA EntityManagerFactory for persistence unit 'default'
2026-05-22 14:48:47 INFO  o.s.d.j.r.query.QueryEnhancerFactory - Hibernate is in classpath; If applicable, HQL parser will be used.
2026-05-22 14:48:48 TRACE o.s.s.c.a.a.c.AuthenticationConfiguration$EnableGlobalAuthenticationAutowiredConfigurer - Eagerly initializing {securityConfiguration=com.utiitsl.DMSAuthService.config.auth.SecurityConfiguration$$SpringCGLIB$$0@512c5338}
2026-05-22 14:48:48 DEBUG o.s.s.a.p.PrePostAnnotationSecurityMetadataSource - @org.springframework.security.access.prepost.PreAuthorize("hasAuthority(\'admin:update\')") found on specific method: public org.springframework.http.ResponseEntity com.utiitsl.DMSAuthService.controller.dash.DashController.updateUser(com.utiitsl.DMSAuthService.dto.UserDTO,java.lang.Integer)
2026-05-22 14:48:48 DEBUG o.s.s.a.m.DelegatingMethodSecurityMetadataSource - Caching method [CacheKey[com.utiitsl.DMSAuthService.controller.dash.DashController; public org.springframework.http.ResponseEntity com.utiitsl.DMSAuthService.controller.dash.DashController.updateUser(com.utiitsl.DMSAuthService.dto.UserDTO,java.lang.Integer)]] with attributes [[authorize: 'hasAuthority('admin:update')', filter: 'null', filterTarget: 'null']]
2026-05-22 14:48:48 TRACE o.s.s.a.i.a.MethodSecurityInterceptor - Validated configuration attributes
2026-05-22 14:48:48 DEBUG o.s.s.a.p.PrePostAnnotationSecurityMetadataSource - @org.springframework.security.access.prepost.PreAuthorize("hasAuthority(\'admin:delete\')") found on specific method: public org.springframework.http.ResponseEntity com.utiitsl.DMSAuthService.controller.dash.DashController.deleteUserById(java.lang.Integer)
2026-05-22 14:48:48 DEBUG o.s.s.a.m.DelegatingMethodSecurityMetadataSource - Caching method [CacheKey[com.utiitsl.DMSAuthService.controller.dash.DashController; public org.springframework.http.ResponseEntity com.utiitsl.DMSAuthService.controller.dash.DashController.deleteUserById(java.lang.Integer)]] with attributes [[authorize: 'hasAuthority('admin:delete')', filter: 'null', filterTarget: 'null']]
2026-05-22 14:48:48 DEBUG o.s.s.a.p.PrePostAnnotationSecurityMetadataSource - @org.springframework.security.access.prepost.PreAuthorize("hasRole(\'ROLE_APPLICATION_ADMIN\') or hasRole(\'ROLE_ADMIN\')") found on specific method: public org.springframework.http.ResponseEntity com.utiitsl.DMSAuthService.controller.user.UserController.register(com.utiitsl.DMSAuthService.dto.RegisterRequestDTO,java.lang.String,jakarta.servlet.http.HttpServletRequest)
2026-05-22 14:48:48 DEBUG o.s.s.a.m.DelegatingMethodSecurityMetadataSource - Caching method [CacheKey[com.utiitsl.DMSAuthService.controller.user.UserController; public org.springframework.http.ResponseEntity com.utiitsl.DMSAuthService.controller.user.UserController.register(com.utiitsl.DMSAuthService.dto.RegisterRequestDTO,java.lang.String,jakarta.servlet.http.HttpServletRequest)]] with attributes [[authorize: 'hasRole('ROLE_APPLICATION_ADMIN') or hasRole('ROLE_ADMIN')', filter: 'null', filterTarget: 'null']]
2026-05-22 14:48:48 DEBUG o.s.s.a.p.PrePostAnnotationSecurityMetadataSource - @org.springframework.security.access.prepost.PreAuthorize("hasRole(\'ROLE_APPLICATION_ADMIN\') or hasRole(\'ROLE_ADMIN\')") found on specific method: public org.springframework.http.ResponseEntity com.utiitsl.DMSAuthService.controller.user.UserController.getAllUser(int,int,java.lang.String,jakarta.servlet.http.HttpServletRequest)
2026-05-22 14:48:48 DEBUG o.s.s.a.m.DelegatingMethodSecurityMetadataSource - Caching method [CacheKey[com.utiitsl.DMSAuthService.controller.user.UserController; public org.springframework.http.ResponseEntity com.utiitsl.DMSAuthService.controller.user.UserController.getAllUser(int,int,java.lang.String,jakarta.servlet.http.HttpServletRequest)]] with attributes [[authorize: 'hasRole('ROLE_APPLICATION_ADMIN') or hasRole('ROLE_ADMIN')', filter: 'null', filterTarget: 'null']]
2026-05-22 14:48:48 DEBUG o.s.s.a.p.PrePostAnnotationSecurityMetadataSource - @org.springframework.security.access.prepost.PreAuthorize("hasRole(\'ROLE_APPLICATION_ADMIN\') or hasRole(\'ROLE_ADMIN\')") found on specific method: public org.springframework.http.ResponseEntity com.utiitsl.DMSAuthService.controller.user.UserController.activateDeactivateUser(java.lang.String,boolean)
2026-05-22 14:48:48 DEBUG o.s.s.a.m.DelegatingMethodSecurityMetadataSource - Caching method [CacheKey[com.utiitsl.DMSAuthService.controller.user.UserController; public org.springframework.http.ResponseEntity com.utiitsl.DMSAuthService.controller.user.UserController.activateDeactivateUser(java.lang.String,boolean)]] with attributes [[authorize: 'hasRole('ROLE_APPLICATION_ADMIN') or hasRole('ROLE_ADMIN')', filter: 'null', filterTarget: 'null']]
2026-05-22 14:48:49 WARN  o.s.b.a.o.j.JpaBaseConfiguration$JpaWebConfiguration - spring.jpa.open-in-view is enabled by default. Therefore, database queries may be performed during view rendering. Explicitly configure spring.jpa.open-in-view to disable this warning
2026-05-22 14:48:52 INFO  o.s.s.web.DefaultSecurityFilterChain - Will secure any request with [org.springframework.security.web.session.DisableEncodeUrlFilter@73cfe7b, org.springframework.security.web.context.request.async.WebAsyncManagerIntegrationFilter@73c22dd2, org.springframework.security.web.context.SecurityContextHolderFilter@62f04603, org.springframework.security.web.header.HeaderWriterFilter@839b559, org.springframework.web.filter.CorsFilter@a95dc02, org.springframework.security.web.authentication.logout.LogoutFilter@51adc5e7, org.springframework.security.oauth2.client.web.OAuth2AuthorizationRequestRedirectFilter@501cd9af, org.springframework.security.oauth2.client.web.OAuth2LoginAuthenticationFilter@4386f187, com.utiitsl.DMSAuthService.config.auth.JwtAuthFilter@51b29539, org.springframework.security.web.authentication.ui.DefaultLoginPageGeneratingFilter@3f756df8, org.springframework.security.web.authentication.ui.DefaultLogoutPageGeneratingFilter@2895106d, org.springframework.security.web.savedrequest.RequestCacheAwareFilter@1e3289a8, org.springframework.security.web.servletapi.SecurityContextHolderAwareRequestFilter@315c2c86, org.springframework.security.web.authentication.AnonymousAuthenticationFilter@483aec22, org.springframework.security.web.session.SessionManagementFilter@3fffd1d8, org.springframework.security.web.access.ExceptionTranslationFilter@59f01471, org.springframework.security.web.access.intercept.AuthorizationFilter@6ffea428]
2026-05-22 14:48:53 INFO  o.s.b.d.a.OptionalLiveReloadServer - LiveReload server is running on port 35729
2026-05-22 14:48:53 INFO  o.s.b.w.e.tomcat.TomcatWebServer - Tomcat started on port 8282 (http) with context path '/authService'
2026-05-22 14:48:53 INFO  c.u.D.DmsAuthServiceApplication - Started DmsAuthServiceApplication in 17.966 seconds (process running for 20.132)
2026-05-22 14:48:57 INFO  o.a.c.c.C.[.[.[/authService] - Initializing Spring DispatcherServlet 'dispatcherServlet'
2026-05-22 14:48:57 INFO  o.s.web.servlet.DispatcherServlet - Initializing Servlet 'dispatcherServlet'
2026-05-22 14:48:57 INFO  o.s.web.servlet.DispatcherServlet - Completed initialization in 3 ms
2026-05-22 14:48:57 TRACE o.s.security.web.FilterChainProxy - Trying to match request against DefaultSecurityFilterChain [RequestMatcher=any request, Filters=[org.springframework.security.web.session.DisableEncodeUrlFilter@73cfe7b, org.springframework.security.web.context.request.async.WebAsyncManagerIntegrationFilter@73c22dd2, org.springframework.security.web.context.SecurityContextHolderFilter@62f04603, org.springframework.security.web.header.HeaderWriterFilter@839b559, org.springframework.web.filter.CorsFilter@a95dc02, org.springframework.security.web.authentication.logout.LogoutFilter@51adc5e7, org.springframework.security.oauth2.client.web.OAuth2AuthorizationRequestRedirectFilter@501cd9af, org.springframework.security.oauth2.client.web.OAuth2LoginAuthenticationFilter@4386f187, com.utiitsl.DMSAuthService.config.auth.JwtAuthFilter@51b29539, org.springframework.security.web.authentication.ui.DefaultLoginPageGeneratingFilter@3f756df8, org.springframework.security.web.authentication.ui.DefaultLogoutPageGeneratingFilter@2895106d, org.springframework.security.web.savedrequest.RequestCacheAwareFilter@1e3289a8, org.springframework.security.web.servletapi.SecurityContextHolderAwareRequestFilter@315c2c86, org.springframework.security.web.authentication.AnonymousAuthenticationFilter@483aec22, org.springframework.security.web.session.SessionManagementFilter@3fffd1d8, org.springframework.security.web.access.ExceptionTranslationFilter@59f01471, org.springframework.security.web.access.intercept.AuthorizationFilter@6ffea428]] (1/1)
2026-05-22 14:48:57 DEBUG o.s.security.web.FilterChainProxy - Securing OPTIONS /api/v1/auth/token
2026-05-22 14:48:57 TRACE o.s.security.web.FilterChainProxy - Invoking DisableEncodeUrlFilter (1/17)
2026-05-22 14:48:57 TRACE o.s.security.web.FilterChainProxy - Invoking WebAsyncManagerIntegrationFilter (2/17)
2026-05-22 14:48:57 TRACE o.s.security.web.FilterChainProxy - Invoking SecurityContextHolderFilter (3/17)
2026-05-22 14:48:57 TRACE o.s.security.web.FilterChainProxy - Invoking HeaderWriterFilter (4/17)
2026-05-22 14:48:57 TRACE o.s.security.web.FilterChainProxy - Invoking CorsFilter (5/17)
2026-05-22 14:48:57 TRACE o.s.s.w.h.writers.HstsHeaderWriter - Not injecting HSTS header since it did not match request to [Is Secure]
2026-05-22 14:48:57 TRACE o.s.security.web.FilterChainProxy - Trying to match request against DefaultSecurityFilterChain [RequestMatcher=any request, Filters=[org.springframework.security.web.session.DisableEncodeUrlFilter@73cfe7b, org.springframework.security.web.context.request.async.WebAsyncManagerIntegrationFilter@73c22dd2, org.springframework.security.web.context.SecurityContextHolderFilter@62f04603, org.springframework.security.web.header.HeaderWriterFilter@839b559, org.springframework.web.filter.CorsFilter@a95dc02, org.springframework.security.web.authentication.logout.LogoutFilter@51adc5e7, org.springframework.security.oauth2.client.web.OAuth2AuthorizationRequestRedirectFilter@501cd9af, org.springframework.security.oauth2.client.web.OAuth2LoginAuthenticationFilter@4386f187, com.utiitsl.DMSAuthService.config.auth.JwtAuthFilter@51b29539, org.springframework.security.web.authentication.ui.DefaultLoginPageGeneratingFilter@3f756df8, org.springframework.security.web.authentication.ui.DefaultLogoutPageGeneratingFilter@2895106d, org.springframework.security.web.savedrequest.RequestCacheAwareFilter@1e3289a8, org.springframework.security.web.servletapi.SecurityContextHolderAwareRequestFilter@315c2c86, org.springframework.security.web.authentication.AnonymousAuthenticationFilter@483aec22, org.springframework.security.web.session.SessionManagementFilter@3fffd1d8, org.springframework.security.web.access.ExceptionTranslationFilter@59f01471, org.springframework.security.web.access.intercept.AuthorizationFilter@6ffea428]] (1/1)
2026-05-22 14:48:57 DEBUG o.s.security.web.FilterChainProxy - Securing POST /api/v1/auth/token
2026-05-22 14:48:57 TRACE o.s.security.web.FilterChainProxy - Invoking DisableEncodeUrlFilter (1/17)
2026-05-22 14:48:57 TRACE o.s.security.web.FilterChainProxy - Invoking WebAsyncManagerIntegrationFilter (2/17)
2026-05-22 14:48:57 TRACE o.s.security.web.FilterChainProxy - Invoking SecurityContextHolderFilter (3/17)
2026-05-22 14:48:57 TRACE o.s.security.web.FilterChainProxy - Invoking HeaderWriterFilter (4/17)
2026-05-22 14:48:57 TRACE o.s.security.web.FilterChainProxy - Invoking CorsFilter (5/17)
2026-05-22 14:48:57 TRACE o.s.security.web.FilterChainProxy - Invoking LogoutFilter (6/17)
2026-05-22 14:48:57 TRACE o.s.s.w.a.logout.LogoutFilter - Did not match request to Or [Ant [pattern='/logout', GET], Ant [pattern='/logout', POST], Ant [pattern='/logout', PUT], Ant [pattern='/logout', DELETE]]
2026-05-22 14:48:57 TRACE o.s.security.web.FilterChainProxy - Invoking OAuth2AuthorizationRequestRedirectFilter (7/17)
2026-05-22 14:48:57 TRACE o.s.security.web.FilterChainProxy - Invoking OAuth2LoginAuthenticationFilter (8/17)
2026-05-22 14:48:57 TRACE o.s.s.o.c.w.OAuth2LoginAuthenticationFilter - Did not match request to Ant [pattern='/login/oauth2/code/*']
2026-05-22 14:48:57 TRACE o.s.security.web.FilterChainProxy - Invoking JwtAuthFilter (9/17)
2026-05-22 14:48:57 TRACE o.s.security.web.FilterChainProxy - Invoking DefaultLoginPageGeneratingFilter (10/17)
2026-05-22 14:48:57 TRACE o.s.security.web.FilterChainProxy - Invoking DefaultLogoutPageGeneratingFilter (11/17)
2026-05-22 14:48:57 TRACE o.s.s.w.a.u.DefaultLogoutPageGeneratingFilter - Did not render default logout page since request did not match [Ant [pattern='/logout', GET]]
2026-05-22 14:48:57 TRACE o.s.security.web.FilterChainProxy - Invoking RequestCacheAwareFilter (12/17)
2026-05-22 14:48:57 TRACE o.s.security.web.FilterChainProxy - Invoking SecurityContextHolderAwareRequestFilter (13/17)
2026-05-22 14:48:57 TRACE o.s.security.web.FilterChainProxy - Invoking AnonymousAuthenticationFilter (14/17)
2026-05-22 14:48:57 TRACE o.s.security.web.FilterChainProxy - Invoking SessionManagementFilter (15/17)
2026-05-22 14:48:57 TRACE o.s.s.w.c.SupplierDeferredSecurityContext - Created SecurityContextImpl [Null authentication]
2026-05-22 14:48:57 TRACE o.s.s.w.a.AnonymousAuthenticationFilter - Set SecurityContextHolder to AnonymousAuthenticationToken [Principal=anonymousUser, Credentials=[PROTECTED], Authenticated=true, Details=WebAuthenticationDetails [RemoteIpAddress=0:0:0:0:0:0:0:1, SessionId=null], Granted Authorities=[ROLE_ANONYMOUS]]
2026-05-22 14:48:57 TRACE o.s.security.web.FilterChainProxy - Invoking ExceptionTranslationFilter (16/17)
2026-05-22 14:48:57 TRACE o.s.security.web.FilterChainProxy - Invoking AuthorizationFilter (17/17)
2026-05-22 14:48:57 TRACE o.s.s.w.a.i.RequestMatcherDelegatingAuthorizationManager - Authorizing POST /api/v1/auth/token
2026-05-22 14:48:57 TRACE o.s.s.w.a.i.RequestMatcherDelegatingAuthorizationManager - Checking authorization on POST /api/v1/auth/token using org.springframework.security.config.annotation.web.configurers.AuthorizeHttpRequestsConfigurer$$Lambda/0x0000017281aae000@29a66e9c
2026-05-22 14:48:57 DEBUG o.s.security.web.FilterChainProxy - Secured POST /api/v1/auth/token
2026-05-22 14:49:00 TRACE o.s.s.authentication.ProviderManager - Authenticating request with DaoAuthenticationProvider (1/1)
2026-05-22 14:49:04 DEBUG o.s.s.a.d.DaoAuthenticationProvider - Authenticated user
2026-05-22 14:49:11 TRACE o.s.s.w.h.writers.HstsHeaderWriter - Not injecting HSTS header since it did not match request to [Is Secure]
2026-05-22 14:50:11 TRACE o.s.security.web.FilterChainProxy - Trying to match request against DefaultSecurityFilterChain [RequestMatcher=any request, Filters=[org.springframework.security.web.session.DisableEncodeUrlFilter@73cfe7b, org.springframework.security.web.context.request.async.WebAsyncManagerIntegrationFilter@73c22dd2, org.springframework.security.web.context.SecurityContextHolderFilter@62f04603, org.springframework.security.web.header.HeaderWriterFilter@839b559, org.springframework.web.filter.CorsFilter@a95dc02, org.springframework.security.web.authentication.logout.LogoutFilter@51adc5e7, org.springframework.security.oauth2.client.web.OAuth2AuthorizationRequestRedirectFilter@501cd9af, org.springframework.security.oauth2.client.web.OAuth2LoginAuthenticationFilter@4386f187, com.utiitsl.DMSAuthService.config.auth.JwtAuthFilter@51b29539, org.springframework.security.web.authentication.ui.DefaultLoginPageGeneratingFilter@3f756df8, org.springframework.security.web.authentication.ui.DefaultLogoutPageGeneratingFilter@2895106d, org.springframework.security.web.savedrequest.RequestCacheAwareFilter@1e3289a8, org.springframework.security.web.servletapi.SecurityContextHolderAwareRequestFilter@315c2c86, org.springframework.security.web.authentication.AnonymousAuthenticationFilter@483aec22, org.springframework.security.web.session.SessionManagementFilter@3fffd1d8, org.springframework.security.web.access.ExceptionTranslationFilter@59f01471, org.springframework.security.web.access.intercept.AuthorizationFilter@6ffea428]] (1/1)
2026-05-22 14:50:11 DEBUG o.s.security.web.FilterChainProxy - Securing OPTIONS /api/v1/auth/token
2026-05-22 14:50:11 TRACE o.s.security.web.FilterChainProxy - Invoking DisableEncodeUrlFilter (1/17)
2026-05-22 14:50:11 TRACE o.s.security.web.FilterChainProxy - Invoking WebAsyncManagerIntegrationFilter (2/17)
2026-05-22 14:50:11 TRACE o.s.security.web.FilterChainProxy - Invoking SecurityContextHolderFilter (3/17)
2026-05-22 14:50:11 TRACE o.s.security.web.FilterChainProxy - Invoking HeaderWriterFilter (4/17)
2026-05-22 14:50:11 TRACE o.s.security.web.FilterChainProxy - Invoking CorsFilter (5/17)
2026-05-22 14:50:11 TRACE o.s.s.w.h.writers.HstsHeaderWriter - Not injecting HSTS header since it did not match request to [Is Secure]
2026-05-22 14:50:11 TRACE o.s.security.web.FilterChainProxy - Trying to match request against DefaultSecurityFilterChain [RequestMatcher=any request, Filters=[org.springframework.security.web.session.DisableEncodeUrlFilter@73cfe7b, org.springframework.security.web.context.request.async.WebAsyncManagerIntegrationFilter@73c22dd2, org.springframework.security.web.context.SecurityContextHolderFilter@62f04603, org.springframework.security.web.header.HeaderWriterFilter@839b559, org.springframework.web.filter.CorsFilter@a95dc02, org.springframework.security.web.authentication.logout.LogoutFilter@51adc5e7, org.springframework.security.oauth2.client.web.OAuth2AuthorizationRequestRedirectFilter@501cd9af, org.springframework.security.oauth2.client.web.OAuth2LoginAuthenticationFilter@4386f187, com.utiitsl.DMSAuthService.config.auth.JwtAuthFilter@51b29539, org.springframework.security.web.authentication.ui.DefaultLoginPageGeneratingFilter@3f756df8, org.springframework.security.web.authentication.ui.DefaultLogoutPageGeneratingFilter@2895106d, org.springframework.security.web.savedrequest.RequestCacheAwareFilter@1e3289a8, org.springframework.security.web.servletapi.SecurityContextHolderAwareRequestFilter@315c2c86, org.springframework.security.web.authentication.AnonymousAuthenticationFilter@483aec22, org.springframework.security.web.session.SessionManagementFilter@3fffd1d8, org.springframework.security.web.access.ExceptionTranslationFilter@59f01471, org.springframework.security.web.access.intercept.AuthorizationFilter@6ffea428]] (1/1)
2026-05-22 14:50:11 DEBUG o.s.security.web.FilterChainProxy - Securing POST /api/v1/auth/token
2026-05-22 14:50:11 TRACE o.s.security.web.FilterChainProxy - Invoking DisableEncodeUrlFilter (1/17)
2026-05-22 14:50:11 TRACE o.s.security.web.FilterChainProxy - Invoking WebAsyncManagerIntegrationFilter (2/17)
2026-05-22 14:50:11 TRACE o.s.security.web.FilterChainProxy - Invoking SecurityContextHolderFilter (3/17)
2026-05-22 14:50:11 TRACE o.s.security.web.FilterChainProxy - Invoking HeaderWriterFilter (4/17)
2026-05-22 14:50:11 TRACE o.s.security.web.FilterChainProxy - Invoking CorsFilter (5/17)
2026-05-22 14:50:11 TRACE o.s.security.web.FilterChainProxy - Invoking LogoutFilter (6/17)
2026-05-22 14:50:11 TRACE o.s.s.w.a.logout.LogoutFilter - Did not match request to Or [Ant [pattern='/logout', GET], Ant [pattern='/logout', POST], Ant [pattern='/logout', PUT], Ant [pattern='/logout', DELETE]]
2026-05-22 14:50:11 TRACE o.s.security.web.FilterChainProxy - Invoking OAuth2AuthorizationRequestRedirectFilter (7/17)
2026-05-22 14:50:11 TRACE o.s.security.web.FilterChainProxy - Invoking OAuth2LoginAuthenticationFilter (8/17)
2026-05-22 14:50:11 TRACE o.s.s.o.c.w.OAuth2LoginAuthenticationFilter - Did not match request to Ant [pattern='/login/oauth2/code/*']
2026-05-22 14:50:11 TRACE o.s.security.web.FilterChainProxy - Invoking JwtAuthFilter (9/17)
2026-05-22 14:50:14 TRACE o.s.s.w.h.writers.HstsHeaderWriter - Not injecting HSTS header since it did not match request to [Is Secure]
2026-05-22 14:50:44 TRACE o.s.security.web.FilterChainProxy - Trying to match request against DefaultSecurityFilterChain [RequestMatcher=any request, Filters=[org.springframework.security.web.session.DisableEncodeUrlFilter@73cfe7b, org.springframework.security.web.context.request.async.WebAsyncManagerIntegrationFilter@73c22dd2, org.springframework.security.web.context.SecurityContextHolderFilter@62f04603, org.springframework.security.web.header.HeaderWriterFilter@839b559, org.springframework.web.filter.CorsFilter@a95dc02, org.springframework.security.web.authentication.logout.LogoutFilter@51adc5e7, org.springframework.security.oauth2.client.web.OAuth2AuthorizationRequestRedirectFilter@501cd9af, org.springframework.security.oauth2.client.web.OAuth2LoginAuthenticationFilter@4386f187, com.utiitsl.DMSAuthService.config.auth.JwtAuthFilter@51b29539, org.springframework.security.web.authentication.ui.DefaultLoginPageGeneratingFilter@3f756df8, org.springframework.security.web.authentication.ui.DefaultLogoutPageGeneratingFilter@2895106d, org.springframework.security.web.savedrequest.RequestCacheAwareFilter@1e3289a8, org.springframework.security.web.servletapi.SecurityContextHolderAwareRequestFilter@315c2c86, org.springframework.security.web.authentication.AnonymousAuthenticationFilter@483aec22, org.springframework.security.web.session.SessionManagementFilter@3fffd1d8, org.springframework.security.web.access.ExceptionTranslationFilter@59f01471, org.springframework.security.web.access.intercept.AuthorizationFilter@6ffea428]] (1/1)
2026-05-22 14:50:44 DEBUG o.s.security.web.FilterChainProxy - Securing OPTIONS /api/v1/auth/token
2026-05-22 14:50:44 TRACE o.s.security.web.FilterChainProxy - Invoking DisableEncodeUrlFilter (1/17)
2026-05-22 14:50:44 TRACE o.s.security.web.FilterChainProxy - Invoking WebAsyncManagerIntegrationFilter (2/17)
2026-05-22 14:50:44 TRACE o.s.security.web.FilterChainProxy - Invoking SecurityContextHolderFilter (3/17)
2026-05-22 14:50:44 TRACE o.s.security.web.FilterChainProxy - Invoking HeaderWriterFilter (4/17)
2026-05-22 14:50:44 TRACE o.s.security.web.FilterChainProxy - Invoking CorsFilter (5/17)
2026-05-22 14:50:44 TRACE o.s.s.w.h.writers.HstsHeaderWriter - Not injecting HSTS header since it did not match request to [Is Secure]
2026-05-22 14:50:44 TRACE o.s.security.web.FilterChainProxy - Trying to match request against DefaultSecurityFilterChain [RequestMatcher=any request, Filters=[org.springframework.security.web.session.DisableEncodeUrlFilter@73cfe7b, org.springframework.security.web.context.request.async.WebAsyncManagerIntegrationFilter@73c22dd2, org.springframework.security.web.context.SecurityContextHolderFilter@62f04603, org.springframework.security.web.header.HeaderWriterFilter@839b559, org.springframework.web.filter.CorsFilter@a95dc02, org.springframework.security.web.authentication.logout.LogoutFilter@51adc5e7, org.springframework.security.oauth2.client.web.OAuth2AuthorizationRequestRedirectFilter@501cd9af, org.springframework.security.oauth2.client.web.OAuth2LoginAuthenticationFilter@4386f187, com.utiitsl.DMSAuthService.config.auth.JwtAuthFilter@51b29539, org.springframework.security.web.authentication.ui.DefaultLoginPageGeneratingFilter@3f756df8, org.springframework.security.web.authentication.ui.DefaultLogoutPageGeneratingFilter@2895106d, org.springframework.security.web.savedrequest.RequestCacheAwareFilter@1e3289a8, org.springframework.security.web.servletapi.SecurityContextHolderAwareRequestFilter@315c2c86, org.springframework.security.web.authentication.AnonymousAuthenticationFilter@483aec22, org.springframework.security.web.session.SessionManagementFilter@3fffd1d8, org.springframework.security.web.access.ExceptionTranslationFilter@59f01471, org.springframework.security.web.access.intercept.AuthorizationFilter@6ffea428]] (1/1)
2026-05-22 14:50:44 DEBUG o.s.security.web.FilterChainProxy - Securing POST /api/v1/auth/token
2026-05-22 14:50:44 TRACE o.s.security.web.FilterChainProxy - Invoking DisableEncodeUrlFilter (1/17)
2026-05-22 14:50:44 TRACE o.s.security.web.FilterChainProxy - Invoking WebAsyncManagerIntegrationFilter (2/17)
2026-05-22 14:50:44 TRACE o.s.security.web.FilterChainProxy - Invoking SecurityContextHolderFilter (3/17)
2026-05-22 14:50:44 TRACE o.s.security.web.FilterChainProxy - Invoking HeaderWriterFilter (4/17)
2026-05-22 14:50:44 TRACE o.s.security.web.FilterChainProxy - Invoking CorsFilter (5/17)
2026-05-22 14:50:44 TRACE o.s.security.web.FilterChainProxy - Invoking LogoutFilter (6/17)
2026-05-22 14:50:44 TRACE o.s.s.w.a.logout.LogoutFilter - Did not match request to Or [Ant [pattern='/logout', GET], Ant [pattern='/logout', POST], Ant [pattern='/logout', PUT], Ant [pattern='/logout', DELETE]]
2026-05-22 14:50:44 TRACE o.s.security.web.FilterChainProxy - Invoking OAuth2AuthorizationRequestRedirectFilter (7/17)
2026-05-22 14:50:44 TRACE o.s.security.web.FilterChainProxy - Invoking OAuth2LoginAuthenticationFilter (8/17)
2026-05-22 14:50:44 TRACE o.s.s.o.c.w.OAuth2LoginAuthenticationFilter - Did not match request to Ant [pattern='/login/oauth2/code/*']
2026-05-22 14:50:44 TRACE o.s.security.web.FilterChainProxy - Invoking JwtAuthFilter (9/17)
2026-05-22 14:50:44 TRACE o.s.security.web.FilterChainProxy - Invoking DefaultLoginPageGeneratingFilter (10/17)
2026-05-22 14:50:44 TRACE o.s.security.web.FilterChainProxy - Invoking DefaultLogoutPageGeneratingFilter (11/17)
2026-05-22 14:50:44 TRACE o.s.s.w.a.u.DefaultLogoutPageGeneratingFilter - Did not render default logout page since request did not match [Ant [pattern='/logout', GET]]
2026-05-22 14:50:44 TRACE o.s.security.web.FilterChainProxy - Invoking RequestCacheAwareFilter (12/17)
2026-05-22 14:50:44 TRACE o.s.security.web.FilterChainProxy - Invoking SecurityContextHolderAwareRequestFilter (13/17)
2026-05-22 14:50:44 TRACE o.s.security.web.FilterChainProxy - Invoking AnonymousAuthenticationFilter (14/17)
2026-05-22 14:50:44 TRACE o.s.security.web.FilterChainProxy - Invoking SessionManagementFilter (15/17)
2026-05-22 14:50:44 TRACE o.s.s.w.c.SupplierDeferredSecurityContext - Created SecurityContextImpl [Null authentication]
2026-05-22 14:50:44 TRACE o.s.s.w.a.AnonymousAuthenticationFilter - Set SecurityContextHolder to AnonymousAuthenticationToken [Principal=anonymousUser, Credentials=[PROTECTED], Authenticated=true, Details=WebAuthenticationDetails [RemoteIpAddress=0:0:0:0:0:0:0:1, SessionId=null], Granted Authorities=[ROLE_ANONYMOUS]]
2026-05-22 14:50:44 TRACE o.s.security.web.FilterChainProxy - Invoking ExceptionTranslationFilter (16/17)
2026-05-22 14:50:44 TRACE o.s.security.web.FilterChainProxy - Invoking AuthorizationFilter (17/17)
2026-05-22 14:50:44 TRACE o.s.s.w.a.i.RequestMatcherDelegatingAuthorizationManager - Authorizing POST /api/v1/auth/token
2026-05-22 14:50:44 TRACE o.s.s.w.a.i.RequestMatcherDelegatingAuthorizationManager - Checking authorization on POST /api/v1/auth/token using org.springframework.security.config.annotation.web.configurers.AuthorizeHttpRequestsConfigurer$$Lambda/0x0000017281aae000@29a66e9c
2026-05-22 14:50:44 DEBUG o.s.security.web.FilterChainProxy - Secured POST /api/v1/auth/token
2026-05-22 14:50:47 TRACE o.s.s.authentication.ProviderManager - Authenticating request with DaoAuthenticationProvider (1/1)
2026-05-22 14:50:47 DEBUG o.s.s.a.d.DaoAuthenticationProvider - Authenticated user
2026-05-22 14:50:48 TRACE o.s.s.w.h.writers.HstsHeaderWriter - Not injecting HSTS header since it did not match request to [Is Secure]
2026-05-22 14:51:52 TRACE o.s.security.web.FilterChainProxy - Trying to match request against DefaultSecurityFilterChain [RequestMatcher=any request, Filters=[org.springframework.security.web.session.DisableEncodeUrlFilter@73cfe7b, org.springframework.security.web.context.request.async.WebAsyncManagerIntegrationFilter@73c22dd2, org.springframework.security.web.context.SecurityContextHolderFilter@62f04603, org.springframework.security.web.header.HeaderWriterFilter@839b559, org.springframework.web.filter.CorsFilter@a95dc02, org.springframework.security.web.authentication.logout.LogoutFilter@51adc5e7, org.springframework.security.oauth2.client.web.OAuth2AuthorizationRequestRedirectFilter@501cd9af, org.springframework.security.oauth2.client.web.OAuth2LoginAuthenticationFilter@4386f187, com.utiitsl.DMSAuthService.config.auth.JwtAuthFilter@51b29539, org.springframework.security.web.authentication.ui.DefaultLoginPageGeneratingFilter@3f756df8, org.springframework.security.web.authentication.ui.DefaultLogoutPageGeneratingFilter@2895106d, org.springframework.security.web.savedrequest.RequestCacheAwareFilter@1e3289a8, org.springframework.security.web.servletapi.SecurityContextHolderAwareRequestFilter@315c2c86, org.springframework.security.web.authentication.AnonymousAuthenticationFilter@483aec22, org.springframework.security.web.session.SessionManagementFilter@3fffd1d8, org.springframework.security.web.access.ExceptionTranslationFilter@59f01471, org.springframework.security.web.access.intercept.AuthorizationFilter@6ffea428]] (1/1)
2026-05-22 14:51:52 DEBUG o.s.security.web.FilterChainProxy - Securing OPTIONS /api/v1/auth/token
2026-05-22 14:51:52 TRACE o.s.security.web.FilterChainProxy - Invoking DisableEncodeUrlFilter (1/17)
2026-05-22 14:51:52 TRACE o.s.security.web.FilterChainProxy - Invoking WebAsyncManagerIntegrationFilter (2/17)
2026-05-22 14:51:52 TRACE o.s.security.web.FilterChainProxy - Invoking SecurityContextHolderFilter (3/17)
2026-05-22 14:51:52 TRACE o.s.security.web.FilterChainProxy - Invoking HeaderWriterFilter (4/17)
2026-05-22 14:51:52 TRACE o.s.security.web.FilterChainProxy - Invoking CorsFilter (5/17)
2026-05-22 14:51:52 TRACE o.s.s.w.h.writers.HstsHeaderWriter - Not injecting HSTS header since it did not match request to [Is Secure]
2026-05-22 14:51:52 TRACE o.s.security.web.FilterChainProxy - Trying to match request against DefaultSecurityFilterChain [RequestMatcher=any request, Filters=[org.springframework.security.web.session.DisableEncodeUrlFilter@73cfe7b, org.springframework.security.web.context.request.async.WebAsyncManagerIntegrationFilter@73c22dd2, org.springframework.security.web.context.SecurityContextHolderFilter@62f04603, org.springframework.security.web.header.HeaderWriterFilter@839b559, org.springframework.web.filter.CorsFilter@a95dc02, org.springframework.security.web.authentication.logout.LogoutFilter@51adc5e7, org.springframework.security.oauth2.client.web.OAuth2AuthorizationRequestRedirectFilter@501cd9af, org.springframework.security.oauth2.client.web.OAuth2LoginAuthenticationFilter@4386f187, com.utiitsl.DMSAuthService.config.auth.JwtAuthFilter@51b29539, org.springframework.security.web.authentication.ui.DefaultLoginPageGeneratingFilter@3f756df8, org.springframework.security.web.authentication.ui.DefaultLogoutPageGeneratingFilter@2895106d, org.springframework.security.web.savedrequest.RequestCacheAwareFilter@1e3289a8, org.springframework.security.web.servletapi.SecurityContextHolderAwareRequestFilter@315c2c86, org.springframework.security.web.authentication.AnonymousAuthenticationFilter@483aec22, org.springframework.security.web.session.SessionManagementFilter@3fffd1d8, org.springframework.security.web.access.ExceptionTranslationFilter@59f01471, org.springframework.security.web.access.intercept.AuthorizationFilter@6ffea428]] (1/1)
2026-05-22 14:51:52 DEBUG o.s.security.web.FilterChainProxy - Securing POST /api/v1/auth/token
2026-05-22 14:51:52 TRACE o.s.security.web.FilterChainProxy - Invoking DisableEncodeUrlFilter (1/17)
2026-05-22 14:51:52 TRACE o.s.security.web.FilterChainProxy - Invoking WebAsyncManagerIntegrationFilter (2/17)
2026-05-22 14:51:52 TRACE o.s.security.web.FilterChainProxy - Invoking SecurityContextHolderFilter (3/17)
2026-05-22 14:51:52 TRACE o.s.security.web.FilterChainProxy - Invoking HeaderWriterFilter (4/17)
2026-05-22 14:51:52 TRACE o.s.security.web.FilterChainProxy - Invoking CorsFilter (5/17)
2026-05-22 14:51:52 TRACE o.s.security.web.FilterChainProxy - Invoking LogoutFilter (6/17)
2026-05-22 14:51:52 TRACE o.s.s.w.a.logout.LogoutFilter - Did not match request to Or [Ant [pattern='/logout', GET], Ant [pattern='/logout', POST], Ant [pattern='/logout', PUT], Ant [pattern='/logout', DELETE]]
2026-05-22 14:51:52 TRACE o.s.security.web.FilterChainProxy - Invoking OAuth2AuthorizationRequestRedirectFilter (7/17)
2026-05-22 14:51:52 TRACE o.s.security.web.FilterChainProxy - Invoking OAuth2LoginAuthenticationFilter (8/17)
2026-05-22 14:51:52 TRACE o.s.s.o.c.w.OAuth2LoginAuthenticationFilter - Did not match request to Ant [pattern='/login/oauth2/code/*']
2026-05-22 14:51:52 TRACE o.s.security.web.FilterChainProxy - Invoking JwtAuthFilter (9/17)
2026-05-22 14:51:52 TRACE o.s.security.web.FilterChainProxy - Invoking DefaultLoginPageGeneratingFilter (10/17)
2026-05-22 14:51:52 TRACE o.s.security.web.FilterChainProxy - Invoking DefaultLogoutPageGeneratingFilter (11/17)
2026-05-22 14:51:52 TRACE o.s.s.w.a.u.DefaultLogoutPageGeneratingFilter - Did not render default logout page since request did not match [Ant [pattern='/logout', GET]]
2026-05-22 14:51:52 TRACE o.s.security.web.FilterChainProxy - Invoking RequestCacheAwareFilter (12/17)
2026-05-22 14:51:52 TRACE o.s.security.web.FilterChainProxy - Invoking SecurityContextHolderAwareRequestFilter (13/17)
2026-05-22 14:51:52 TRACE o.s.security.web.FilterChainProxy - Invoking AnonymousAuthenticationFilter (14/17)
2026-05-22 14:51:52 TRACE o.s.security.web.FilterChainProxy - Invoking SessionManagementFilter (15/17)
2026-05-22 14:51:52 TRACE o.s.s.w.c.SupplierDeferredSecurityContext - Created SecurityContextImpl [Null authentication]
2026-05-22 14:51:52 TRACE o.s.s.w.a.AnonymousAuthenticationFilter - Set SecurityContextHolder to AnonymousAuthenticationToken [Principal=anonymousUser, Credentials=[PROTECTED], Authenticated=true, Details=WebAuthenticationDetails [RemoteIpAddress=0:0:0:0:0:0:0:1, SessionId=null], Granted Authorities=[ROLE_ANONYMOUS]]
2026-05-22 14:51:52 TRACE o.s.security.web.FilterChainProxy - Invoking ExceptionTranslationFilter (16/17)
2026-05-22 14:51:52 TRACE o.s.security.web.FilterChainProxy - Invoking AuthorizationFilter (17/17)
2026-05-22 14:51:52 TRACE o.s.s.w.a.i.RequestMatcherDelegatingAuthorizationManager - Authorizing POST /api/v1/auth/token
2026-05-22 14:51:52 TRACE o.s.s.w.a.i.RequestMatcherDelegatingAuthorizationManager - Checking authorization on POST /api/v1/auth/token using org.springframework.security.config.annotation.web.configurers.AuthorizeHttpRequestsConfigurer$$Lambda/0x0000017281aae000@29a66e9c
2026-05-22 14:51:52 DEBUG o.s.security.web.FilterChainProxy - Secured POST /api/v1/auth/token
2026-05-22 14:51:55 TRACE o.s.s.authentication.ProviderManager - Authenticating request with DaoAuthenticationProvider (1/1)
2026-05-22 14:51:55 DEBUG o.s.s.a.d.DaoAuthenticationProvider - Authenticated user
2026-05-22 14:51:57 TRACE o.s.s.w.h.writers.HstsHeaderWriter - Not injecting HSTS header since it did not match request to [Is Secure]
2026-05-22 14:59:39 TRACE o.s.security.web.FilterChainProxy - Trying to match request against DefaultSecurityFilterChain [RequestMatcher=any request, Filters=[org.springframework.security.web.session.DisableEncodeUrlFilter@73cfe7b, org.springframework.security.web.context.request.async.WebAsyncManagerIntegrationFilter@73c22dd2, org.springframework.security.web.context.SecurityContextHolderFilter@62f04603, org.springframework.security.web.header.HeaderWriterFilter@839b559, org.springframework.web.filter.CorsFilter@a95dc02, org.springframework.security.web.authentication.logout.LogoutFilter@51adc5e7, org.springframework.security.oauth2.client.web.OAuth2AuthorizationRequestRedirectFilter@501cd9af, org.springframework.security.oauth2.client.web.OAuth2LoginAuthenticationFilter@4386f187, com.utiitsl.DMSAuthService.config.auth.JwtAuthFilter@51b29539, org.springframework.security.web.authentication.ui.DefaultLoginPageGeneratingFilter@3f756df8, org.springframework.security.web.authentication.ui.DefaultLogoutPageGeneratingFilter@2895106d, org.springframework.security.web.savedrequest.RequestCacheAwareFilter@1e3289a8, org.springframework.security.web.servletapi.SecurityContextHolderAwareRequestFilter@315c2c86, org.springframework.security.web.authentication.AnonymousAuthenticationFilter@483aec22, org.springframework.security.web.session.SessionManagementFilter@3fffd1d8, org.springframework.security.web.access.ExceptionTranslationFilter@59f01471, org.springframework.security.web.access.intercept.AuthorizationFilter@6ffea428]] (1/1)
2026-05-22 14:59:39 DEBUG o.s.security.web.FilterChainProxy - Securing OPTIONS /api/v1/auth/token
2026-05-22 14:59:39 TRACE o.s.security.web.FilterChainProxy - Invoking DisableEncodeUrlFilter (1/17)
2026-05-22 14:59:39 TRACE o.s.security.web.FilterChainProxy - Invoking WebAsyncManagerIntegrationFilter (2/17)
2026-05-22 14:59:39 TRACE o.s.security.web.FilterChainProxy - Invoking SecurityContextHolderFilter (3/17)
2026-05-22 14:59:39 TRACE o.s.security.web.FilterChainProxy - Invoking HeaderWriterFilter (4/17)
2026-05-22 14:59:39 TRACE o.s.security.web.FilterChainProxy - Invoking CorsFilter (5/17)
2026-05-22 14:59:39 TRACE o.s.s.w.h.writers.HstsHeaderWriter - Not injecting HSTS header since it did not match request to [Is Secure]
2026-05-22 14:59:39 TRACE o.s.security.web.FilterChainProxy - Trying to match request against DefaultSecurityFilterChain [RequestMatcher=any request, Filters=[org.springframework.security.web.session.DisableEncodeUrlFilter@73cfe7b, org.springframework.security.web.context.request.async.WebAsyncManagerIntegrationFilter@73c22dd2, org.springframework.security.web.context.SecurityContextHolderFilter@62f04603, org.springframework.security.web.header.HeaderWriterFilter@839b559, org.springframework.web.filter.CorsFilter@a95dc02, org.springframework.security.web.authentication.logout.LogoutFilter@51adc5e7, org.springframework.security.oauth2.client.web.OAuth2AuthorizationRequestRedirectFilter@501cd9af, org.springframework.security.oauth2.client.web.OAuth2LoginAuthenticationFilter@4386f187, com.utiitsl.DMSAuthService.config.auth.JwtAuthFilter@51b29539, org.springframework.security.web.authentication.ui.DefaultLoginPageGeneratingFilter@3f756df8, org.springframework.security.web.authentication.ui.DefaultLogoutPageGeneratingFilter@2895106d, org.springframework.security.web.savedrequest.RequestCacheAwareFilter@1e3289a8, org.springframework.security.web.servletapi.SecurityContextHolderAwareRequestFilter@315c2c86, org.springframework.security.web.authentication.AnonymousAuthenticationFilter@483aec22, org.springframework.security.web.session.SessionManagementFilter@3fffd1d8, org.springframework.security.web.access.ExceptionTranslationFilter@59f01471, org.springframework.security.web.access.intercept.AuthorizationFilter@6ffea428]] (1/1)
2026-05-22 14:59:39 DEBUG o.s.security.web.FilterChainProxy - Securing POST /api/v1/auth/token
2026-05-22 14:59:39 TRACE o.s.security.web.FilterChainProxy - Invoking DisableEncodeUrlFilter (1/17)
2026-05-22 14:59:39 TRACE o.s.security.web.FilterChainProxy - Invoking WebAsyncManagerIntegrationFilter (2/17)
2026-05-22 14:59:39 TRACE o.s.security.web.FilterChainProxy - Invoking SecurityContextHolderFilter (3/17)
2026-05-22 14:59:39 TRACE o.s.security.web.FilterChainProxy - Invoking HeaderWriterFilter (4/17)
2026-05-22 14:59:39 TRACE o.s.security.web.FilterChainProxy - Invoking CorsFilter (5/17)
2026-05-22 14:59:39 TRACE o.s.security.web.FilterChainProxy - Invoking LogoutFilter (6/17)
2026-05-22 14:59:39 TRACE o.s.s.w.a.logout.LogoutFilter - Did not match request to Or [Ant [pattern='/logout', GET], Ant [pattern='/logout', POST], Ant [pattern='/logout', PUT], Ant [pattern='/logout', DELETE]]
2026-05-22 14:59:39 TRACE o.s.security.web.FilterChainProxy - Invoking OAuth2AuthorizationRequestRedirectFilter (7/17)
2026-05-22 14:59:39 TRACE o.s.security.web.FilterChainProxy - Invoking OAuth2LoginAuthenticationFilter (8/17)
2026-05-22 14:59:39 TRACE o.s.s.o.c.w.OAuth2LoginAuthenticationFilter - Did not match request to Ant [pattern='/login/oauth2/code/*']
2026-05-22 14:59:39 TRACE o.s.security.web.FilterChainProxy - Invoking JwtAuthFilter (9/17)
2026-05-22 14:59:39 TRACE o.s.security.web.FilterChainProxy - Invoking DefaultLoginPageGeneratingFilter (10/17)
2026-05-22 14:59:39 TRACE o.s.security.web.FilterChainProxy - Invoking DefaultLogoutPageGeneratingFilter (11/17)
2026-05-22 14:59:39 TRACE o.s.s.w.a.u.DefaultLogoutPageGeneratingFilter - Did not render default logout page since request did not match [Ant [pattern='/logout', GET]]
2026-05-22 14:59:39 TRACE o.s.security.web.FilterChainProxy - Invoking RequestCacheAwareFilter (12/17)
2026-05-22 14:59:39 TRACE o.s.security.web.FilterChainProxy - Invoking SecurityContextHolderAwareRequestFilter (13/17)
2026-05-22 14:59:39 TRACE o.s.security.web.FilterChainProxy - Invoking AnonymousAuthenticationFilter (14/17)
2026-05-22 14:59:39 TRACE o.s.security.web.FilterChainProxy - Invoking SessionManagementFilter (15/17)
2026-05-22 14:59:39 TRACE o.s.s.w.c.SupplierDeferredSecurityContext - Created SecurityContextImpl [Null authentication]
2026-05-22 14:59:39 TRACE o.s.s.w.a.AnonymousAuthenticationFilter - Set SecurityContextHolder to AnonymousAuthenticationToken [Principal=anonymousUser, Credentials=[PROTECTED], Authenticated=true, Details=WebAuthenticationDetails [RemoteIpAddress=0:0:0:0:0:0:0:1, SessionId=null], Granted Authorities=[ROLE_ANONYMOUS]]
2026-05-22 14:59:39 TRACE o.s.security.web.FilterChainProxy - Invoking ExceptionTranslationFilter (16/17)
2026-05-22 14:59:39 TRACE o.s.security.web.FilterChainProxy - Invoking AuthorizationFilter (17/17)
2026-05-22 14:59:39 TRACE o.s.s.w.a.i.RequestMatcherDelegatingAuthorizationManager - Authorizing POST /api/v1/auth/token
2026-05-22 14:59:39 TRACE o.s.s.w.a.i.RequestMatcherDelegatingAuthorizationManager - Checking authorization on POST /api/v1/auth/token using org.springframework.security.config.annotation.web.configurers.AuthorizeHttpRequestsConfigurer$$Lambda/0x0000017281aae000@29a66e9c
2026-05-22 14:59:39 DEBUG o.s.security.web.FilterChainProxy - Secured POST /api/v1/auth/token
2026-05-22 14:59:46 TRACE o.s.s.authentication.ProviderManager - Authenticating request with DaoAuthenticationProvider (1/1)
2026-05-22 14:59:46 DEBUG o.s.s.a.d.DaoAuthenticationProvider - Authenticated user
2026-05-22 14:59:47 TRACE o.s.s.w.h.writers.HstsHeaderWriter - Not injecting HSTS header since it did not match request to [Is Secure]
2026-05-22 15:09:12 TRACE o.s.security.web.FilterChainProxy - Trying to match request against DefaultSecurityFilterChain [RequestMatcher=any request, Filters=[org.springframework.security.web.session.DisableEncodeUrlFilter@73cfe7b, org.springframework.security.web.context.request.async.WebAsyncManagerIntegrationFilter@73c22dd2, org.springframework.security.web.context.SecurityContextHolderFilter@62f04603, org.springframework.security.web.header.HeaderWriterFilter@839b559, org.springframework.web.filter.CorsFilter@a95dc02, org.springframework.security.web.authentication.logout.LogoutFilter@51adc5e7, org.springframework.security.oauth2.client.web.OAuth2AuthorizationRequestRedirectFilter@501cd9af, org.springframework.security.oauth2.client.web.OAuth2LoginAuthenticationFilter@4386f187, com.utiitsl.DMSAuthService.config.auth.JwtAuthFilter@51b29539, org.springframework.security.web.authentication.ui.DefaultLoginPageGeneratingFilter@3f756df8, org.springframework.security.web.authentication.ui.DefaultLogoutPageGeneratingFilter@2895106d, org.springframework.security.web.savedrequest.RequestCacheAwareFilter@1e3289a8, org.springframework.security.web.servletapi.SecurityContextHolderAwareRequestFilter@315c2c86, org.springframework.security.web.authentication.AnonymousAuthenticationFilter@483aec22, org.springframework.security.web.session.SessionManagementFilter@3fffd1d8, org.springframework.security.web.access.ExceptionTranslationFilter@59f01471, org.springframework.security.web.access.intercept.AuthorizationFilter@6ffea428]] (1/1)
2026-05-22 15:09:12 DEBUG o.s.security.web.FilterChainProxy - Securing OPTIONS /api/v1/auth/token
2026-05-22 15:09:12 TRACE o.s.security.web.FilterChainProxy - Invoking DisableEncodeUrlFilter (1/17)
2026-05-22 15:09:12 TRACE o.s.security.web.FilterChainProxy - Invoking WebAsyncManagerIntegrationFilter (2/17)
2026-05-22 15:09:12 TRACE o.s.security.web.FilterChainProxy - Invoking SecurityContextHolderFilter (3/17)
2026-05-22 15:09:12 TRACE o.s.security.web.FilterChainProxy - Invoking HeaderWriterFilter (4/17)
2026-05-22 15:09:12 TRACE o.s.security.web.FilterChainProxy - Invoking CorsFilter (5/17)
2026-05-22 15:09:12 TRACE o.s.s.w.h.writers.HstsHeaderWriter - Not injecting HSTS header since it did not match request to [Is Secure]
2026-05-22 15:09:12 TRACE o.s.security.web.FilterChainProxy - Trying to match request against DefaultSecurityFilterChain [RequestMatcher=any request, Filters=[org.springframework.security.web.session.DisableEncodeUrlFilter@73cfe7b, org.springframework.security.web.context.request.async.WebAsyncManagerIntegrationFilter@73c22dd2, org.springframework.security.web.context.SecurityContextHolderFilter@62f04603, org.springframework.security.web.header.HeaderWriterFilter@839b559, org.springframework.web.filter.CorsFilter@a95dc02, org.springframework.security.web.authentication.logout.LogoutFilter@51adc5e7, org.springframework.security.oauth2.client.web.OAuth2AuthorizationRequestRedirectFilter@501cd9af, org.springframework.security.oauth2.client.web.OAuth2LoginAuthenticationFilter@4386f187, com.utiitsl.DMSAuthService.config.auth.JwtAuthFilter@51b29539, org.springframework.security.web.authentication.ui.DefaultLoginPageGeneratingFilter@3f756df8, org.springframework.security.web.authentication.ui.DefaultLogoutPageGeneratingFilter@2895106d, org.springframework.security.web.savedrequest.RequestCacheAwareFilter@1e3289a8, org.springframework.security.web.servletapi.SecurityContextHolderAwareRequestFilter@315c2c86, org.springframework.security.web.authentication.AnonymousAuthenticationFilter@483aec22, org.springframework.security.web.session.SessionManagementFilter@3fffd1d8, org.springframework.security.web.access.ExceptionTranslationFilter@59f01471, org.springframework.security.web.access.intercept.AuthorizationFilter@6ffea428]] (1/1)
2026-05-22 15:09:12 DEBUG o.s.security.web.FilterChainProxy - Securing POST /api/v1/auth/token
2026-05-22 15:09:12 TRACE o.s.security.web.FilterChainProxy - Invoking DisableEncodeUrlFilter (1/17)
2026-05-22 15:09:12 TRACE o.s.security.web.FilterChainProxy - Invoking WebAsyncManagerIntegrationFilter (2/17)
2026-05-22 15:09:12 TRACE o.s.security.web.FilterChainProxy - Invoking SecurityContextHolderFilter (3/17)
2026-05-22 15:09:12 TRACE o.s.security.web.FilterChainProxy - Invoking HeaderWriterFilter (4/17)
2026-05-22 15:09:12 TRACE o.s.security.web.FilterChainProxy - Invoking CorsFilter (5/17)
2026-05-22 15:09:12 TRACE o.s.security.web.FilterChainProxy - Invoking LogoutFilter (6/17)
2026-05-22 15:09:12 TRACE o.s.s.w.a.logout.LogoutFilter - Did not match request to Or [Ant [pattern='/logout', GET], Ant [pattern='/logout', POST], Ant [pattern='/logout', PUT], Ant [pattern='/logout', DELETE]]
2026-05-22 15:09:12 TRACE o.s.security.web.FilterChainProxy - Invoking OAuth2AuthorizationRequestRedirectFilter (7/17)
2026-05-22 15:09:12 TRACE o.s.security.web.FilterChainProxy - Invoking OAuth2LoginAuthenticationFilter (8/17)
2026-05-22 15:09:12 TRACE o.s.s.o.c.w.OAuth2LoginAuthenticationFilter - Did not match request to Ant [pattern='/login/oauth2/code/*']
2026-05-22 15:09:12 TRACE o.s.security.web.FilterChainProxy - Invoking JwtAuthFilter (9/17)
2026-05-22 15:09:12 TRACE o.s.security.web.FilterChainProxy - Invoking DefaultLoginPageGeneratingFilter (10/17)
2026-05-22 15:09:12 TRACE o.s.security.web.FilterChainProxy - Invoking DefaultLogoutPageGeneratingFilter (11/17)
2026-05-22 15:09:12 TRACE o.s.s.w.a.u.DefaultLogoutPageGeneratingFilter - Did not render default logout page since request did not match [Ant [pattern='/logout', GET]]
2026-05-22 15:09:12 TRACE o.s.security.web.FilterChainProxy - Invoking RequestCacheAwareFilter (12/17)
2026-05-22 15:09:12 TRACE o.s.security.web.FilterChainProxy - Invoking SecurityContextHolderAwareRequestFilter (13/17)
2026-05-22 15:09:12 TRACE o.s.security.web.FilterChainProxy - Invoking AnonymousAuthenticationFilter (14/17)
2026-05-22 15:09:12 TRACE o.s.security.web.FilterChainProxy - Invoking SessionManagementFilter (15/17)
2026-05-22 15:09:12 TRACE o.s.s.w.c.SupplierDeferredSecurityContext - Created SecurityContextImpl [Null authentication]
2026-05-22 15:09:12 TRACE o.s.s.w.a.AnonymousAuthenticationFilter - Set SecurityContextHolder to AnonymousAuthenticationToken [Principal=anonymousUser, Credentials=[PROTECTED], Authenticated=true, Details=WebAuthenticationDetails [RemoteIpAddress=0:0:0:0:0:0:0:1, SessionId=null], Granted Authorities=[ROLE_ANONYMOUS]]
2026-05-22 15:09:12 TRACE o.s.security.web.FilterChainProxy - Invoking ExceptionTranslationFilter (16/17)
2026-05-22 15:09:12 TRACE o.s.security.web.FilterChainProxy - Invoking AuthorizationFilter (17/17)
2026-05-22 15:09:12 TRACE o.s.s.w.a.i.RequestMatcherDelegatingAuthorizationManager - Authorizing POST /api/v1/auth/token
2026-05-22 15:09:12 TRACE o.s.s.w.a.i.RequestMatcherDelegatingAuthorizationManager - Checking authorization on POST /api/v1/auth/token using org.springframework.security.config.annotation.web.configurers.AuthorizeHttpRequestsConfigurer$$Lambda/0x0000017281aae000@29a66e9c
2026-05-22 15:09:12 DEBUG o.s.security.web.FilterChainProxy - Secured POST /api/v1/auth/token
2026-05-22 15:09:14 TRACE o.s.s.authentication.ProviderManager - Authenticating request with DaoAuthenticationProvider (1/1)
2026-05-22 15:09:14 DEBUG o.s.s.a.d.DaoAuthenticationProvider - Authenticated user
2026-05-22 15:09:16 TRACE o.s.s.w.h.writers.HstsHeaderWriter - Not injecting HSTS header since it did not match request to [Is Secure]
2026-05-22 15:44:46 TRACE o.s.security.web.FilterChainProxy - Trying to match request against DefaultSecurityFilterChain [RequestMatcher=any request, Filters=[org.springframework.security.web.session.DisableEncodeUrlFilter@73cfe7b, org.springframework.security.web.context.request.async.WebAsyncManagerIntegrationFilter@73c22dd2, org.springframework.security.web.context.SecurityContextHolderFilter@62f04603, org.springframework.security.web.header.HeaderWriterFilter@839b559, org.springframework.web.filter.CorsFilter@a95dc02, org.springframework.security.web.authentication.logout.LogoutFilter@51adc5e7, org.springframework.security.oauth2.client.web.OAuth2AuthorizationRequestRedirectFilter@501cd9af, org.springframework.security.oauth2.client.web.OAuth2LoginAuthenticationFilter@4386f187, com.utiitsl.DMSAuthService.config.auth.JwtAuthFilter@51b29539, org.springframework.security.web.authentication.ui.DefaultLoginPageGeneratingFilter@3f756df8, org.springframework.security.web.authentication.ui.DefaultLogoutPageGeneratingFilter@2895106d, org.springframework.security.web.savedrequest.RequestCacheAwareFilter@1e3289a8, org.springframework.security.web.servletapi.SecurityContextHolderAwareRequestFilter@315c2c86, org.springframework.security.web.authentication.AnonymousAuthenticationFilter@483aec22, org.springframework.security.web.session.SessionManagementFilter@3fffd1d8, org.springframework.security.web.access.ExceptionTranslationFilter@59f01471, org.springframework.security.web.access.intercept.AuthorizationFilter@6ffea428]] (1/1)
2026-05-22 15:44:46 DEBUG o.s.security.web.FilterChainProxy - Securing OPTIONS /api/v1/auth/token
2026-05-22 15:44:46 TRACE o.s.security.web.FilterChainProxy - Invoking DisableEncodeUrlFilter (1/17)
2026-05-22 15:44:46 TRACE o.s.security.web.FilterChainProxy - Invoking WebAsyncManagerIntegrationFilter (2/17)
2026-05-22 15:44:46 TRACE o.s.security.web.FilterChainProxy - Invoking SecurityContextHolderFilter (3/17)
2026-05-22 15:44:46 TRACE o.s.security.web.FilterChainProxy - Invoking HeaderWriterFilter (4/17)
2026-05-22 15:44:46 TRACE o.s.security.web.FilterChainProxy - Invoking CorsFilter (5/17)
2026-05-22 15:44:46 TRACE o.s.s.w.h.writers.HstsHeaderWriter - Not injecting HSTS header since it did not match request to [Is Secure]
2026-05-22 15:44:46 TRACE o.s.security.web.FilterChainProxy - Trying to match request against DefaultSecurityFilterChain [RequestMatcher=any request, Filters=[org.springframework.security.web.session.DisableEncodeUrlFilter@73cfe7b, org.springframework.security.web.context.request.async.WebAsyncManagerIntegrationFilter@73c22dd2, org.springframework.security.web.context.SecurityContextHolderFilter@62f04603, org.springframework.security.web.header.HeaderWriterFilter@839b559, org.springframework.web.filter.CorsFilter@a95dc02, org.springframework.security.web.authentication.logout.LogoutFilter@51adc5e7, org.springframework.security.oauth2.client.web.OAuth2AuthorizationRequestRedirectFilter@501cd9af, org.springframework.security.oauth2.client.web.OAuth2LoginAuthenticationFilter@4386f187, com.utiitsl.DMSAuthService.config.auth.JwtAuthFilter@51b29539, org.springframework.security.web.authentication.ui.DefaultLoginPageGeneratingFilter@3f756df8, org.springframework.security.web.authentication.ui.DefaultLogoutPageGeneratingFilter@2895106d, org.springframework.security.web.savedrequest.RequestCacheAwareFilter@1e3289a8, org.springframework.security.web.servletapi.SecurityContextHolderAwareRequestFilter@315c2c86, org.springframework.security.web.authentication.AnonymousAuthenticationFilter@483aec22, org.springframework.security.web.session.SessionManagementFilter@3fffd1d8, org.springframework.security.web.access.ExceptionTranslationFilter@59f01471, org.springframework.security.web.access.intercept.AuthorizationFilter@6ffea428]] (1/1)
2026-05-22 15:44:46 DEBUG o.s.security.web.FilterChainProxy - Securing POST /api/v1/auth/token
2026-05-22 15:44:46 TRACE o.s.security.web.FilterChainProxy - Invoking DisableEncodeUrlFilter (1/17)
2026-05-22 15:44:46 TRACE o.s.security.web.FilterChainProxy - Invoking WebAsyncManagerIntegrationFilter (2/17)
2026-05-22 15:44:46 TRACE o.s.security.web.FilterChainProxy - Invoking SecurityContextHolderFilter (3/17)
2026-05-22 15:44:46 TRACE o.s.security.web.FilterChainProxy - Invoking HeaderWriterFilter (4/17)
2026-05-22 15:44:46 TRACE o.s.security.web.FilterChainProxy - Invoking CorsFilter (5/17)
2026-05-22 15:44:46 TRACE o.s.security.web.FilterChainProxy - Invoking LogoutFilter (6/17)
2026-05-22 15:44:46 TRACE o.s.s.w.a.logout.LogoutFilter - Did not match request to Or [Ant [pattern='/logout', GET], Ant [pattern='/logout', POST], Ant [pattern='/logout', PUT], Ant [pattern='/logout', DELETE]]
2026-05-22 15:44:46 TRACE o.s.security.web.FilterChainProxy - Invoking OAuth2AuthorizationRequestRedirectFilter (7/17)
2026-05-22 15:44:46 TRACE o.s.security.web.FilterChainProxy - Invoking OAuth2LoginAuthenticationFilter (8/17)
2026-05-22 15:44:46 TRACE o.s.s.o.c.w.OAuth2LoginAuthenticationFilter - Did not match request to Ant [pattern='/login/oauth2/code/*']
2026-05-22 15:44:46 TRACE o.s.security.web.FilterChainProxy - Invoking JwtAuthFilter (9/17)
2026-05-22 15:44:46 TRACE o.s.security.web.FilterChainProxy - Invoking DefaultLoginPageGeneratingFilter (10/17)
2026-05-22 15:44:46 TRACE o.s.security.web.FilterChainProxy - Invoking DefaultLogoutPageGeneratingFilter (11/17)
2026-05-22 15:44:46 TRACE o.s.s.w.a.u.DefaultLogoutPageGeneratingFilter - Did not render default logout page since request did not match [Ant [pattern='/logout', GET]]
2026-05-22 15:44:46 TRACE o.s.security.web.FilterChainProxy - Invoking RequestCacheAwareFilter (12/17)
2026-05-22 15:44:46 TRACE o.s.security.web.FilterChainProxy - Invoking SecurityContextHolderAwareRequestFilter (13/17)
2026-05-22 15:44:46 TRACE o.s.security.web.FilterChainProxy - Invoking AnonymousAuthenticationFilter (14/17)
2026-05-22 15:44:46 TRACE o.s.security.web.FilterChainProxy - Invoking SessionManagementFilter (15/17)
2026-05-22 15:44:46 TRACE o.s.s.w.c.SupplierDeferredSecurityContext - Created SecurityContextImpl [Null authentication]
2026-05-22 15:44:46 TRACE o.s.s.w.a.AnonymousAuthenticationFilter - Set SecurityContextHolder to AnonymousAuthenticationToken [Principal=anonymousUser, Credentials=[PROTECTED], Authenticated=true, Details=WebAuthenticationDetails [RemoteIpAddress=0:0:0:0:0:0:0:1, SessionId=null], Granted Authorities=[ROLE_ANONYMOUS]]
2026-05-22 15:44:46 TRACE o.s.security.web.FilterChainProxy - Invoking ExceptionTranslationFilter (16/17)
2026-05-22 15:44:46 TRACE o.s.security.web.FilterChainProxy - Invoking AuthorizationFilter (17/17)
2026-05-22 15:44:46 TRACE o.s.s.w.a.i.RequestMatcherDelegatingAuthorizationManager - Authorizing POST /api/v1/auth/token
2026-05-22 15:44:46 TRACE o.s.s.w.a.i.RequestMatcherDelegatingAuthorizationManager - Checking authorization on POST /api/v1/auth/token using org.springframework.security.config.annotation.web.configurers.AuthorizeHttpRequestsConfigurer$$Lambda/0x0000017281aae000@29a66e9c
2026-05-22 15:44:46 DEBUG o.s.security.web.FilterChainProxy - Secured POST /api/v1/auth/token
2026-05-22 15:44:49 TRACE o.s.s.authentication.ProviderManager - Authenticating request with DaoAuthenticationProvider (1/1)
2026-05-22 15:44:49 DEBUG o.s.s.a.d.DaoAuthenticationProvider - Authenticated user
2026-05-22 15:44:50 TRACE o.s.s.w.h.writers.HstsHeaderWriter - Not injecting HSTS header since it did not match request to [Is Secure]
2026-05-22 15:59:06 TRACE o.s.security.web.FilterChainProxy - Trying to match request against DefaultSecurityFilterChain [RequestMatcher=any request, Filters=[org.springframework.security.web.session.DisableEncodeUrlFilter@73cfe7b, org.springframework.security.web.context.request.async.WebAsyncManagerIntegrationFilter@73c22dd2, org.springframework.security.web.context.SecurityContextHolderFilter@62f04603, org.springframework.security.web.header.HeaderWriterFilter@839b559, org.springframework.web.filter.CorsFilter@a95dc02, org.springframework.security.web.authentication.logout.LogoutFilter@51adc5e7, org.springframework.security.oauth2.client.web.OAuth2AuthorizationRequestRedirectFilter@501cd9af, org.springframework.security.oauth2.client.web.OAuth2LoginAuthenticationFilter@4386f187, com.utiitsl.DMSAuthService.config.auth.JwtAuthFilter@51b29539, org.springframework.security.web.authentication.ui.DefaultLoginPageGeneratingFilter@3f756df8, org.springframework.security.web.authentication.ui.DefaultLogoutPageGeneratingFilter@2895106d, org.springframework.security.web.savedrequest.RequestCacheAwareFilter@1e3289a8, org.springframework.security.web.servletapi.SecurityContextHolderAwareRequestFilter@315c2c86, org.springframework.security.web.authentication.AnonymousAuthenticationFilter@483aec22, org.springframework.security.web.session.SessionManagementFilter@3fffd1d8, org.springframework.security.web.access.ExceptionTranslationFilter@59f01471, org.springframework.security.web.access.intercept.AuthorizationFilter@6ffea428]] (1/1)
2026-05-22 15:59:06 DEBUG o.s.security.web.FilterChainProxy - Securing GET /oauth2/authorization/google
2026-05-22 15:59:06 TRACE o.s.security.web.FilterChainProxy - Invoking DisableEncodeUrlFilter (1/17)
2026-05-22 15:59:06 TRACE o.s.security.web.FilterChainProxy - Invoking WebAsyncManagerIntegrationFilter (2/17)
2026-05-22 15:59:06 TRACE o.s.security.web.FilterChainProxy - Invoking SecurityContextHolderFilter (3/17)
2026-05-22 15:59:06 TRACE o.s.security.web.FilterChainProxy - Invoking HeaderWriterFilter (4/17)
2026-05-22 15:59:06 TRACE o.s.security.web.FilterChainProxy - Invoking CorsFilter (5/17)
2026-05-22 15:59:06 TRACE o.s.security.web.FilterChainProxy - Invoking LogoutFilter (6/17)
2026-05-22 15:59:06 TRACE o.s.s.w.a.logout.LogoutFilter - Did not match request to Or [Ant [pattern='/logout', GET], Ant [pattern='/logout', POST], Ant [pattern='/logout', PUT], Ant [pattern='/logout', DELETE]]
2026-05-22 15:59:06 TRACE o.s.security.web.FilterChainProxy - Invoking OAuth2AuthorizationRequestRedirectFilter (7/17)
2026-05-22 15:59:06 DEBUG o.s.s.web.DefaultRedirectStrategy - Redirecting to https://accounts.google.com/o/oauth2/v2/auth?response_type=code&client_id=600473531643-oi3n07dnckl59ckqltksq55ggm0hpjm1.apps.googleusercontent.com&scope=openid%20profile%20email&state=R2Atg2hzTAPdp2jdmtJnRmIjAwLEqmLFqgFdfa3Jrfo%3D&redirect_uri=http://localhost:8282/authService/login/oauth2/code/google&nonce=pSK4Y4VNatZ4Ztwjf6rip2W7il3S1hw0kNhtWdp1jgI
2026-05-22 15:59:06 TRACE o.s.s.w.h.writers.HstsHeaderWriter - Not injecting HSTS header since it did not match request to [Is Secure]
2026-05-22 15:59:07 TRACE o.s.security.web.FilterChainProxy - Trying to match request against DefaultSecurityFilterChain [RequestMatcher=any request, Filters=[org.springframework.security.web.session.DisableEncodeUrlFilter@73cfe7b, org.springframework.security.web.context.request.async.WebAsyncManagerIntegrationFilter@73c22dd2, org.springframework.security.web.context.SecurityContextHolderFilter@62f04603, org.springframework.security.web.header.HeaderWriterFilter@839b559, org.springframework.web.filter.CorsFilter@a95dc02, org.springframework.security.web.authentication.logout.LogoutFilter@51adc5e7, org.springframework.security.oauth2.client.web.OAuth2AuthorizationRequestRedirectFilter@501cd9af, org.springframework.security.oauth2.client.web.OAuth2LoginAuthenticationFilter@4386f187, com.utiitsl.DMSAuthService.config.auth.JwtAuthFilter@51b29539, org.springframework.security.web.authentication.ui.DefaultLoginPageGeneratingFilter@3f756df8, org.springframework.security.web.authentication.ui.DefaultLogoutPageGeneratingFilter@2895106d, org.springframework.security.web.savedrequest.RequestCacheAwareFilter@1e3289a8, org.springframework.security.web.servletapi.SecurityContextHolderAwareRequestFilter@315c2c86, org.springframework.security.web.authentication.AnonymousAuthenticationFilter@483aec22, org.springframework.security.web.session.SessionManagementFilter@3fffd1d8, org.springframework.security.web.access.ExceptionTranslationFilter@59f01471, org.springframework.security.web.access.intercept.AuthorizationFilter@6ffea428]] (1/1)
2026-05-22 15:59:07 DEBUG o.s.security.web.FilterChainProxy - Securing GET /login/oauth2/code/google?state=R2Atg2hzTAPdp2jdmtJnRmIjAwLEqmLFqgFdfa3Jrfo%3D&iss=https%3A%2F%2Faccounts.google.com&code=4%2F0AeoWuM-Zks8btvWeX-bBe3FrAcjMOlig05sdiK6LKsExqFkDB7OphNKku8Ei78EZeSgAHQ&scope=email+profile+https%3A%2F%2Fwww.googleapis.com%2Fauth%2Fuserinfo.email+https%3A%2F%2Fwww.googleapis.com%2Fauth%2Fuserinfo.profile+openid&authuser=0&prompt=none
2026-05-22 15:59:07 TRACE o.s.security.web.FilterChainProxy - Invoking DisableEncodeUrlFilter (1/17)
2026-05-22 15:59:07 TRACE o.s.security.web.FilterChainProxy - Invoking WebAsyncManagerIntegrationFilter (2/17)
2026-05-22 15:59:07 TRACE o.s.security.web.FilterChainProxy - Invoking SecurityContextHolderFilter (3/17)
2026-05-22 15:59:07 TRACE o.s.security.web.FilterChainProxy - Invoking HeaderWriterFilter (4/17)
2026-05-22 15:59:07 TRACE o.s.security.web.FilterChainProxy - Invoking CorsFilter (5/17)
2026-05-22 15:59:07 TRACE o.s.security.web.FilterChainProxy - Invoking LogoutFilter (6/17)
2026-05-22 15:59:07 TRACE o.s.s.w.a.logout.LogoutFilter - Did not match request to Or [Ant [pattern='/logout', GET], Ant [pattern='/logout', POST], Ant [pattern='/logout', PUT], Ant [pattern='/logout', DELETE]]
2026-05-22 15:59:07 TRACE o.s.security.web.FilterChainProxy - Invoking OAuth2AuthorizationRequestRedirectFilter (7/17)
2026-05-22 15:59:07 TRACE o.s.security.web.FilterChainProxy - Invoking OAuth2LoginAuthenticationFilter (8/17)
2026-05-22 15:59:07 TRACE o.s.s.authentication.ProviderManager - Authenticating request with OAuth2LoginAuthenticationProvider (1/4)
2026-05-22 15:59:07 TRACE o.s.s.authentication.ProviderManager - Authenticating request with OidcAuthorizationCodeAuthenticationProvider (2/4)
2026-05-22 15:59:08 TRACE o.s.s.w.a.s.CompositeSessionAuthenticationStrategy - Preparing session with ChangeSessionIdAuthenticationStrategy (1/1)
2026-05-22 15:59:08 DEBUG o.s.s.w.a.s.ChangeSessionIdAuthenticationStrategy - Changed session id from 576F3D47E7F9C919B0AD8DBC6D12CE4A
2026-05-22 15:59:08 DEBUG o.s.s.o.c.w.OAuth2LoginAuthenticationFilter - Set SecurityContextHolder to OAuth2AuthenticationToken [Principal=Name: [106355568675083849667], Granted Authorities: [[OIDC_USER, SCOPE_https://www.googleapis.com/auth/userinfo.email, SCOPE_https://www.googleapis.com/auth/userinfo.profile, SCOPE_openid]], User Attributes: [{at_hash=6Vg5v6VnN9UDByff6caE2Q, sub=106355568675083849667, email_verified=true, iss=https://accounts.google.com, given_name=Tanveer, nonce=pSK4Y4VNatZ4Ztwjf6rip2W7il3S1hw0kNhtWdp1jgI, picture=https://lh3.googleusercontent.com/a/ACg8ocJ-g6PRiU-MR-VpZ0qO_fRj5cJmhFj5Vg7aowVeawJwi8IrUA=s96-c, aud=[600473531643-oi3n07dnckl59ckqltksq55ggm0hpjm1.apps.googleusercontent.com], azp=600473531643-oi3n07dnckl59ckqltksq55ggm0hpjm1.apps.googleusercontent.com, name=Tanveer, exp=2026-05-22T11:29:08Z, iat=2026-05-22T10:29:08Z, email=mdtanveer3314@gmail.com}], Credentials=[PROTECTED], Authenticated=true, Details=WebAuthenticationDetails [RemoteIpAddress=0:0:0:0:0:0:0:1, SessionId=576F3D47E7F9C919B0AD8DBC6D12CE4A], Granted Authorities=[OIDC_USER, SCOPE_https://www.googleapis.com/auth/userinfo.email, SCOPE_https://www.googleapis.com/auth/userinfo.profile, SCOPE_openid]]
2026-05-22 15:59:25 TRACE o.s.s.w.h.writers.HstsHeaderWriter - Not injecting HSTS header since it did not match request to [Is Secure]
2026-05-22 16:05:07 TRACE o.s.security.web.FilterChainProxy - Trying to match request against DefaultSecurityFilterChain [RequestMatcher=any request, Filters=[org.springframework.security.web.session.DisableEncodeUrlFilter@73cfe7b, org.springframework.security.web.context.request.async.WebAsyncManagerIntegrationFilter@73c22dd2, org.springframework.security.web.context.SecurityContextHolderFilter@62f04603, org.springframework.security.web.header.HeaderWriterFilter@839b559, org.springframework.web.filter.CorsFilter@a95dc02, org.springframework.security.web.authentication.logout.LogoutFilter@51adc5e7, org.springframework.security.oauth2.client.web.OAuth2AuthorizationRequestRedirectFilter@501cd9af, org.springframework.security.oauth2.client.web.OAuth2LoginAuthenticationFilter@4386f187, com.utiitsl.DMSAuthService.config.auth.JwtAuthFilter@51b29539, org.springframework.security.web.authentication.ui.DefaultLoginPageGeneratingFilter@3f756df8, org.springframework.security.web.authentication.ui.DefaultLogoutPageGeneratingFilter@2895106d, org.springframework.security.web.savedrequest.RequestCacheAwareFilter@1e3289a8, org.springframework.security.web.servletapi.SecurityContextHolderAwareRequestFilter@315c2c86, org.springframework.security.web.authentication.AnonymousAuthenticationFilter@483aec22, org.springframework.security.web.session.SessionManagementFilter@3fffd1d8, org.springframework.security.web.access.ExceptionTranslationFilter@59f01471, org.springframework.security.web.access.intercept.AuthorizationFilter@6ffea428]] (1/1)
2026-05-22 16:05:07 DEBUG o.s.security.web.FilterChainProxy - Securing GET /oauth2/authorization/google
2026-05-22 16:05:07 TRACE o.s.security.web.FilterChainProxy - Invoking DisableEncodeUrlFilter (1/17)
2026-05-22 16:05:07 TRACE o.s.security.web.FilterChainProxy - Invoking WebAsyncManagerIntegrationFilter (2/17)
2026-05-22 16:05:07 TRACE o.s.security.web.FilterChainProxy - Invoking SecurityContextHolderFilter (3/17)
2026-05-22 16:05:07 TRACE o.s.security.web.FilterChainProxy - Invoking HeaderWriterFilter (4/17)
2026-05-22 16:05:07 TRACE o.s.security.web.FilterChainProxy - Invoking CorsFilter (5/17)
2026-05-22 16:05:07 TRACE o.s.security.web.FilterChainProxy - Invoking LogoutFilter (6/17)
2026-05-22 16:05:07 TRACE o.s.s.w.a.logout.LogoutFilter - Did not match request to Or [Ant [pattern='/logout', GET], Ant [pattern='/logout', POST], Ant [pattern='/logout', PUT], Ant [pattern='/logout', DELETE]]
2026-05-22 16:05:07 TRACE o.s.security.web.FilterChainProxy - Invoking OAuth2AuthorizationRequestRedirectFilter (7/17)
2026-05-22 16:05:07 DEBUG o.s.s.web.DefaultRedirectStrategy - Redirecting to https://accounts.google.com/o/oauth2/v2/auth?response_type=code&client_id=600473531643-oi3n07dnckl59ckqltksq55ggm0hpjm1.apps.googleusercontent.com&scope=openid%20profile%20email&state=TBaZxOlQerSRV5oe5IPjU3j5f0AtwpogWhAlIxRQRWU%3D&redirect_uri=http://localhost:8282/authService/login/oauth2/code/google&nonce=WinNybqJlRSn0gGQWTzzlU44bF8DWUaa3ay3mu6W_p8
2026-05-22 16:05:07 TRACE o.s.s.w.h.writers.HstsHeaderWriter - Not injecting HSTS header since it did not match request to [Is Secure]
2026-05-22 16:05:08 TRACE o.s.security.web.FilterChainProxy - Trying to match request against DefaultSecurityFilterChain [RequestMatcher=any request, Filters=[org.springframework.security.web.session.DisableEncodeUrlFilter@73cfe7b, org.springframework.security.web.context.request.async.WebAsyncManagerIntegrationFilter@73c22dd2, org.springframework.security.web.context.SecurityContextHolderFilter@62f04603, org.springframework.security.web.header.HeaderWriterFilter@839b559, org.springframework.web.filter.CorsFilter@a95dc02, org.springframework.security.web.authentication.logout.LogoutFilter@51adc5e7, org.springframework.security.oauth2.client.web.OAuth2AuthorizationRequestRedirectFilter@501cd9af, org.springframework.security.oauth2.client.web.OAuth2LoginAuthenticationFilter@4386f187, com.utiitsl.DMSAuthService.config.auth.JwtAuthFilter@51b29539, org.springframework.security.web.authentication.ui.DefaultLoginPageGeneratingFilter@3f756df8, org.springframework.security.web.authentication.ui.DefaultLogoutPageGeneratingFilter@2895106d, org.springframework.security.web.savedrequest.RequestCacheAwareFilter@1e3289a8, org.springframework.security.web.servletapi.SecurityContextHolderAwareRequestFilter@315c2c86, org.springframework.security.web.authentication.AnonymousAuthenticationFilter@483aec22, org.springframework.security.web.session.SessionManagementFilter@3fffd1d8, org.springframework.security.web.access.ExceptionTranslationFilter@59f01471, org.springframework.security.web.access.intercept.AuthorizationFilter@6ffea428]] (1/1)
2026-05-22 16:05:08 DEBUG o.s.security.web.FilterChainProxy - Securing GET /login/oauth2/code/google?state=TBaZxOlQerSRV5oe5IPjU3j5f0AtwpogWhAlIxRQRWU%3D&iss=https%3A%2F%2Faccounts.google.com&code=4%2F0AeoWuM8umv6sS5FPizde2PhBxGb-dod5pXeKj1ZhTM8hUaK13bagu32wPdE9dk1Pp4F81A&scope=email+profile+https%3A%2F%2Fwww.googleapis.com%2Fauth%2Fuserinfo.email+https%3A%2F%2Fwww.googleapis.com%2Fauth%2Fuserinfo.profile+openid&authuser=0&prompt=none
2026-05-22 16:05:08 TRACE o.s.security.web.FilterChainProxy - Invoking DisableEncodeUrlFilter (1/17)
2026-05-22 16:05:08 TRACE o.s.security.web.FilterChainProxy - Invoking WebAsyncManagerIntegrationFilter (2/17)
2026-05-22 16:05:08 TRACE o.s.security.web.FilterChainProxy - Invoking SecurityContextHolderFilter (3/17)
2026-05-22 16:05:08 TRACE o.s.security.web.FilterChainProxy - Invoking HeaderWriterFilter (4/17)
2026-05-22 16:05:08 TRACE o.s.security.web.FilterChainProxy - Invoking CorsFilter (5/17)
2026-05-22 16:05:08 TRACE o.s.security.web.FilterChainProxy - Invoking LogoutFilter (6/17)
2026-05-22 16:05:08 TRACE o.s.s.w.a.logout.LogoutFilter - Did not match request to Or [Ant [pattern='/logout', GET], Ant [pattern='/logout', POST], Ant [pattern='/logout', PUT], Ant [pattern='/logout', DELETE]]
2026-05-22 16:05:08 TRACE o.s.security.web.FilterChainProxy - Invoking OAuth2AuthorizationRequestRedirectFilter (7/17)
2026-05-22 16:05:08 TRACE o.s.security.web.FilterChainProxy - Invoking OAuth2LoginAuthenticationFilter (8/17)
2026-05-22 16:05:08 TRACE o.s.s.authentication.ProviderManager - Authenticating request with OAuth2LoginAuthenticationProvider (1/4)
2026-05-22 16:05:08 TRACE o.s.s.authentication.ProviderManager - Authenticating request with OidcAuthorizationCodeAuthenticationProvider (2/4)
2026-05-22 16:05:08 TRACE o.s.s.w.a.s.CompositeSessionAuthenticationStrategy - Preparing session with ChangeSessionIdAuthenticationStrategy (1/1)
2026-05-22 16:05:08 DEBUG o.s.s.w.a.s.ChangeSessionIdAuthenticationStrategy - Changed session id from 6394740495F06C412D27365A522B07A2
2026-05-22 16:05:08 DEBUG o.s.s.o.c.w.OAuth2LoginAuthenticationFilter - Set SecurityContextHolder to OAuth2AuthenticationToken [Principal=Name: [106355568675083849667], Granted Authorities: [[OIDC_USER, SCOPE_https://www.googleapis.com/auth/userinfo.email, SCOPE_https://www.googleapis.com/auth/userinfo.profile, SCOPE_openid]], User Attributes: [{at_hash=rkGVJi4RFsXuONn-dcTEwQ, sub=106355568675083849667, email_verified=true, iss=https://accounts.google.com, given_name=Tanveer, nonce=WinNybqJlRSn0gGQWTzzlU44bF8DWUaa3ay3mu6W_p8, picture=https://lh3.googleusercontent.com/a/ACg8ocJ-g6PRiU-MR-VpZ0qO_fRj5cJmhFj5Vg7aowVeawJwi8IrUA=s96-c, aud=[600473531643-oi3n07dnckl59ckqltksq55ggm0hpjm1.apps.googleusercontent.com], azp=600473531643-oi3n07dnckl59ckqltksq55ggm0hpjm1.apps.googleusercontent.com, name=Tanveer, exp=2026-05-22T11:35:08Z, iat=2026-05-22T10:35:08Z, email=mdtanveer3314@gmail.com}], Credentials=[PROTECTED], Authenticated=true, Details=WebAuthenticationDetails [RemoteIpAddress=0:0:0:0:0:0:0:1, SessionId=6394740495F06C412D27365A522B07A2], Granted Authorities=[OIDC_USER, SCOPE_https://www.googleapis.com/auth/userinfo.email, SCOPE_https://www.googleapis.com/auth/userinfo.profile, SCOPE_openid]]
2026-05-22 16:05:11 TRACE o.s.s.w.h.writers.HstsHeaderWriter - Not injecting HSTS header since it did not match request to [Is Secure]
2026-05-22 16:05:41 TRACE o.s.security.web.FilterChainProxy - Trying to match request against DefaultSecurityFilterChain [RequestMatcher=any request, Filters=[org.springframework.security.web.session.DisableEncodeUrlFilter@73cfe7b, org.springframework.security.web.context.request.async.WebAsyncManagerIntegrationFilter@73c22dd2, org.springframework.security.web.context.SecurityContextHolderFilter@62f04603, org.springframework.security.web.header.HeaderWriterFilter@839b559, org.springframework.web.filter.CorsFilter@a95dc02, org.springframework.security.web.authentication.logout.LogoutFilter@51adc5e7, org.springframework.security.oauth2.client.web.OAuth2AuthorizationRequestRedirectFilter@501cd9af, org.springframework.security.oauth2.client.web.OAuth2LoginAuthenticationFilter@4386f187, com.utiitsl.DMSAuthService.config.auth.JwtAuthFilter@51b29539, org.springframework.security.web.authentication.ui.DefaultLoginPageGeneratingFilter@3f756df8, org.springframework.security.web.authentication.ui.DefaultLogoutPageGeneratingFilter@2895106d, org.springframework.security.web.savedrequest.RequestCacheAwareFilter@1e3289a8, org.springframework.security.web.servletapi.SecurityContextHolderAwareRequestFilter@315c2c86, org.springframework.security.web.authentication.AnonymousAuthenticationFilter@483aec22, org.springframework.security.web.session.SessionManagementFilter@3fffd1d8, org.springframework.security.web.access.ExceptionTranslationFilter@59f01471, org.springframework.security.web.access.intercept.AuthorizationFilter@6ffea428]] (1/1)
2026-05-22 16:05:41 DEBUG o.s.security.web.FilterChainProxy - Securing GET /oauth2/authorization/google
2026-05-22 16:05:41 TRACE o.s.security.web.FilterChainProxy - Invoking DisableEncodeUrlFilter (1/17)
2026-05-22 16:05:41 TRACE o.s.security.web.FilterChainProxy - Invoking WebAsyncManagerIntegrationFilter (2/17)
2026-05-22 16:05:41 TRACE o.s.security.web.FilterChainProxy - Invoking SecurityContextHolderFilter (3/17)
2026-05-22 16:05:41 TRACE o.s.security.web.FilterChainProxy - Invoking HeaderWriterFilter (4/17)
2026-05-22 16:05:41 TRACE o.s.security.web.FilterChainProxy - Invoking CorsFilter (5/17)
2026-05-22 16:05:41 TRACE o.s.security.web.FilterChainProxy - Invoking LogoutFilter (6/17)
2026-05-22 16:05:41 TRACE o.s.s.w.a.logout.LogoutFilter - Did not match request to Or [Ant [pattern='/logout', GET], Ant [pattern='/logout', POST], Ant [pattern='/logout', PUT], Ant [pattern='/logout', DELETE]]
2026-05-22 16:05:41 TRACE o.s.security.web.FilterChainProxy - Invoking OAuth2AuthorizationRequestRedirectFilter (7/17)
2026-05-22 16:05:41 DEBUG o.s.s.web.DefaultRedirectStrategy - Redirecting to https://accounts.google.com/o/oauth2/v2/auth?response_type=code&client_id=600473531643-oi3n07dnckl59ckqltksq55ggm0hpjm1.apps.googleusercontent.com&scope=openid%20profile%20email&state=Cs9OvjnBWJnwjPQYQg6rz3x0OkR3OrFMlJXOE1bu-qE%3D&redirect_uri=http://localhost:8282/authService/login/oauth2/code/google&nonce=FEnxle1nTWQdnWmiPiPbs5Gd8cC-fuop4tI7XYrp4Dk
2026-05-22 16:05:41 TRACE o.s.s.w.h.writers.HstsHeaderWriter - Not injecting HSTS header since it did not match request to [Is Secure]
2026-05-22 16:05:41 TRACE o.s.security.web.FilterChainProxy - Trying to match request against DefaultSecurityFilterChain [RequestMatcher=any request, Filters=[org.springframework.security.web.session.DisableEncodeUrlFilter@73cfe7b, org.springframework.security.web.context.request.async.WebAsyncManagerIntegrationFilter@73c22dd2, org.springframework.security.web.context.SecurityContextHolderFilter@62f04603, org.springframework.security.web.header.HeaderWriterFilter@839b559, org.springframework.web.filter.CorsFilter@a95dc02, org.springframework.security.web.authentication.logout.LogoutFilter@51adc5e7, org.springframework.security.oauth2.client.web.OAuth2AuthorizationRequestRedirectFilter@501cd9af, org.springframework.security.oauth2.client.web.OAuth2LoginAuthenticationFilter@4386f187, com.utiitsl.DMSAuthService.config.auth.JwtAuthFilter@51b29539, org.springframework.security.web.authentication.ui.DefaultLoginPageGeneratingFilter@3f756df8, org.springframework.security.web.authentication.ui.DefaultLogoutPageGeneratingFilter@2895106d, org.springframework.security.web.savedrequest.RequestCacheAwareFilter@1e3289a8, org.springframework.security.web.servletapi.SecurityContextHolderAwareRequestFilter@315c2c86, org.springframework.security.web.authentication.AnonymousAuthenticationFilter@483aec22, org.springframework.security.web.session.SessionManagementFilter@3fffd1d8, org.springframework.security.web.access.ExceptionTranslationFilter@59f01471, org.springframework.security.web.access.intercept.AuthorizationFilter@6ffea428]] (1/1)
2026-05-22 16:05:41 DEBUG o.s.security.web.FilterChainProxy - Securing GET /login/oauth2/code/google?state=Cs9OvjnBWJnwjPQYQg6rz3x0OkR3OrFMlJXOE1bu-qE%3D&iss=https%3A%2F%2Faccounts.google.com&code=4%2F0AeoWuM9L7buRgaDsalUGsTMrqG9jhUj_CcniLn4wQMHIKx87nwu1VhMBoQHwy3m0teADng&scope=email+profile+https%3A%2F%2Fwww.googleapis.com%2Fauth%2Fuserinfo.profile+https%3A%2F%2Fwww.googleapis.com%2Fauth%2Fuserinfo.email+openid&authuser=0&prompt=none
2026-05-22 16:05:41 TRACE o.s.security.web.FilterChainProxy - Invoking DisableEncodeUrlFilter (1/17)
2026-05-22 16:05:41 TRACE o.s.security.web.FilterChainProxy - Invoking WebAsyncManagerIntegrationFilter (2/17)
2026-05-22 16:05:41 TRACE o.s.security.web.FilterChainProxy - Invoking SecurityContextHolderFilter (3/17)
2026-05-22 16:05:41 TRACE o.s.security.web.FilterChainProxy - Invoking HeaderWriterFilter (4/17)
2026-05-22 16:05:41 TRACE o.s.security.web.FilterChainProxy - Invoking CorsFilter (5/17)
2026-05-22 16:05:41 TRACE o.s.security.web.FilterChainProxy - Invoking LogoutFilter (6/17)
2026-05-22 16:05:41 TRACE o.s.s.w.a.logout.LogoutFilter - Did not match request to Or [Ant [pattern='/logout', GET], Ant [pattern='/logout', POST], Ant [pattern='/logout', PUT], Ant [pattern='/logout', DELETE]]
2026-05-22 16:05:41 TRACE o.s.security.web.FilterChainProxy - Invoking OAuth2AuthorizationRequestRedirectFilter (7/17)
2026-05-22 16:05:41 TRACE o.s.security.web.FilterChainProxy - Invoking OAuth2LoginAuthenticationFilter (8/17)
2026-05-22 16:05:41 TRACE o.s.s.authentication.ProviderManager - Authenticating request with OAuth2LoginAuthenticationProvider (1/4)
2026-05-22 16:05:41 TRACE o.s.s.authentication.ProviderManager - Authenticating request with OidcAuthorizationCodeAuthenticationProvider (2/4)
2026-05-22 16:05:41 TRACE o.s.s.w.a.s.CompositeSessionAuthenticationStrategy - Preparing session with ChangeSessionIdAuthenticationStrategy (1/1)
2026-05-22 16:05:41 DEBUG o.s.s.w.a.s.ChangeSessionIdAuthenticationStrategy - Changed session id from ECA8D4EB13F188D1A0B4AF0454AA0775
2026-05-22 16:05:41 DEBUG o.s.s.o.c.w.OAuth2LoginAuthenticationFilter - Set SecurityContextHolder to OAuth2AuthenticationToken [Principal=Name: [106355568675083849667], Granted Authorities: [[OIDC_USER, SCOPE_https://www.googleapis.com/auth/userinfo.email, SCOPE_https://www.googleapis.com/auth/userinfo.profile, SCOPE_openid]], User Attributes: [{at_hash=l8lRy82wuaoPTMDiwsaB0A, sub=106355568675083849667, email_verified=true, iss=https://accounts.google.com, given_name=Tanveer, nonce=FEnxle1nTWQdnWmiPiPbs5Gd8cC-fuop4tI7XYrp4Dk, picture=https://lh3.googleusercontent.com/a/ACg8ocJ-g6PRiU-MR-VpZ0qO_fRj5cJmhFj5Vg7aowVeawJwi8IrUA=s96-c, aud=[600473531643-oi3n07dnckl59ckqltksq55ggm0hpjm1.apps.googleusercontent.com], azp=600473531643-oi3n07dnckl59ckqltksq55ggm0hpjm1.apps.googleusercontent.com, name=Tanveer, exp=2026-05-22T11:35:41Z, iat=2026-05-22T10:35:41Z, email=mdtanveer3314@gmail.com}], Credentials=[PROTECTED], Authenticated=true, Details=WebAuthenticationDetails [RemoteIpAddress=0:0:0:0:0:0:0:1, SessionId=ECA8D4EB13F188D1A0B4AF0454AA0775], Granted Authorities=[OIDC_USER, SCOPE_https://www.googleapis.com/auth/userinfo.email, SCOPE_https://www.googleapis.com/auth/userinfo.profile, SCOPE_openid]]
2026-05-22 16:05:45 TRACE o.s.s.w.h.writers.HstsHeaderWriter - Not injecting HSTS header since it did not match request to [Is Secure]
2026-05-22 17:02:23 TRACE o.s.security.web.FilterChainProxy - Trying to match request against DefaultSecurityFilterChain [RequestMatcher=any request, Filters=[org.springframework.security.web.session.DisableEncodeUrlFilter@73cfe7b, org.springframework.security.web.context.request.async.WebAsyncManagerIntegrationFilter@73c22dd2, org.springframework.security.web.context.SecurityContextHolderFilter@62f04603, org.springframework.security.web.header.HeaderWriterFilter@839b559, org.springframework.web.filter.CorsFilter@a95dc02, org.springframework.security.web.authentication.logout.LogoutFilter@51adc5e7, org.springframework.security.oauth2.client.web.OAuth2AuthorizationRequestRedirectFilter@501cd9af, org.springframework.security.oauth2.client.web.OAuth2LoginAuthenticationFilter@4386f187, com.utiitsl.DMSAuthService.config.auth.JwtAuthFilter@51b29539, org.springframework.security.web.authentication.ui.DefaultLoginPageGeneratingFilter@3f756df8, org.springframework.security.web.authentication.ui.DefaultLogoutPageGeneratingFilter@2895106d, org.springframework.security.web.savedrequest.RequestCacheAwareFilter@1e3289a8, org.springframework.security.web.servletapi.SecurityContextHolderAwareRequestFilter@315c2c86, org.springframework.security.web.authentication.AnonymousAuthenticationFilter@483aec22, org.springframework.security.web.session.SessionManagementFilter@3fffd1d8, org.springframework.security.web.access.ExceptionTranslationFilter@59f01471, org.springframework.security.web.access.intercept.AuthorizationFilter@6ffea428]] (1/1)
2026-05-22 17:02:23 DEBUG o.s.security.web.FilterChainProxy - Securing GET /oauth2/authorization/google
2026-05-22 17:02:23 TRACE o.s.security.web.FilterChainProxy - Invoking DisableEncodeUrlFilter (1/17)
2026-05-22 17:02:23 TRACE o.s.security.web.FilterChainProxy - Invoking WebAsyncManagerIntegrationFilter (2/17)
2026-05-22 17:02:23 TRACE o.s.security.web.FilterChainProxy - Invoking SecurityContextHolderFilter (3/17)
2026-05-22 17:02:23 TRACE o.s.security.web.FilterChainProxy - Invoking HeaderWriterFilter (4/17)
2026-05-22 17:02:23 TRACE o.s.security.web.FilterChainProxy - Invoking CorsFilter (5/17)
2026-05-22 17:02:23 TRACE o.s.security.web.FilterChainProxy - Invoking LogoutFilter (6/17)
2026-05-22 17:02:23 TRACE o.s.s.w.a.logout.LogoutFilter - Did not match request to Or [Ant [pattern='/logout', GET], Ant [pattern='/logout', POST], Ant [pattern='/logout', PUT], Ant [pattern='/logout', DELETE]]
2026-05-22 17:02:23 TRACE o.s.security.web.FilterChainProxy - Invoking OAuth2AuthorizationRequestRedirectFilter (7/17)
2026-05-22 17:02:23 DEBUG o.s.s.web.DefaultRedirectStrategy - Redirecting to https://accounts.google.com/o/oauth2/v2/auth?response_type=code&client_id=600473531643-oi3n07dnckl59ckqltksq55ggm0hpjm1.apps.googleusercontent.com&scope=openid%20profile%20email&state=vYtQKYrfP2m_vFVAbh8cdduDC9QNm7dECKunteW_9BM%3D&redirect_uri=http://localhost:8282/authService/login/oauth2/code/google&nonce=Ml0Je9r8R3adVtwIufDkSEmS4MqBc__Czu3JAUKQaEo
2026-05-22 17:02:23 TRACE o.s.s.w.h.writers.HstsHeaderWriter - Not injecting HSTS header since it did not match request to [Is Secure]
2026-05-22 17:02:23 TRACE o.s.security.web.FilterChainProxy - Trying to match request against DefaultSecurityFilterChain [RequestMatcher=any request, Filters=[org.springframework.security.web.session.DisableEncodeUrlFilter@73cfe7b, org.springframework.security.web.context.request.async.WebAsyncManagerIntegrationFilter@73c22dd2, org.springframework.security.web.context.SecurityContextHolderFilter@62f04603, org.springframework.security.web.header.HeaderWriterFilter@839b559, org.springframework.web.filter.CorsFilter@a95dc02, org.springframework.security.web.authentication.logout.LogoutFilter@51adc5e7, org.springframework.security.oauth2.client.web.OAuth2AuthorizationRequestRedirectFilter@501cd9af, org.springframework.security.oauth2.client.web.OAuth2LoginAuthenticationFilter@4386f187, com.utiitsl.DMSAuthService.config.auth.JwtAuthFilter@51b29539, org.springframework.security.web.authentication.ui.DefaultLoginPageGeneratingFilter@3f756df8, org.springframework.security.web.authentication.ui.DefaultLogoutPageGeneratingFilter@2895106d, org.springframework.security.web.savedrequest.RequestCacheAwareFilter@1e3289a8, org.springframework.security.web.servletapi.SecurityContextHolderAwareRequestFilter@315c2c86, org.springframework.security.web.authentication.AnonymousAuthenticationFilter@483aec22, org.springframework.security.web.session.SessionManagementFilter@3fffd1d8, org.springframework.security.web.access.ExceptionTranslationFilter@59f01471, org.springframework.security.web.access.intercept.AuthorizationFilter@6ffea428]] (1/1)
2026-05-22 17:02:23 DEBUG o.s.security.web.FilterChainProxy - Securing GET /login/oauth2/code/google?state=vYtQKYrfP2m_vFVAbh8cdduDC9QNm7dECKunteW_9BM%3D&iss=https%3A%2F%2Faccounts.google.com&code=4%2F0AeoWuM-eTt0iOaB82xu4_P30wdSH8Joqzy4r2gIb_EHkkSewWUoHW8_6gquxjj6wf5DFtA&scope=email+profile+https%3A%2F%2Fwww.googleapis.com%2Fauth%2Fuserinfo.email+openid+https%3A%2F%2Fwww.googleapis.com%2Fauth%2Fuserinfo.profile&authuser=0&prompt=none
2026-05-22 17:02:23 TRACE o.s.security.web.FilterChainProxy - Invoking DisableEncodeUrlFilter (1/17)
2026-05-22 17:02:23 TRACE o.s.security.web.FilterChainProxy - Invoking WebAsyncManagerIntegrationFilter (2/17)
2026-05-22 17:02:23 TRACE o.s.security.web.FilterChainProxy - Invoking SecurityContextHolderFilter (3/17)
2026-05-22 17:02:23 TRACE o.s.security.web.FilterChainProxy - Invoking HeaderWriterFilter (4/17)
2026-05-22 17:02:23 TRACE o.s.security.web.FilterChainProxy - Invoking CorsFilter (5/17)
2026-05-22 17:02:23 TRACE o.s.security.web.FilterChainProxy - Invoking LogoutFilter (6/17)
2026-05-22 17:02:23 TRACE o.s.s.w.a.logout.LogoutFilter - Did not match request to Or [Ant [pattern='/logout', GET], Ant [pattern='/logout', POST], Ant [pattern='/logout', PUT], Ant [pattern='/logout', DELETE]]
2026-05-22 17:02:23 TRACE o.s.security.web.FilterChainProxy - Invoking OAuth2AuthorizationRequestRedirectFilter (7/17)
2026-05-22 17:02:23 TRACE o.s.security.web.FilterChainProxy - Invoking OAuth2LoginAuthenticationFilter (8/17)
2026-05-22 17:02:23 TRACE o.s.s.authentication.ProviderManager - Authenticating request with OAuth2LoginAuthenticationProvider (1/4)
2026-05-22 17:02:23 TRACE o.s.s.authentication.ProviderManager - Authenticating request with OidcAuthorizationCodeAuthenticationProvider (2/4)
2026-05-22 17:02:23 TRACE o.s.s.w.a.s.CompositeSessionAuthenticationStrategy - Preparing session with ChangeSessionIdAuthenticationStrategy (1/1)
2026-05-22 17:02:23 DEBUG o.s.s.w.a.s.ChangeSessionIdAuthenticationStrategy - Changed session id from 6FE2D0E5ED1886A8BC0277AC3F3B6217
2026-05-22 17:02:23 DEBUG o.s.s.o.c.w.OAuth2LoginAuthenticationFilter - Set SecurityContextHolder to OAuth2AuthenticationToken [Principal=Name: [106355568675083849667], Granted Authorities: [[OIDC_USER, SCOPE_https://www.googleapis.com/auth/userinfo.email, SCOPE_https://www.googleapis.com/auth/userinfo.profile, SCOPE_openid]], User Attributes: [{at_hash=c9VgEvRDopez1g0Rj9tk0A, sub=106355568675083849667, email_verified=true, iss=https://accounts.google.com, given_name=Tanveer, nonce=Ml0Je9r8R3adVtwIufDkSEmS4MqBc__Czu3JAUKQaEo, picture=https://lh3.googleusercontent.com/a/ACg8ocJ-g6PRiU-MR-VpZ0qO_fRj5cJmhFj5Vg7aowVeawJwi8IrUA=s96-c, aud=[600473531643-oi3n07dnckl59ckqltksq55ggm0hpjm1.apps.googleusercontent.com], azp=600473531643-oi3n07dnckl59ckqltksq55ggm0hpjm1.apps.googleusercontent.com, name=Tanveer, exp=2026-05-22T12:32:23Z, iat=2026-05-22T11:32:23Z, email=mdtanveer3314@gmail.com}], Credentials=[PROTECTED], Authenticated=true, Details=WebAuthenticationDetails [RemoteIpAddress=0:0:0:0:0:0:0:1, SessionId=6FE2D0E5ED1886A8BC0277AC3F3B6217], Granted Authorities=[OIDC_USER, SCOPE_https://www.googleapis.com/auth/userinfo.email, SCOPE_https://www.googleapis.com/auth/userinfo.profile, SCOPE_openid]]
2026-05-22 17:02:26 TRACE o.s.s.w.h.writers.HstsHeaderWriter - Not injecting HSTS header since it did not match request to [Is Secure]
2026-05-22 17:02:37 TRACE o.s.security.web.FilterChainProxy - Trying to match request against DefaultSecurityFilterChain [RequestMatcher=any request, Filters=[org.springframework.security.web.session.DisableEncodeUrlFilter@73cfe7b, org.springframework.security.web.context.request.async.WebAsyncManagerIntegrationFilter@73c22dd2, org.springframework.security.web.context.SecurityContextHolderFilter@62f04603, org.springframework.security.web.header.HeaderWriterFilter@839b559, org.springframework.web.filter.CorsFilter@a95dc02, org.springframework.security.web.authentication.logout.LogoutFilter@51adc5e7, org.springframework.security.oauth2.client.web.OAuth2AuthorizationRequestRedirectFilter@501cd9af, org.springframework.security.oauth2.client.web.OAuth2LoginAuthenticationFilter@4386f187, com.utiitsl.DMSAuthService.config.auth.JwtAuthFilter@51b29539, org.springframework.security.web.authentication.ui.DefaultLoginPageGeneratingFilter@3f756df8, org.springframework.security.web.authentication.ui.DefaultLogoutPageGeneratingFilter@2895106d, org.springframework.security.web.savedrequest.RequestCacheAwareFilter@1e3289a8, org.springframework.security.web.servletapi.SecurityContextHolderAwareRequestFilter@315c2c86, org.springframework.security.web.authentication.AnonymousAuthenticationFilter@483aec22, org.springframework.security.web.session.SessionManagementFilter@3fffd1d8, org.springframework.security.web.access.ExceptionTranslationFilter@59f01471, org.springframework.security.web.access.intercept.AuthorizationFilter@6ffea428]] (1/1)
2026-05-22 17:02:37 DEBUG o.s.security.web.FilterChainProxy - Securing GET /oauth2/authorization/google
2026-05-22 17:02:37 TRACE o.s.security.web.FilterChainProxy - Invoking DisableEncodeUrlFilter (1/17)
2026-05-22 17:02:37 TRACE o.s.security.web.FilterChainProxy - Invoking WebAsyncManagerIntegrationFilter (2/17)
2026-05-22 17:02:37 TRACE o.s.security.web.FilterChainProxy - Invoking SecurityContextHolderFilter (3/17)
2026-05-22 17:02:37 TRACE o.s.security.web.FilterChainProxy - Invoking HeaderWriterFilter (4/17)
2026-05-22 17:02:37 TRACE o.s.security.web.FilterChainProxy - Invoking CorsFilter (5/17)
2026-05-22 17:02:37 TRACE o.s.security.web.FilterChainProxy - Invoking LogoutFilter (6/17)
2026-05-22 17:02:37 TRACE o.s.s.w.a.logout.LogoutFilter - Did not match request to Or [Ant [pattern='/logout', GET], Ant [pattern='/logout', POST], Ant [pattern='/logout', PUT], Ant [pattern='/logout', DELETE]]
2026-05-22 17:02:37 TRACE o.s.security.web.FilterChainProxy - Invoking OAuth2AuthorizationRequestRedirectFilter (7/17)
2026-05-22 17:02:37 DEBUG o.s.s.web.DefaultRedirectStrategy - Redirecting to https://accounts.google.com/o/oauth2/v2/auth?response_type=code&client_id=600473531643-oi3n07dnckl59ckqltksq55ggm0hpjm1.apps.googleusercontent.com&scope=openid%20profile%20email&state=oFsV-Nhztd_pImVSfM3MZYNyQRlT9tXQlI18hONEQ04%3D&redirect_uri=http://localhost:8282/authService/login/oauth2/code/google&nonce=NGc0B5MtnJgDulsYrntswPOmPDLzn6dYmLzHfHluSkk
2026-05-22 17:02:37 TRACE o.s.s.w.h.writers.HstsHeaderWriter - Not injecting HSTS header since it did not match request to [Is Secure]
2026-05-22 17:02:37 TRACE o.s.security.web.FilterChainProxy - Trying to match request against DefaultSecurityFilterChain [RequestMatcher=any request, Filters=[org.springframework.security.web.session.DisableEncodeUrlFilter@73cfe7b, org.springframework.security.web.context.request.async.WebAsyncManagerIntegrationFilter@73c22dd2, org.springframework.security.web.context.SecurityContextHolderFilter@62f04603, org.springframework.security.web.header.HeaderWriterFilter@839b559, org.springframework.web.filter.CorsFilter@a95dc02, org.springframework.security.web.authentication.logout.LogoutFilter@51adc5e7, org.springframework.security.oauth2.client.web.OAuth2AuthorizationRequestRedirectFilter@501cd9af, org.springframework.security.oauth2.client.web.OAuth2LoginAuthenticationFilter@4386f187, com.utiitsl.DMSAuthService.config.auth.JwtAuthFilter@51b29539, org.springframework.security.web.authentication.ui.DefaultLoginPageGeneratingFilter@3f756df8, org.springframework.security.web.authentication.ui.DefaultLogoutPageGeneratingFilter@2895106d, org.springframework.security.web.savedrequest.RequestCacheAwareFilter@1e3289a8, org.springframework.security.web.servletapi.SecurityContextHolderAwareRequestFilter@315c2c86, org.springframework.security.web.authentication.AnonymousAuthenticationFilter@483aec22, org.springframework.security.web.session.SessionManagementFilter@3fffd1d8, org.springframework.security.web.access.ExceptionTranslationFilter@59f01471, org.springframework.security.web.access.intercept.AuthorizationFilter@6ffea428]] (1/1)
2026-05-22 17:02:37 DEBUG o.s.security.web.FilterChainProxy - Securing GET /login/oauth2/code/google?state=oFsV-Nhztd_pImVSfM3MZYNyQRlT9tXQlI18hONEQ04%3D&iss=https%3A%2F%2Faccounts.google.com&code=4%2F0AeoWuM_dHfGPRxnT_JkU8UQNVHdOkdcby6gNdEFXDG1KmXtgS8pV29u-X4GLTnfT903ElA&scope=email+profile+https%3A%2F%2Fwww.googleapis.com%2Fauth%2Fuserinfo.email+openid+https%3A%2F%2Fwww.googleapis.com%2Fauth%2Fuserinfo.profile&authuser=0&prompt=none
2026-05-22 17:02:37 TRACE o.s.security.web.FilterChainProxy - Invoking DisableEncodeUrlFilter (1/17)
2026-05-22 17:02:37 TRACE o.s.security.web.FilterChainProxy - Invoking WebAsyncManagerIntegrationFilter (2/17)
2026-05-22 17:02:37 TRACE o.s.security.web.FilterChainProxy - Invoking SecurityContextHolderFilter (3/17)
2026-05-22 17:02:37 TRACE o.s.security.web.FilterChainProxy - Invoking HeaderWriterFilter (4/17)
2026-05-22 17:02:37 TRACE o.s.security.web.FilterChainProxy - Invoking CorsFilter (5/17)
2026-05-22 17:02:37 TRACE o.s.security.web.FilterChainProxy - Invoking LogoutFilter (6/17)
2026-05-22 17:02:37 TRACE o.s.s.w.a.logout.LogoutFilter - Did not match request to Or [Ant [pattern='/logout', GET], Ant [pattern='/logout', POST], Ant [pattern='/logout', PUT], Ant [pattern='/logout', DELETE]]
2026-05-22 17:02:37 TRACE o.s.security.web.FilterChainProxy - Invoking OAuth2AuthorizationRequestRedirectFilter (7/17)
2026-05-22 17:02:37 TRACE o.s.security.web.FilterChainProxy - Invoking OAuth2LoginAuthenticationFilter (8/17)
2026-05-22 17:02:37 TRACE o.s.s.authentication.ProviderManager - Authenticating request with OAuth2LoginAuthenticationProvider (1/4)
2026-05-22 17:02:37 TRACE o.s.s.authentication.ProviderManager - Authenticating request with OidcAuthorizationCodeAuthenticationProvider (2/4)
2026-05-22 17:02:38 TRACE o.s.s.w.a.s.CompositeSessionAuthenticationStrategy - Preparing session with ChangeSessionIdAuthenticationStrategy (1/1)
2026-05-22 17:02:38 DEBUG o.s.s.w.a.s.ChangeSessionIdAuthenticationStrategy - Changed session id from 9AE830D26CB3857F1B9641E1DA2F031D
2026-05-22 17:02:38 DEBUG o.s.s.o.c.w.OAuth2LoginAuthenticationFilter - Set SecurityContextHolder to OAuth2AuthenticationToken [Principal=Name: [106355568675083849667], Granted Authorities: [[OIDC_USER, SCOPE_https://www.googleapis.com/auth/userinfo.email, SCOPE_https://www.googleapis.com/auth/userinfo.profile, SCOPE_openid]], User Attributes: [{at_hash=xUwBssQd5O7KpP6RiChf5Q, sub=106355568675083849667, email_verified=true, iss=https://accounts.google.com, given_name=Tanveer, nonce=NGc0B5MtnJgDulsYrntswPOmPDLzn6dYmLzHfHluSkk, picture=https://lh3.googleusercontent.com/a/ACg8ocJ-g6PRiU-MR-VpZ0qO_fRj5cJmhFj5Vg7aowVeawJwi8IrUA=s96-c, aud=[600473531643-oi3n07dnckl59ckqltksq55ggm0hpjm1.apps.googleusercontent.com], azp=600473531643-oi3n07dnckl59ckqltksq55ggm0hpjm1.apps.googleusercontent.com, name=Tanveer, exp=2026-05-22T12:32:38Z, iat=2026-05-22T11:32:38Z, email=mdtanveer3314@gmail.com}], Credentials=[PROTECTED], Authenticated=true, Details=WebAuthenticationDetails [RemoteIpAddress=0:0:0:0:0:0:0:1, SessionId=9AE830D26CB3857F1B9641E1DA2F031D], Granted Authorities=[OIDC_USER, SCOPE_https://www.googleapis.com/auth/userinfo.email, SCOPE_https://www.googleapis.com/auth/userinfo.profile, SCOPE_openid]]
2026-05-22 17:02:42 TRACE o.s.s.w.h.writers.HstsHeaderWriter - Not injecting HSTS header since it did not match request to [Is Secure]
2026-05-22 17:02:59 TRACE o.s.security.web.FilterChainProxy - Trying to match request against DefaultSecurityFilterChain [RequestMatcher=any request, Filters=[org.springframework.security.web.session.DisableEncodeUrlFilter@73cfe7b, org.springframework.security.web.context.request.async.WebAsyncManagerIntegrationFilter@73c22dd2, org.springframework.security.web.context.SecurityContextHolderFilter@62f04603, org.springframework.security.web.header.HeaderWriterFilter@839b559, org.springframework.web.filter.CorsFilter@a95dc02, org.springframework.security.web.authentication.logout.LogoutFilter@51adc5e7, org.springframework.security.oauth2.client.web.OAuth2AuthorizationRequestRedirectFilter@501cd9af, org.springframework.security.oauth2.client.web.OAuth2LoginAuthenticationFilter@4386f187, com.utiitsl.DMSAuthService.config.auth.JwtAuthFilter@51b29539, org.springframework.security.web.authentication.ui.DefaultLoginPageGeneratingFilter@3f756df8, org.springframework.security.web.authentication.ui.DefaultLogoutPageGeneratingFilter@2895106d, org.springframework.security.web.savedrequest.RequestCacheAwareFilter@1e3289a8, org.springframework.security.web.servletapi.SecurityContextHolderAwareRequestFilter@315c2c86, org.springframework.security.web.authentication.AnonymousAuthenticationFilter@483aec22, org.springframework.security.web.session.SessionManagementFilter@3fffd1d8, org.springframework.security.web.access.ExceptionTranslationFilter@59f01471, org.springframework.security.web.access.intercept.AuthorizationFilter@6ffea428]] (1/1)
2026-05-22 17:02:59 DEBUG o.s.security.web.FilterChainProxy - Securing GET /oauth2/authorization/google
2026-05-22 17:02:59 TRACE o.s.security.web.FilterChainProxy - Invoking DisableEncodeUrlFilter (1/17)
2026-05-22 17:02:59 TRACE o.s.security.web.FilterChainProxy - Invoking WebAsyncManagerIntegrationFilter (2/17)
2026-05-22 17:02:59 TRACE o.s.security.web.FilterChainProxy - Invoking SecurityContextHolderFilter (3/17)
2026-05-22 17:02:59 TRACE o.s.security.web.FilterChainProxy - Invoking HeaderWriterFilter (4/17)
2026-05-22 17:02:59 TRACE o.s.security.web.FilterChainProxy - Invoking CorsFilter (5/17)
2026-05-22 17:02:59 TRACE o.s.security.web.FilterChainProxy - Invoking LogoutFilter (6/17)
2026-05-22 17:02:59 TRACE o.s.s.w.a.logout.LogoutFilter - Did not match request to Or [Ant [pattern='/logout', GET], Ant [pattern='/logout', POST], Ant [pattern='/logout', PUT], Ant [pattern='/logout', DELETE]]
2026-05-22 17:02:59 TRACE o.s.security.web.FilterChainProxy - Invoking OAuth2AuthorizationRequestRedirectFilter (7/17)
2026-05-22 17:02:59 DEBUG o.s.s.web.DefaultRedirectStrategy - Redirecting to https://accounts.google.com/o/oauth2/v2/auth?response_type=code&client_id=600473531643-oi3n07dnckl59ckqltksq55ggm0hpjm1.apps.googleusercontent.com&scope=openid%20profile%20email&state=HTld0mwy6Rk87qjSf86N4nqvaFugrHzdM4sa1QHCDwM%3D&redirect_uri=http://localhost:8282/authService/login/oauth2/code/google&nonce=vtaI_ECfrlapBpMOXRd88xi8YbSSN-o1vCRGT9qojac
2026-05-22 17:02:59 TRACE o.s.s.w.h.writers.HstsHeaderWriter - Not injecting HSTS header since it did not match request to [Is Secure]
2026-05-22 17:03:57 TRACE o.s.security.web.FilterChainProxy - Trying to match request against DefaultSecurityFilterChain [RequestMatcher=any request, Filters=[org.springframework.security.web.session.DisableEncodeUrlFilter@73cfe7b, org.springframework.security.web.context.request.async.WebAsyncManagerIntegrationFilter@73c22dd2, org.springframework.security.web.context.SecurityContextHolderFilter@62f04603, org.springframework.security.web.header.HeaderWriterFilter@839b559, org.springframework.web.filter.CorsFilter@a95dc02, org.springframework.security.web.authentication.logout.LogoutFilter@51adc5e7, org.springframework.security.oauth2.client.web.OAuth2AuthorizationRequestRedirectFilter@501cd9af, org.springframework.security.oauth2.client.web.OAuth2LoginAuthenticationFilter@4386f187, com.utiitsl.DMSAuthService.config.auth.JwtAuthFilter@51b29539, org.springframework.security.web.authentication.ui.DefaultLoginPageGeneratingFilter@3f756df8, org.springframework.security.web.authentication.ui.DefaultLogoutPageGeneratingFilter@2895106d, org.springframework.security.web.savedrequest.RequestCacheAwareFilter@1e3289a8, org.springframework.security.web.servletapi.SecurityContextHolderAwareRequestFilter@315c2c86, org.springframework.security.web.authentication.AnonymousAuthenticationFilter@483aec22, org.springframework.security.web.session.SessionManagementFilter@3fffd1d8, org.springframework.security.web.access.ExceptionTranslationFilter@59f01471, org.springframework.security.web.access.intercept.AuthorizationFilter@6ffea428]] (1/1)
2026-05-22 17:03:57 DEBUG o.s.security.web.FilterChainProxy - Securing GET /oauth2/authorization/google
2026-05-22 17:03:57 TRACE o.s.security.web.FilterChainProxy - Invoking DisableEncodeUrlFilter (1/17)
2026-05-22 17:03:57 TRACE o.s.security.web.FilterChainProxy - Invoking WebAsyncManagerIntegrationFilter (2/17)
2026-05-22 17:03:57 TRACE o.s.security.web.FilterChainProxy - Invoking SecurityContextHolderFilter (3/17)
2026-05-22 17:03:57 TRACE o.s.security.web.FilterChainProxy - Invoking HeaderWriterFilter (4/17)
2026-05-22 17:03:57 TRACE o.s.security.web.FilterChainProxy - Invoking CorsFilter (5/17)
2026-05-22 17:03:57 TRACE o.s.security.web.FilterChainProxy - Invoking LogoutFilter (6/17)
2026-05-22 17:03:57 TRACE o.s.s.w.a.logout.LogoutFilter - Did not match request to Or [Ant [pattern='/logout', GET], Ant [pattern='/logout', POST], Ant [pattern='/logout', PUT], Ant [pattern='/logout', DELETE]]
2026-05-22 17:03:57 TRACE o.s.security.web.FilterChainProxy - Invoking OAuth2AuthorizationRequestRedirectFilter (7/17)
2026-05-22 17:03:57 DEBUG o.s.s.web.DefaultRedirectStrategy - Redirecting to https://accounts.google.com/o/oauth2/v2/auth?response_type=code&client_id=600473531643-oi3n07dnckl59ckqltksq55ggm0hpjm1.apps.googleusercontent.com&scope=openid%20profile%20email&state=Vc4j95ICV_eX4PBTrzFObh0jGu1U_qP3t6tXAhaZzI4%3D&redirect_uri=http://localhost:8282/authService/login/oauth2/code/google&nonce=uRM3VFBKTdRqSTA8rxIRoXIyFdVpVNHQ3tc-nqpUlYo
2026-05-22 17:03:57 TRACE o.s.s.w.h.writers.HstsHeaderWriter - Not injecting HSTS header since it did not match request to [Is Secure]
